"Date","10 year note Current 1M Forward Yield","10 year note Current 3M Forward Yield","10 year note Current 6M Forward Yield","10 year note Current Mid Price","Libor 10 Years Mid Rate","Libor 2 Years Mid Rate","2 year note Current Mid Yield"
11-Jan-18,2.54278,2.57019,2.60435,97.57031,2.5203,2.16601,1.97048
12-Jan-18,2.56343,2.59128,2.62604,97.39844,2.542,2.19584,1.99964
16-Jan-18,2.5561,2.58381,2.61835,97.46094,2.54596,2.2176,2.01623
17-Jan-18,2.58957,2.61794,2.65349,97.17969,2.58277,2.2441,2.04109
18-Jan-18,2.62667,2.65293,2.68877,96.89844,2.61857,2.2487,2.04131
19-Jan-18,2.65498,2.68183,2.7185,96.66406,2.67545,2.26315,2.05853
22-Jan-18,2.67945,2.70677,2.74419,96.46094,2.70833,2.27264,2.07121
23-Jan-18,2.63585,2.66119,2.70104,96.80469,2.6476,2.24383,2.05742
24-Jan-18,2.66878,2.69227,2.72091,96.53906,2.67793,2.26351,2.08217
25-Jan-18,2.63518,2.65803,2.68562,96.82031,2.63981,2.26891,2.08217
26-Jan-18,2.67621,2.7004,2.72923,96.47656,2.68224,2.30319,2.1183
29-Jan-18,2.71248,2.73794,2.76789,96.17188,2.7186,2.31139,2.12232
30-Jan-18,2.73876,2.76331,2.79373,95.94531,2.74462,2.31627,2.12232
31-Jan-18,2.73367,2.75767,2.7879,95.99219,2.74517,2.33235,2.14258
01-Feb-18,2.78842,2.81484,2.84987,95.55469,2.80432,2.35433,2.15888
02-Feb-18,2.87057,2.89705,2.9376,94.89844,2.88288,2.37567,2.15139
05-Feb-18,2.8115,2.8368,2.8755,95.38281,2.81049,2.31754,2.08276
06-Feb-18,2.7831,2.80783,2.84565,95.61719,2.79243,2.32823,2.08894
07-Feb-18,2.83672,2.85943,2.88991,99.32896,2.85511,2.3559,2.13166
08-Feb-18,2.85827,2.88108,2.91248,99.14844,2.86848,2.36707,2.13183
09-Feb-18,2.84125,2.86392,2.89503,99.30469,2.83659,2.32899,2.0589
12-Feb-18,2.86514,2.88801,2.91922,99.10156,2.86277,2.35364,2.0753
13-Feb-18,2.85102,2.87319,2.90421,99.22656,2.84565,2.3604,2.10402
14-Feb-18,2.94048,2.98189,3.02003,98.60156,2.926,2.43518,2.16976
15-Feb-18,2.92025,2.96127,2.99876,98.77344,2.90611,2.4616,2.18232
16-Feb-18,2.90497,2.94677,2.98149,98.91406,2.89355,2.45694,2.18741
20-Feb-18,2.92157,2.96372,2.99896,98.77344,2.90735,2.49024,2.25869
21-Feb-18,2.96965,3.00985,3.04954,98.36719,2.96719,2.53172,2.26808
22-Feb-18,2.94291,2.97929,3.01872,98.57812,2.93147,2.5063,2.25201
23-Feb-18,2.89534,2.9326,2.96824,98.96094,2.8756,2.48483,2.23996
26-Feb-18,2.88249,2.91951,2.95472,99.07031,2.85909,2.49441,2.22791
27-Feb-18,2.93476,2.97084,3.00818,98.64844,2.92207,2.5458,2.26406
28-Feb-18,2.89242,2.92733,2.96612,98.99219,2.88059,2.53545,2.26004
01-Mar-18,2.82629,2.84316,2.89499,99.55469,2.8089,2.46266,2.20368
02-Mar-18,2.88098,2.91469,2.95305,99.08594,2.86616,2.4879,2.23576
05-Mar-18,2.90038,2.93581,2.97638,98.89844,2.88697,2.50759,2.23978
06-Mar-18,2.89806,2.9294,2.96667,98.91406,2.89118,2.52285,2.2438
07-Mar-18,2.90314,2.9351,2.97254,98.86719,2.90169,2.53607,2.25189
08-Mar-18,2.88629,2.91665,2.95507,99.00781,2.89403,2.54435,2.25188
09-Mar-18,2.91186,2.93975,2.97812,98.77344,2.91798,2.56662,2.26409
12-Mar-18,2.88783,2.91525,2.95284,98.97656,2.89916,2.57831,2.26409
13-Mar-18,2.86569,2.89267,2.92955,99.16406,2.89471,2.58777,2.26
14-Mar-18,2.83212,2.85693,2.89662,99.42969,2.85957,2.5719,2.26
15-Mar-18,2.8395,2.86447,2.90438,99.36719,2.86241,2.58224,2.28463
16-Mar-18,2.86355,2.88903,2.92968,99.16406,2.89283,2.61376,2.29298
19-Mar-18,2.85988,2.88529,2.92582,99.19531,2.88007,2.60071,2.30128
20-Mar-18,2.89389,2.91928,2.95697,98.88281,2.9166,2.64084,2.33444
21-Mar-18,2.91899,2.9449,2.98338,98.67188,2.95184,2.64869,2.31382
22-Mar-18,2.84398,2.86838,2.90447,99.30469,2.87475,2.60902,2.28486
23-Mar-18,2.8385,2.86281,2.8987,99.35156,2.86421,2.59471,2.25999
26-Mar-18,2.85331,2.87792,2.91427,99.22656,2.87274,2.61017,2.31187
27-Mar-18,2.79981,2.82335,2.858,99.67969,2.81111,2.55344,2.27411
28-Mar-18,2.784,2.80547,2.83879,99.79688,2.79614,2.56746,2.28416
29-Mar-18,2.75336,2.77423,2.80656,100.05469,2.77865,2.57951,2.27212
02-Apr-18,2.74053,2.76114,2.79306,100.16406,2.76447,2.55725,2.2439
03-Apr-18,2.79369,2.81364,2.84406,99.72656,2.80793,2.59516,2.28427
04-Apr-18,2.80107,2.82118,2.85182,99.66406,2.82047,2.5999,2.28835
05-Apr-18,2.84359,2.86457,2.89654,99.30469,2.86485,2.62373,2.30459
06-Apr-18,2.78636,2.80619,2.83633,99.78906,2.80567,2.59146,2.27221
09-Apr-18,2.79744,2.8175,2.84797,99.69531,2.80911,2.59198,2.28445
10-Apr-18,2.80853,2.82882,2.85964,99.60156,2.82132,2.61288,2.31305
11-Apr-18,2.80115,2.8213,2.85187,99.66406,2.82398,2.62182,2.30903
12-Apr-18,2.84388,2.86666,2.89863,99.28906,2.8718,2.66276,2.34595
13-Apr-18,2.83951,2.86107,2.89283,99.33594,2.86642,2.68202,2.36687
16-Apr-18,2.84235,2.86108,2.88581,99.30469,2.86128,2.68555,2.37525
17-Apr-18,2.82382,2.84217,2.86631,99.46094,2.84918,2.68333,2.38367
18-Apr-18,2.87776,2.89722,2.92305,99.00781,2.89513,2.71581,2.4252
19-Apr-18,2.92451,2.94493,2.97223,98.61719,2.93761,2.7232,2.43371
20-Apr-18,2.9622,2.98341,3.01186,98.30469,2.98492,2.73942,2.45524
23-Apr-18,2.98486,3.00654,3.03569,98.11719,2.99981,2.74704,2.47219
24-Apr-18,2.99435,3.01624,3.04568,98.03906,3.00547,2.74117,2.47913
25-Apr-18,3.03605,3.05879,3.08954,97.69531,3.05557,2.76277,2.48578
26-Apr-18,3.00179,3.02409,3.05375,97.97656,3.01936,2.74564,2.48981
27-Apr-18,2.96797,2.98968,3.01823,98.25781,2.9859,2.73565,2.48175
30-Apr-18,2.9477,2.96889,2.99675,98.42969,2.9667,2.74778,2.48591
01-May-18,2.98738,3.00939,3.03849,98.10156,3.00225,2.76515,2.51031
02-May-18,2.9761,2.99789,3.02662,98.19531,2.9961,2.76366,2.49426
03-May-18,2.95728,2.97868,3.00681,98.35156,2.97748,2.74846,2.48224
04-May-18,2.95554,2.97694,3.00497,98.36719,2.97597,2.76835,2.4989
07-May-18,2.96126,2.98278,3.01098,98.32031,2.98752,2.76863,2.49497
08-May-18,2.98022,3.00214,3.03093,98.16406,3.00389,2.77122,2.51144
09-May-18,3.00244,3.02008,3.04378,98.98449,3.03211,2.78412,2.52797
10-May-18,2.97976,2.99633,3.01926,99.17969,3.0142,2.78603,2.53636
11-May-18,2.98072,2.99695,3.02014,99.17969,3.00155,2.75982,2.53695
14-May-18,3.0125,3.03627,3.07272,98.98438,3.01949,2.75425,2.5454
15-May-18,3.09945,3.12645,3.15632,98.26562,3.10797,2.79855,2.58277
16-May-18,3.11536,3.14269,3.17308,98.13281,3.12491,2.81226,2.58717
17-May-18,3.13037,3.15801,3.18888,98.00781,3.13968,2.81381,2.57087
18-May-18,3.08756,3.11437,3.14397,98.36719,3.09727,2.79053,2.54669
21-May-18,3.08574,3.11253,3.14209,98.38281,3.10176,2.80456,2.56772
22-May-18,3.08579,3.11258,3.14216,98.38281,3.09432,2.80567,2.58921
23-May-18,3.0226,3.04815,3.07577,98.91406,3.03656,2.76063,2.5262
24-May-18,2.99586,3.02247,3.05246,99.10156,3.01339,2.74122,2.51007
25-May-18,2.949,2.97472,3.00099,99.49219,2.97158,2.70639,2.48187
29-May-18,2.78075,2.80313,2.82414,100.92969,2.80499,2.55788,2.31508
30-May-18,2.85773,2.8796,2.89797,100.27344,2.8808,2.65193,2.40945
31-May-18,2.83508,2.85572,2.87341,100.46094,2.87271,2.67365,2.4093
01-Jun-18,2.90831,2.93045,2.95046,99.83594,2.94653,2.73117,2.4655
04-Jun-18,2.9507,2.9737,2.99504,99.47656,2.99229,2.77161,2.50598
05-Jun-18,2.93128,2.95031,2.97257,99.63281,2.97514,2.75649,2.48972
06-Jun-18,2.98763,3.00728,3.03287,99.14844,3.03189,2.78654,2.51816
07-Jun-18,2.9441,2.96235,2.98661,99.50781,2.991,2.77532,2.50187
08-Jun-18,2.9455,2.96429,2.98867,99.49219,2.99535,2.77511,2.49364
11-Jun-18,2.96723,2.98697,3.01207,99.30469,3.01862,2.80048,2.52637
12-Jun-18,2.96725,2.987,3.01211,99.30469,3.01741,2.80653,2.5387
13-Jun-18,2.9888,3.00745,3.03246,99.11719,3.03952,2.84227,2.57778
14-Jun-18,2.95543,2.9734,2.9974,99.39844,3.00775,2.84067,2.57169
15-Jun-18,2.93326,2.9508,2.97416,99.58594,2.98453,2.82281,2.55126
18-Jun-18,2.93419,2.95176,2.97517,99.57812,2.9892,2.82022,2.55545
19-Jun-18,2.90094,2.91784,2.94023,99.85938,2.95874,2.80466,2.54308
20-Jun-18,2.93699,2.95463,2.97816,99.55469,2.98834,2.81887,2.55972
21-Jun-18,2.90464,2.92163,2.94417,99.82812,2.96008,2.80658,2.53901
22-Jun-18,2.90927,2.92637,2.94912,99.78906,2.96462,2.81051,2.54746
25-Jun-18,2.88343,2.9,2.92196,100.00781,2.94142,2.79008,2.52663
26-Jun-18,2.88896,2.90566,2.92781,99.96094,2.9469,2.79279,2.5412
27-Jun-18,2.83556,2.85118,2.87168,100.41406,2.89902,2.76224,2.50201
28-Jun-18,2.85578,2.87181,2.89296,100.24219,2.91775,2.78479,2.51813
29-Jun-18,2.85899,2.87556,2.89717,100.21094,2.92513,2.78939,2.52622
02-Jul-18,2.87559,2.8925,2.91466,100.07031,2.94407,2.80985,2.55053
03-Jul-18,2.84607,2.8624,2.88366,100.32031,2.9148,2.79344,2.53032
05-Jul-18,2.8479,2.86427,2.88561,100.30469,2.91917,2.81325,2.5588
06-Jul-18,2.83866,2.85486,2.87596,100.38281,2.91004,2.79619,2.54265
09-Jul-18,2.86818,2.88498,2.90704,100.13281,2.93924,2.81505,2.55904
10-Jul-18,2.88113,2.89819,2.92068,100.02344,2.9495,2.8337,2.59186
11-Jul-18,2.85154,2.86802,2.88959,100.27344,2.9153,2.81578,2.57556
12-Jul-18,2.86077,2.87744,2.89933,100.19531,2.9219,2.82635,2.59207
13-Jul-18,2.83807,2.85328,2.87606,100.38281,2.89728,2.8079,2.58001
16-Jul-18,2.86302,2.87873,2.90232,100.17188,2.91583,2.82706,2.60075
17-Jul-18,2.86949,2.88534,2.90916,100.11719,2.92588,2.83733,2.61329
18-Jul-18,2.88247,2.89858,2.92284,100.00781,2.94138,2.83619,2.60928
19-Jul-18,2.85467,2.87023,2.89362,100.24219,2.91503,2.82347,2.59281
20-Jul-18,2.90106,2.91756,2.9425,99.85156,2.95468,2.82899,2.59731
23-Jul-18,2.97388,2.99186,3.01915,99.24219,3.01804,2.85635,2.6308
24-Jul-18,2.95892,2.97661,3.00344,99.36719,3.00315,2.85009,2.64889
25-Jul-18,2.94398,2.95981,2.98457,99.49219,2.98851,2.84822,2.65528
26-Jul-18,2.98333,2.99997,3.02601,99.16406,3.02365,2.87489,2.68355
27-Jul-18,2.97027,2.98666,3.01234,99.27344,3.01826,2.87784,2.67547
30-Jul-18,2.98344,3.0001,3.02622,99.16406,3.03754,2.87678,2.66739
31-Jul-18,2.97219,2.98863,3.01442,99.25781,3.02889,2.88099,2.66742
01-Aug-18,3.01172,3.02896,3.05604,98.92969,3.07058,2.89652,2.67961
02-Aug-18,2.99532,3.01171,3.03827,99.07031,3.05626,2.88322,2.66343
03-Aug-18,2.96156,2.97728,3.00282,99.35156,3.02529,2.86668,2.64317
06-Aug-18,2.94657,2.96199,2.98707,99.47656,3.00923,2.86441,2.64724
07-Aug-18,2.98228,2.99843,3.02468,99.17969,3.03441,2.88061,2.67174
08-Aug-18,2.97244,2.98697,3.00416,99.22424,3.02394,2.86918,2.67178
09-Aug-18,2.94122,2.95511,2.97129,99.49219,2.99277,2.84661,2.65136
10-Aug-18,2.86524,2.87752,2.89185,100.14844,2.91905,2.78437,2.59803
13-Aug-18,2.88374,2.89606,2.91123,99.99219,2.93585,2.79628,2.6103
14-Aug-18,2.90209,2.91493,2.92941,99.83594,2.96022,2.82644,2.63084
15-Aug-18,2.86363,2.88009,2.89952,100.21094,2.9155,2.79462,2.60198
16-Aug-18,2.88435,2.90055,2.92063,100.03906,2.93794,2.8233,2.61843
17-Aug-18,2.88617,2.90243,2.92261,100.02344,2.94344,2.82248,2.61834
20-Aug-18,2.83519,2.85034,2.86895,100.46094,2.89664,2.7889,2.58928
21-Aug-18,2.85603,2.87263,2.89194,100.27344,2.91329,2.80356,2.60583
22-Aug-18,2.83406,2.85125,2.86992,100.45312,2.89499,2.78671,2.5933
23-Aug-18,2.83131,2.84845,2.86706,100.47656,2.89226,2.79206,2.6099
24-Aug-18,2.83724,2.854,2.87283,100.42969,2.90012,2.80872,2.62652
27-Aug-18,2.86095,2.87819,2.89778,100.22656,2.92619,2.82566,2.64952
28-Aug-18,2.89498,2.91078,2.92476,99.92969,2.95569,2.83905,2.66335
29-Aug-18,2.89315,2.90891,2.9226,99.94531,2.9566,2.85021,2.67547
30-Aug-18,2.87077,2.88543,2.8962,100.13281,2.93456,2.83965,2.65124
31-Aug-18,2.86343,2.87796,2.8901,100.19531,2.92218,2.81902,2.62693
04-Sep-18,2.91568,2.93227,2.94985,99.77344,2.96627,2.84387,2.65536
05-Sep-18,2.91446,2.93123,2.94681,99.77344,2.9624,2.83557,2.65131
06-Sep-18,2.88823,2.9,2.91673,99.99219,2.93708,2.82643,2.63909
07-Sep-18,2.95264,2.96694,2.98651,99.42969,3.00535,2.89171,2.7046
10-Sep-18,2.9471,2.9613,2.98072,99.47656,2.99732,2.8966,2.71289
11-Sep-18,2.98876,3.00403,3.02554,99.11719,3.04571,2.93288,2.74794
12-Sep-18,2.97109,2.98702,3.00343,99.25781,3.02878,2.92414,2.74602
13-Sep-18,2.97272,2.98743,3.00542,99.24219,3.03228,2.93208,2.75442
14-Sep-18,3.00105,3.01784,3.03681,98.99219,3.06069,2.95552,2.77975
17-Sep-18,3.00853,3.02547,3.04469,98.92969,3.06545,2.94947,2.78409
18-Sep-18,3.05527,3.07315,3.09383,98.53906,3.10425,2.95617,2.79676
19-Sep-18,3.09121,3.10652,3.13136,98.24219,3.13813,2.97253,2.8053
20-Sep-18,3.08488,3.0993,3.12551,98.28906,3.14265,2.99039,2.80553
21-Sep-18,3.07636,3.0914,3.11586,98.36719,3.1263,2.97816,2.80204
24-Sep-18,3.08581,3.10103,3.12581,98.28906,3.13076,2.9817,2.82433
25-Sep-18,3.11034,3.12606,3.15162,98.08594,3.15613,3.00343,2.84103
26-Sep-18,3.06898,3.08388,3.10355,98.42969,3.11968,2.99348,2.82484
27-Sep-18,3.06339,3.07818,3.09769,98.47656,3.11578,2.99839,2.83293
28-Sep-18,3.06381,3.0786,3.09817,98.47656,3.11471,2.98528,2.8168
01-Oct-18,3.08833,3.10361,3.12396,98.27344,3.13272,2.99121,2.82092
02-Oct-18,3.0639,3.07869,3.09831,98.47656,3.10964,2.98389,2.81286
03-Oct-18,3.16984,3.18676,3.20969,97.60156,3.20577,3.01997,2.85771
04-Oct-18,3.20323,3.22083,3.24482,97.32812,3.23779,3.05242,2.87823
05-Oct-18,3.237,3.2553,3.28043,97.05469,3.26615,3.06222,2.88702
09-Oct-18,3.21795,3.23587,3.26043,97.21094,3.25468,3.06688,2.88718
10-Oct-18,3.23526,3.25353,3.27865,97.07031,3.2679,3.06438,2.87911
11-Oct-18,3.13919,3.15633,3.1785,97.85156,3.1787,3.03252,2.83809
12-Oct-18,3.14888,3.16623,3.18877,97.77344,3.18345,3.03132,2.83838
15-Oct-18,3.1718,3.18962,3.21289,97.58594,3.20984,3.05826,2.85917
16-Oct-18,3.16425,3.18192,3.20497,97.64844,3.21338,3.05893,2.86344
17-Oct-18,3.18721,3.20535,3.22915,97.46094,3.24269,3.07529,2.88019
18-Oct-18,3.18347,3.20154,3.22523,97.49219,3.24403,3.0953,2.87202
19-Oct-18,3.21048,3.22911,3.25372,97.27344,3.26814,3.11359,2.91006
22-Oct-18,3.2029,3.22138,3.24578,97.33594,3.25675,3.10152,2.91026
23-Oct-18,3.17428,3.19219,3.21571,97.57031,3.23205,3.07561,2.88901
24-Oct-18,3.13239,3.14946,3.17169,97.91406,3.19181,3.05333,2.85274
25-Oct-18,3.14388,3.16119,3.1838,97.82031,3.19712,3.06607,2.86084
26-Oct-18,3.08322,3.09932,3.12009,98.32031,3.1369,3.01416,2.80827
29-Oct-18,3.0937,3.11002,3.13115,98.23438,3.1524,3.02026,2.81635
30-Oct-18,3.11723,3.13433,3.15593,98.03906,3.17719,3.03521,2.84061
31-Oct-18,3.16689,3.18501,3.20818,97.63281,3.22519,3.07516,2.87294
01-Nov-18,3.15167,3.16949,3.1922,97.75781,3.21025,3.06754,2.85263
02-Nov-18,3.22283,3.24213,3.26712,97.17969,3.27331,3.11239,2.90951
05-Nov-18,3.20703,3.22652,3.25106,97.30469,3.25934,3.10241,2.90953
06-Nov-18,3.21829,3.23298,3.25105,99.2609,3.26939,3.11712,2.93
07-Nov-18,3.2197,3.24014,3.26534,99.25781,3.27079,3.12899,2.94643
08-Nov-18,3.23865,3.25949,3.28527,99.10156,3.28476,3.15136,2.96703
09-Nov-18,3.19628,3.20962,3.22624,99.46094,3.24711,3.12365,2.93028
13-Nov-18,3.15287,3.17199,3.19499,99.83594,3.20284,3.08161,2.89318
14-Nov-18,3.12923,3.14279,3.16032,100.05469,3.18106,3.05277,2.86014
15-Nov-18,3.12738,3.1409,3.15836,100.07031,3.18176,3.05545,2.86009
16-Nov-18,3.08307,3.09569,3.11173,100.44531,3.13533,3.0027,2.81017
19-Nov-18,3.0674,3.07971,3.09525,100.57812,3.11467,2.97282,2.781
20-Nov-18,3.05727,3.06938,3.08459,100.66406,3.11358,2.98291,2.79332
21-Nov-18,3.07011,3.08248,3.09806,100.55469,3.12613,3.00318,2.80972
23-Nov-18,3.06268,3.07492,3.09022,100.61719,3.1164,2.99622,2.81776
26-Nov-18,3.07925,3.09183,3.10763,100.47656,3.13031,3.01721,2.82858
27-Nov-18,3.06682,3.07941,3.09713,100.58594,3.10878,3.00676,2.82888
28-Nov-18,3.05391,3.06598,3.08354,100.69531,3.08323,2.97322,2.80358
29-Nov-18,3.04488,3.05632,3.0739,100.77344,3.07682,2.98258,2.81168
30-Nov-18,3.02288,3.03375,3.05073,100.96094,3.05621,2.97859,2.80981
03-Dec-18,3.00108,3.01126,3.02752,101.14844,3.04802,3.00579,2.83225
04-Dec-18,2.93152,2.94034,2.95435,101.74219,2.9841,2.97444,2.80998
06-Dec-18,2.88418,2.89208,2.90457,102.14844,2.94344,2.92748,2.75696
07-Dec-18,2.8563,2.8645,2.87764,102.36719,2.90181,2.86873,2.70983
10-Dec-18,2.86167,2.86998,2.88327,102.32031,2.88351,2.85026,2.72614
11-Dec-18,2.88599,2.89507,2.90524,102.10156,2.91108,2.88928,2.77126
12-Dec-18,2.91142,2.921,2.93196,101.88281,2.94089,2.90383,2.76921
13-Dec-18,2.91581,2.92652,2.93764,101.83594,2.94525,2.90007,2.75789
14-Dec-18,2.89248,2.90103,2.9113,102.02344,2.92243,2.87883,2.72994
17-Dec-18,2.86019,2.86759,2.8768,102.30469,2.89121,2.84519,2.69887
18-Dec-18,2.82567,2.83239,2.84049,102.60156,2.8421,2.78546,2.65118
19-Dec-18,2.77772,2.7835,2.79007,103.01562,2.80353,2.78414,2.64171
20-Dec-18,2.79116,2.79721,2.80419,102.89844,2.82544,2.81281,2.6685
21-Dec-18,2.79452,2.80064,2.80768,102.86719,2.83254,2.79274,2.64207
24-Dec-18,2.75375,2.75908,2.76479,103.21875,2.77335,2.72344,2.58436
26-Dec-18,2.79996,2.80744,2.81934,102.82031,2.81372,2.73836,2.60691
27-Dec-18,2.74359,2.74577,2.76135,103.29688,2.76069,2.67937,2.54636
28-Dec-18,2.7388,2.74089,2.74437,103.33594,2.75577,2.67513,2.53426
31-Dec-18,2.69233,2.69547,2.69751,103.74219,2.72043,2.6623,2.49491
02-Jan-19,2.66177,2.66431,2.66538,104.00781,2.69176,2.67478,2.50297
03-Jan-19,2.55335,2.55501,2.55581,104.96094,2.56993,2.54042,2.38665
04-Jan-19,2.65978,2.66353,2.66762,104.02344,2.68825,2.63809,2.4846
07-Jan-19,2.68296,2.68718,2.69198,103.82031,2.70713,2.66194,2.52325
08-Jan-19,2.71702,2.7219,2.72776,103.52344,2.74231,2.71832,2.58248
09-Jan-19,2.72953,2.73467,2.7409,103.41406,2.75145,2.71117,2.56211
10-Jan-19,2.73304,2.73825,2.74458,103.38281,2.75421,2.7128,2.56423
11-Jan-19,2.70029,2.70486,2.71012,103.66406,2.72296,2.69561,2.54285
14-Jan-19,2.71121,2.71182,2.71418,103.57031,2.73361,2.69745,2.53363
15-Jan-19,2.7094,2.70988,2.71217,103.58594,2.73557,2.69355,2.52747
16-Jan-19,2.73096,2.73217,2.73481,103.39844,2.75935,2.70676,2.54606
17-Jan-19,2.75071,2.75417,2.75371,103.24219,2.77825,2.72145,2.56161
18-Jan-19,2.785,2.78686,2.7908,102.92969,2.81395,2.76646,2.61076
22-Jan-19,2.73389,2.73465,2.73729,103.36719,2.76232,2.72188,2.57548
23-Jan-19,2.75736,2.75889,2.76194,103.16406,2.78439,2.74156,2.59017
24-Jan-19,2.7138,2.71446,2.71614,103.53906,2.74236,2.71173,2.56104
25-Jan-19,2.75337,2.75482,2.75768,103.19531,2.78152,2.73748,2.599
28-Jan-19,2.74571,2.74823,2.74994,103.25781,2.77055,2.72359,2.58947
29-Jan-19,2.71292,2.71486,2.71553,103.53906,2.74071,2.70582,2.56754
30-Jan-19,2.69648,2.69811,2.69955,103.67969,2.72213,2.67138,2.52519
31-Jan-19,2.63515,2.63552,2.63563,104.21094,2.65862,2.60822,2.46066
01-Feb-19,2.69385,2.70157,2.69524,103.71094,2.718,2.65358,2.50802
04-Feb-19,2.72492,2.72714,2.72877,103.42969,2.7464,2.67401,2.53134
05-Feb-19,2.70489,2.7067,2.70768,103.60156,2.7278,2.66776,2.5212
06-Feb-19,2.70258,2.70416,2.70712,99.33253,2.72293,2.66891,2.52324
07-Feb-19,2.65252,2.6531,2.65452,99.76562,2.67805,2.62232,2.47845
08-Feb-19,2.63188,2.63202,2.6328,99.94531,2.65611,2.60415,2.46196
11-Feb-19,2.66078,2.66202,2.66433,99.69531,2.68364,2.62367,2.48849
12-Feb-19,2.68443,2.68604,2.68848,99.49219,2.70571,2.6375,2.5028
13-Feb-19,2.70625,2.70827,2.71139,99.30469,2.72769,2.67166,2.53771
14-Feb-19,2.65971,2.66055,2.66373,99.71094,2.68661,2.63547,2.49455
15-Feb-19,2.66988,2.66795,2.6713,99.64844,2.69392,2.6512,2.51926
19-Feb-19,2.64817,2.64581,2.64847,99.83594,2.66877,2.61871,2.49856
20-Feb-19,2.6554,2.65319,2.65606,99.77344,2.67205,2.61199,2.49958
21-Feb-19,2.69123,2.69597,2.69717,99.46094,2.69559,2.62269,2.52759
22-Feb-19,2.65881,2.6656,2.66586,99.74219,2.6657,2.59377,2.49013
25-Feb-19,2.67921,2.68265,2.68793,99.58594,2.67875,2.60235,2.50472
26-Feb-19,2.6407,2.64384,2.64793,99.91406,2.63831,2.57126,2.48288
27-Feb-19,2.69919,2.70335,2.70914,99.41406,2.69611,2.58982,2.50504
28-Feb-19,2.71773,2.72207,2.72838,99.25781,2.71911,2.60892,2.51107
01-Mar-19,2.76174,2.76845,2.77459,98.88281,2.76266,2.64121,2.55767
04-Mar-19,2.73328,2.73786,2.73994,99.16406,2.72754,2.62659,2.54352
05-Mar-19,2.72764,2.73393,2.73899,99.17188,2.73293,2.64721,2.54965
06-Mar-19,2.6965,2.7032,2.70885,99.42969,2.70815,2.62859,2.51816
07-Mar-19,2.63959,2.64266,2.64647,99.91406,2.65467,2.58662,2.46829
08-Mar-19,2.62869,2.63155,2.63498,100.00781,2.64276,2.5808,2.46197
11-Mar-19,2.64579,2.64973,2.65215,99.86719,2.65952,2.59864,2.47622
12-Mar-19,2.60723,2.61045,2.61399,100.17969,2.61922,2.56715,2.45159
13-Mar-19,2.61241,2.61599,2.61968,100.13281,2.62094,2.56789,2.45049
14-Mar-19,2.62988,2.63409,2.63911,99.96094,2.64181,2.57376,2.45964
15-Mar-19,2.594,2.59747,2.599,100.28906,2.60903,2.55624,2.44293
18-Mar-19,2.60306,2.60671,2.60851,100.21094,2.61432,2.56838,2.45419
19-Mar-19,2.61394,2.61781,2.61993,100.11719,2.61893,2.56628,2.46754
20-Mar-19,2.53791,2.54027,2.54002,100.77344,2.54243,2.50922,2.39922
21-Mar-19,2.53969,2.54209,2.54188,100.75781,2.53547,2.50336,2.40941
22-Mar-19,2.45511,2.45584,2.45297,101.49219,2.43777,2.41018,2.328
25-Mar-19,2.41777,2.4175,2.41654,101.82031,2.37055,2.32581,2.25406
26-Mar-19,2.41187,2.41199,2.41084,101.86719,2.37165,2.34471,2.24338
27-Mar-19,2.37235,2.37318,2.3739,102.22656,2.34343,2.31369,2.20597
28-Mar-19,2.39008,2.39126,2.39252,102.07031,2.37852,2.33847,2.22794
29-Mar-19,2.41701,2.41801,2.41544,101.85156,2.41429,2.38971,2.27312
01-Apr-19,2.50126,2.50394,2.50397,101.11719,2.49643,2.44158,2.32555
02-Apr-19,2.48274,2.48555,2.485,101.27344,2.46855,2.42692,2.30746
03-Apr-19,2.52055,2.52411,2.52473,100.94531,2.4973,2.44459,2.33179
04-Apr-19,2.51208,2.51222,2.51555,101.00781,2.49262,2.44393,2.33694
05-Apr-19,2.49977,2.50016,2.50309,101.10938,2.48329,2.44497,2.34233
08-Apr-19,2.52003,2.52131,2.52487,100.92969,2.50267,2.45453,2.3567
09-Apr-19,2.50012,2.50327,2.50394,101.10156,2.48051,2.43195,2.34255
10-Apr-19,2.47845,2.48116,2.48115,101.28906,2.45784,2.42206,2.3253
11-Apr-19,2.50548,2.50873,2.50954,101.05469,2.48822,2.44309,2.35504
12-Apr-19,2.5597,2.56504,2.56753,100.57812,2.54526,2.49045,2.39345
15-Apr-19,2.55332,2.55854,2.56081,100.63281,2.54286,2.48621,2.39054
16-Apr-19,2.5952,2.60125,2.60481,100.27344,2.58166,2.50825,2.41546
17-Apr-19,2.59336,2.59938,2.60287,100.28906,2.58374,2.50054,2.40018
18-Apr-19,2.55867,2.564,2.56635,100.58594,2.54825,2.4753,2.3833
22-Apr-19,2.59149,2.59748,2.60084,100.30469,2.57195,2.46773,2.38763
23-Apr-19,2.57048,2.57605,2.57875,100.48438,2.54985,2.44807,2.35714
24-Apr-19,2.52223,2.52684,2.52802,100.89844,2.50326,2.41106,2.31879
25-Apr-19,2.53493,2.53979,2.54135,100.78906,2.52091,2.4298,2.32891
26-Apr-19,2.50396,2.50821,2.50877,101.05469,2.48891,2.39351,2.2861
29-Apr-19,2.53665,2.54151,2.54317,100.77344,2.5151,2.39796,2.29823
30-Apr-19,2.50758,2.51192,2.51253,101.02344,2.49132,2.37931,2.26708
01-May-19,2.51067,2.51253,2.51474,100.99219,2.50495,2.41457,2.30034
02-May-19,2.55255,2.55525,2.55875,100.63281,2.54141,2.45774,2.34483
03-May-19,2.53059,2.53285,2.53563,100.82031,2.51463,2.44435,2.33704
06-May-19,2.49961,2.50125,2.50305,101.08594,2.47882,2.40974,2.30668
07-May-19,2.44698,2.44756,2.44771,101.53906,2.42668,2.37732,2.28134
08-May-19,2.48075,2.4792,2.47949,99.06267,2.4607,2.39245,2.29255
09-May-19,2.45471,2.45267,2.45278,99.28906,2.4356,2.36349,2.26612
10-May-19,2.45281,2.45103,2.45087,99.30469,2.43383,2.34926,2.24978
13-May-19,2.40274,2.39992,2.39886,99.74219,2.37415,2.27369,2.19047
14-May-19,2.42033,2.42006,2.41928,99.61719,2.38328,2.27819,2.20163
15-May-19,2.37926,2.37821,2.37137,99.97656,2.33262,2.23967,2.1657
16-May-19,2.40603,2.40549,2.39825,99.74219,2.35802,2.27374,2.20557
17-May-19,2.39353,2.39275,2.38515,99.85156,2.34555,2.26732,2.20123
20-May-19,2.4141,2.41371,2.40674,99.67188,2.36466,2.28153,2.22179
21-May-19,2.42755,2.42741,2.42086,99.55469,2.37675,2.30824,2.25586
22-May-19,2.39353,2.39275,2.38517,99.85156,2.34669,2.28412,2.22996
23-May-19,2.29565,2.293,2.2831,100.71094,2.23967,2.1718,2.12846
24-May-19,2.3293,2.32729,2.31781,100.41406,2.27429,2.2051,2.17351
28-May-19,2.2672,2.26401,2.25267,100.96094,2.22034,2.16107,2.11381
29-May-19,2.23539,2.23159,2.21929,101.24219,2.18766,2.12213,2.0779
30-May-19,2.22524,2.22225,2.22029,101.33594,2.18459,2.11937,2.07189
31-May-19,2.14088,2.13625,2.13178,102.08594,2.09276,1.9879,1.94315
03-Jun-19,2.07981,2.074,2.06772,102.63281,2.03642,1.87946,1.83866
04-Jun-19,2.1267,2.12216,2.12022,102.27344,2.09,1.90931,1.87236
05-Jun-19,2.12727,2.12521,2.1256,102.26562,2.10057,1.88742,1.83987
06-Jun-19,2.12808,2.12604,2.12645,102.25781,2.10677,1.93206,1.8797
07-Jun-19,2.08713,2.08301,2.08299,102.60156,2.07285,1.916,1.84837
10-Jun-19,2.14326,2.14168,2.1449,102.08594,2.12048,1.96211,1.89855
11-Jun-19,2.14025,2.13761,2.13697,102.10156,2.10763,1.97089,1.9185
12-Jun-19,2.12579,2.12505,2.12405,102.21094,2.08348,1.92904,1.88675
13-Jun-19,2.08904,2.08759,2.08549,102.53906,2.03354,1.85505,1.82855
14-Jun-19,2.09231,2.09092,2.08895,102.50781,2.02379,1.86626,1.84869
17-Jun-19,2.08017,2.07377,2.07277,102.58594,2.02707,1.89413,1.86361
18-Jun-19,2.05222,2.04527,2.04343,102.83594,1.99848,1.89157,1.86018
19-Jun-19,2.02443,2.02073,2.01596,103.11719,1.96487,1.78949,1.7637
20-Jun-19,1.99977,2.00008,1.99765,103.35156,1.93642,1.75765,1.7264
21-Jun-19,2.06554,2.06713,2.06671,102.75781,1.99551,1.7957,1.77912
24-Jun-19,2.02206,2.01915,2.02034,103.17969,1.94855,1.746,1.73546
25-Jun-19,1.99327,1.99076,1.99112,103.42969,1.9153,1.7359,1.70297
26-Jun-19,2.04835,2.04912,2.04818,102.91406,1.97803,1.80447,1.77675
27-Jun-19,2.0048,2.00471,2.00247,103.30469,1.9407,1.7765,1.73976
28-Jun-19,2.0008,1.99762,1.99977,103.35156,1.9553,1.7947,1.7399
01-Jul-19,2.03376,2.03121,2.03437,103.05469,1.99088,1.84677,1.78616
02-Jul-19,1.97806,1.97444,1.97591,103.55469,1.93284,1.80756,1.76428
03-Jul-19,1.95534,1.95128,1.95207,103.75781,1.9069,1.80531,1.76363
05-Jul-19,2.04459,2.04225,2.04579,102.95312,1.9947,1.91729,1.87143
08-Jul-19,2.0349,2.03237,2.03563,103.03906,1.97416,1.90849,1.87784
09-Jul-19,2.0553,2.05545,2.0594,102.83594,1.99281,1.92664,1.90359
10-Jul-19,2.05998,2.06072,2.06178,102.78906,2.006,1.86754,1.82461
11-Jul-19,2.11963,2.12152,2.12442,102.25781,2.06967,1.89785,1.85033
12-Jul-19,2.10534,2.10696,2.10944,102.38281,2.04632,1.87379,1.83691
15-Jul-19,2.09019,2.09253,2.09459,102.50781,2.02513,1.86202,1.83207
16-Jul-19,2.11831,2.12119,2.12412,102.25781,2.05445,1.88709,1.86105
17-Jul-19,2.05842,2.06015,2.06125,102.78906,1.99495,1.86494,1.83468
18-Jul-19,2.03731,2.03863,2.03909,102.97656,1.96671,1.79751,1.77437
19-Jul-19,2.0467,2.0482,2.04897,102.89062,1.98136,1.83467,1.81517
22-Jul-19,2.04147,2.03885,2.03631,102.94531,1.97594,1.83419,1.81233
23-Jul-19,2.07301,2.071,2.06943,102.66406,2.00083,1.85984,1.82555
24-Jul-19,2.04833,2.04583,2.04351,102.88281,1.97501,1.85152,1.82392
25-Jul-19,2.07286,2.07084,2.06928,102.66406,1.9871,1.87066,1.85393
26-Jul-19,2.07968,2.07779,2.07646,102.60156,2.0049,1.89948,1.86894
29-Jul-19,2.05319,2.05079,2.04865,102.83594,1.97362,1.87294,1.84892
30-Jul-19,2.06015,2.05788,2.05597,102.77344,1.97585,1.87831,1.84692
31-Jul-19,2.01878,2.0157,2.01252,103.14062,1.95009,1.9333,1.88513
01-Aug-19,1.88884,1.88324,1.87669,104.30469,1.80978,1.76454,1.71997
02-Aug-19,1.85214,1.84583,1.84062,104.63281,1.77318,1.74773,1.72082
05-Aug-19,1.73179,1.72314,1.71976,105.72656,1.61729,1.56927,1.58227
06-Aug-19,1.73504,1.72646,1.72073,105.69531,1.6389,1.61328,1.61014
07-Aug-19,1.68162,1.67361,1.66978,99.44038,1.55592,1.54552,1.56875
08-Aug-19,1.71021,1.70249,1.69701,99.17969,1.58379,1.58735,1.61478
09-Aug-19,1.73042,1.72227,1.71664,99.00781,1.61871,1.6171,1.62937
12-Aug-19,1.63547,1.62779,1.61895,99.86719,1.53137,1.56454,1.5786
13-Aug-19,1.67289,1.66457,1.65679,99.50781,1.5779,1.6525,1.66656
14-Aug-19,1.5748,1.56424,1.55538,100.41406,1.46964,1.5749,1.57507
15-Aug-19,1.5203,1.51158,1.5018,100.91406,1.41112,1.50024,1.49367
16-Aug-19,1.53297,1.52447,1.51448,100.79688,1.42855,1.49631,1.47632
19-Aug-19,1.59183,1.58441,1.57497,100.25781,1.49563,1.5492,1.53607
20-Aug-19,1.55251,1.54437,1.53495,100.61719,1.45807,1.52042,1.51331
21-Aug-19,1.57042,1.5626,1.55313,100.45312,1.48111,1.56314,1.56719
22-Aug-19,1.6038,1.59659,1.58692,100.14844,1.52643,1.59671,1.60692
23-Aug-19,1.52332,1.51838,1.51083,100.91406,1.43663,1.50491,1.52705
26-Aug-19,1.54034,1.53571,1.52866,100.75781,1.45906,1.53784,1.55043
27-Aug-19,1.48502,1.47937,1.47072,101.26562,1.39918,1.5103,1.52525
28-Aug-19,1.46403,1.45847,1.44848,101.46094,1.36322,1.49206,1.50298
29-Aug-19,1.51394,1.51071,1.50591,101.00781,1.41112,1.52741,1.52886
30-Aug-19,1.50327,1.49937,1.49426,101.10938,1.39022,1.51208,1.50397
03-Sep-19,1.46469,1.45868,1.45242,101.47656,1.33959,1.4544,1.45998
04-Sep-19,1.45702,1.45087,1.44439,101.54688,1.34228,1.42672,1.4319
05-Sep-19,1.56519,1.56102,1.55767,100.55469,1.45156,1.52136,1.5411
06-Sep-19,1.54886,1.54439,1.54058,100.70312,1.43078,1.51642,1.52713
09-Sep-19,1.62102,1.61788,1.61616,100.04688,1.51106,1.57249,1.57361
10-Sep-19,1.70468,1.70878,1.70235,99.30469,1.58648,1.64933,1.66284
11-Sep-19,1.73606,1.74075,1.73523,99.02344,1.61458,1.65669,1.66915
12-Sep-19,1.78976,1.7895,1.78906,98.51562,1.67098,1.71707,1.72534
13-Sep-19,1.89961,1.90209,1.90489,97.53906,1.78878,1.79225,1.79994
16-Sep-19,1.84298,1.84441,1.84556,98.03906,1.7251,1.74502,1.76344
17-Sep-19,1.81215,1.81301,1.81327,98.3125,1.69198,1.72087,1.73507
18-Sep-19,1.78228,1.78258,1.78199,98.57812,1.66096,1.71792,1.74258
19-Sep-19,1.77178,1.77189,1.77099,98.67188,1.64395,1.70204,1.73879
20-Sep-19,1.7517,1.75144,1.74997,98.85156,1.63489,1.70412,1.70984
23-Sep-19,1.70531,1.70227,1.69797,99.25781,1.58923,1.6607,1.66777
24-Sep-19,1.63224,1.62785,1.62143,99.91406,1.50459,1.59186,1.5908
25-Sep-19,1.72896,1.72636,1.72276,99.04688,1.6004,1.66528,1.68149
26-Sep-19,1.68268,1.67922,1.67428,99.46094,1.55912,1.63823,1.65251
27-Sep-19,1.66971,1.66594,1.66063,99.57812,1.56611,1.62451,1.62157
30-Sep-19,1.67055,1.66805,1.66499,99.57812,1.56758,1.6317,1.62072
01-Oct-19,1.6435,1.64168,1.63783,99.83594,1.54455,1.57328,1.55489
02-Oct-19,1.59665,1.59395,1.58874,100.25781,1.50036,1.51631,1.482
03-Oct-19,1.53449,1.53063,1.52362,100.82031,1.43803,1.42121,1.3851
04-Oct-19,1.51119,1.5069,1.49921,101.03125,1.4283,1.43635,1.39663
07-Oct-19,1.55125,1.54722,1.54069,100.67188,1.47121,1.48796,1.46274
08-Oct-19,1.53696,1.53314,1.52621,100.79688,1.45217,1.44844,1.42045
09-Oct-19,1.58475,1.58185,1.57781,100.35156,1.49721,1.49891,1.47271
10-Oct-19,1.6543,1.6527,1.6507,99.72656,1.56526,1.5591,1.52921
11-Oct-19,1.75175,1.75197,1.75284,98.85938,1.6759,1.65881,1.61173
15-Oct-19,1.76808,1.76836,1.77047,98.71094,1.69646,1.66929,1.62004
16-Oct-19,1.7434,1.74322,1.7446,98.92969,1.66468,1.62866,1.58447
17-Oct-19,1.75401,1.75404,1.75574,98.83594,1.67682,1.64139,1.59889
18-Oct-19,1.74793,1.74784,1.74938,98.89062,1.68535,1.61119,1.57465
21-Oct-19,1.79133,1.79205,1.79488,98.50781,1.72645,1.63933,1.6138
22-Oct-19,1.76479,1.76502,1.76707,98.74219,1.69634,1.62236,1.58844
23-Oct-19,1.75775,1.75784,1.75969,98.80469,1.68167,1.61455,1.57967
24-Oct-19,1.76486,1.76509,1.76716,98.74219,1.68639,1.61556,1.58067
25-Oct-19,1.80095,1.8021,1.80451,98.42969,1.71799,1.65536,1.62456
28-Oct-19,1.85392,1.85629,1.86174,97.97656,1.7703,1.6796,1.64852
29-Oct-19,1.83423,1.83523,1.83893,98.13281,1.749,1.67054,1.63953
30-Oct-19,1.79737,1.79971,1.80494,98.47656,1.70848,1.64778,1.62755
31-Oct-19,1.69014,1.6863,1.69277,99.42188,1.59668,1.55205,1.52391
01-Nov-19,1.72977,1.73084,1.73557,99.08594,1.64333,1.59929,1.56104
04-Nov-19,1.78875,1.79143,1.79495,98.5625,1.7057,1.6369,1.59323
05-Nov-19,1.86828,1.87249,1.87835,97.86719,1.7807,1.67442,1.63157
06-Nov-19,1.81025,1.81094,1.81499,99.45801,1.7308,1.64794,1.60555
07-Nov-19,1.9232,1.92548,1.93279,98.44531,1.83917,1.71736,1.67633
08-Nov-19,1.93392,1.93612,1.9441,98.35156,1.84083,1.70924,1.66407
12-Nov-19,1.90908,1.91114,1.91901,98.57031,1.81266,1.69103,1.64904
13-Nov-19,1.86899,1.86962,1.87634,98.92969,1.77024,1.65981,1.62685
14-Nov-19,1.8225,1.82266,1.83143,99.41406,1.71929,1.62216,1.59139
15-Nov-19,1.84169,1.84221,1.85152,99.24219,1.73701,1.62661,1.61117
18-Nov-19,1.81474,1.81475,1.82328,99.48438,1.7041,1.60103,1.59084
19-Nov-19,1.79421,1.79984,1.80346,99.67969,1.67893,1.58698,1.59506
20-Nov-19,1.74486,1.75048,1.7527,100.11719,1.63086,1.55761,1.57056
21-Nov-19,1.77858,1.78484,1.78803,99.8125,1.65809,1.58299,1.60354
22-Nov-19,1.78119,1.78752,1.79076,99.78906,1.67086,1.6094,1.62873
25-Nov-19,1.7708,1.77692,1.77986,99.88281,1.66908,1.60814,1.60249
26-Nov-19,1.74749,1.75223,1.76029,100.10156,1.65254,1.59328,1.58466
27-Nov-19,1.7752,1.78048,1.78933,99.85156,1.69009,1.63099,1.62456
29-Nov-19,1.78444,1.78918,1.79857,99.77344,1.70363,1.61633,1.59987
02-Dec-19,1.84548,1.85349,1.86255,99.22656,1.75661,1.63543,1.61302
03-Dec-19,1.71591,1.7225,1.72774,100.38281,1.63032,1.54303,1.53099
04-Dec-19,1.78849,1.79667,1.80406,99.72656,1.70503,1.5993,1.58318
05-Dec-19,1.80171,1.8073,1.81573,99.60156,1.72386,1.5989,1.58027
06-Dec-19,1.84927,1.85579,1.86708,99.16406,1.77363,1.63742,1.61995
09-Dec-19,1.83424,1.83957,1.84745,99.28125,1.76196,1.63585,1.62618
10-Dec-19,1.83417,1.84048,1.84838,99.27344,1.75658,1.6545,1.65066
11-Dec-19,1.79223,1.79776,1.80441,99.64844,1.71573,1.62642,1.61332
12-Dec-19,1.90303,1.91038,1.92031,98.66406,1.83474,1.68904,1.66936
13-Dec-19,1.82328,1.82988,1.83745,99.36719,1.75112,1.63716,1.60169
16-Dec-19,1.89187,1.89976,1.90936,98.75781,1.83303,1.68961,1.64267
17-Dec-19,1.89102,1.8989,1.90847,98.76562,1.83598,1.68935,1.63058
18-Dec-19,1.92731,1.93586,1.94651,98.44531,1.87208,1.70152,1.63178
19-Dec-19,1.91142,1.91968,1.92985,98.58594,1.85756,1.69196,1.61965
20-Dec-19,1.9204,1.92883,1.93925,98.50781,1.87397,1.70785,1.62837
23-Dec-19,1.93818,1.94695,1.9579,98.35156,1.89025,1.73002,1.65326
24-Dec-19,1.91077,1.91903,1.92916,98.59375,1.86733,1.71773,1.63696
26-Dec-19,1.90816,1.91637,1.92641,98.61719,1.86102,1.71867,1.63497
27-Dec-19,1.87641,1.88404,1.89312,98.89844,1.83391,1.68523,1.58616
30-Dec-19,1.90202,1.91579,1.93887,98.71094,1.86113,1.67881,1.57123
31-Dec-19,1.91718,1.93123,1.95476,98.57812,1.88246,1.68244,1.55909
02-Jan-20,1.88973,1.90328,1.92599,98.82031,1.85026,1.67496,1.57398
03-Jan-20,1.79193,1.79843,1.80708,99.66406,1.7523,1.61581,1.52361
06-Jan-20,1.81479,1.82172,1.83104,99.46094,1.74992,1.61287,1.54554
07-Jan-20,1.8289,1.8361,1.84583,99.33594,1.76901,1.61837,1.54543
08-Jan-20,1.87721,1.88366,1.89331,98.89844,1.81625,1.64513,1.58157
09-Jan-20,1.8613,1.86746,1.87663,99.03906,1.7997,1.63972,1.57545
10-Jan-20,1.82654,1.82917,1.83357,99.32812,1.77064,1.63114,1.57117
13-Jan-20,1.85031,1.85676,1.8656,99.13281,1.79412,1.64281,1.58529
14-Jan-20,1.82077,1.82545,1.83413,99.39844,1.77184,1.63544,1.5771
15-Jan-20,1.78994,1.79404,1.80181,99.67188,1.75039,1.63361,1.56075
16-Jan-20,1.8111,1.8156,1.82398,99.48438,1.76271,1.63799,1.56677
17-Jan-20,1.83857,1.84359,1.85277,99.24219,1.79362,1.64857,1.56846
21-Jan-20,1.77151,1.77527,1.78247,99.83594,1.73063,1.60632,1.53147
22-Jan-20,1.77239,1.77617,1.78339,99.82812,1.72419,1.59922,1.52518
23-Jan-20,1.74075,1.74394,1.75022,100.10938,1.68789,1.57941,1.51682
24-Jan-20,1.68207,1.68416,1.6887,100.63281,1.62481,1.54195,1.48541
27-Jan-20,1.60549,1.60613,1.60841,101.32031,1.54496,1.48577,1.43188
28-Jan-20,1.64193,1.64326,1.64661,100.99219,1.58738,1.51874,1.45555
29-Jan-20,1.59409,1.59458,1.59651,101.42188,1.54694,1.48389,1.41774
30-Jan-20,1.5551,1.55487,1.55419,101.77344,1.49905,1.44266,1.3899
31-Jan-20,1.51875,1.51783,1.51604,102.10156,1.46282,1.39168,1.32813
03-Feb-20,1.52041,1.51952,1.51778,102.08594,1.47214,1.41089,1.35201
04-Feb-20,1.6016,1.60226,1.60293,101.35156,1.55525,1.47897,1.41399
05-Feb-20,1.65029,1.65188,1.654,100.91406,1.60731,1.5017,1.44011
06-Feb-20,1.64503,1.64652,1.64847,100.96094,1.60082,1.50285,1.44622
07-Feb-20,1.57624,1.57641,1.5763,101.57812,1.53106,1.45317,1.3981
10-Feb-20,1.54762,1.54725,1.54628,101.83594,1.49275,1.4142,1.37594
11-Feb-20,1.5909,1.59136,1.59167,101.44531,1.53198,1.44706,1.41635
12-Feb-20,1.62487,1.62394,1.62446,98.8489,1.58287,1.48085,1.4407
13-Feb-20,1.61595,1.61485,1.61569,98.92969,1.56512,1.47426,1.44078
14-Feb-20,1.59237,1.59549,1.60001,99.19531,1.53106,1.44973,1.42175
18-Feb-20,1.55976,1.56228,1.56585,99.49219,1.49256,1.42989,1.40854
19-Feb-20,1.57284,1.57489,1.57737,99.36719,1.51135,1.45167,1.42494
20-Feb-20,1.5283,1.52953,1.5307,99.77344,1.46212,1.41279,1.39328
21-Feb-20,1.47201,1.47219,1.4717,100.28906,1.39258,1.35764,1.3492
24-Feb-20,1.37883,1.37728,1.37407,101.14844,1.30383,1.2722,1.26499
25-Feb-20,1.33168,1.32927,1.32468,101.58594,1.26704,1.21978,1.18935
26-Feb-20,1.31151,1.30872,1.30354,101.77344,1.25483,1.18666,1.14382
27-Feb-20,1.29974,1.29673,1.29292,101.88281,1.24656,1.13596,1.10223
28-Feb-20,1.12687,1.12663,1.12266,103.52344,1.08601,0.94264,0.87553
02-Mar-20,1.08673,1.09284,1.10824,103.89062,1.07539,0.89846,0.82383
03-Mar-20,1.017,1.01659,1.02457,104.57812,0.98681,0.7692,0.72669
04-Mar-20,0.99326,0.99525,1.01366,104.80469,0.98355,0.69887,0.63739
05-Mar-20,0.92645,0.93357,0.94654,105.46094,0.92371,0.65559,0.5835
06-Mar-20,0.7066,0.70916,0.71569,107.60938,0.77064,0.60898,0.4746
09-Mar-20,0.49856,0.5057,0.51655,109.72656,0.5966,0.47677,0.34254
10-Mar-20,0.75576,0.76816,0.7851,107.17188,0.78814,0.53159,0.48272
11-Mar-20,0.82657,0.8403,0.85932,106.47656,0.82554,0.4901,0.49076
12-Mar-20,0.85517,0.87014,0.88856,106.20312,0.83037,0.47884,0.48394
13-Mar-20,0.95714,0.97072,0.99644,105.20312,0.94914,0.52963,0.48728
16-Mar-20,0.72893,0.73611,0.74995,107.42188,0.75069,0.45418,0.3549
17-Mar-20,1.00306,1.01393,1.03579,104.77344,0.94008,0.53061,0.45655
18-Mar-20,1.26802,1.28266,1.3123,102.28125,1.12986,0.61498,0.52568
19-Mar-20,1.13776,1.14851,1.17426,103.51562,0.97738,0.61323,0.41668
20-Mar-20,0.94634,0.95352,0.97364,105.33594,0.79907,0.51965,0.36154
23-Mar-20,0.77458,0.77854,0.79361,107,0.66222,0.48169,0.29123
24-Mar-20,0.82377,0.83914,0.84715,106.5,0.71529,0.51464,0.3725
25-Mar-20,0.86223,0.87833,0.88747,106.125,0.80529,0.52702,0.32401
26-Mar-20,0.81633,0.83061,0.84072,106.57812,0.72847,0.5049,0.27113
27-Mar-20,0.75172,0.7648,0.77711,107.20312,0.6866,0.5157,0.25841
30-Mar-20,0.67712,0.6898,0.69943,107.92188,0.66711,0.49605,0.22614
31-Mar-20,0.70561,0.71393,0.72833,107.64844,0.72957,0.48166,0.22594
01-Apr-20,0.6412,0.64832,0.66082,108.28125,0.70904,0.48242,0.23162
02-Apr-20,0.63308,0.64005,0.65231,108.35938,0.68484,0.45804,0.21768
03-Apr-20,0.59362,0.60079,0.61193,108.73438,0.64761,0.46235,0.21112
06-Apr-20,0.68356,0.69242,0.70503,107.84375,0.72059,0.49078,0.26618
07-Apr-20,0.74154,0.75149,0.76581,107.27344,0.78847,0.52602,0.27889
08-Apr-20,0.77155,0.78202,0.79633,106.97656,0.8238,0.50249,0.25399
09-Apr-20,0.72786,0.73799,0.74987,107.39062,0.78909,0.45056,0.22346
13-Apr-20,0.75569,0.76634,0.77904,107.11719,0.81333,0.45276,0.24119
14-Apr-20,0.75586,0.76778,0.78052,107.10156,0.82033,0.43458,0.22304
15-Apr-20,0.64562,0.65537,0.66662,108.17969,0.70592,0.41039,0.20384
16-Apr-20,0.61527,0.62445,0.63481,108.47656,0.68183,0.41504,0.20161
17-Apr-20,0.66062,0.67067,0.68237,108.02344,0.72442,0.41394,0.20389
20-Apr-20,0.63135,0.63968,0.65048,108.32031,0.6909,0.42399,0.19963
21-Apr-20,0.5757,0.58384,0.59332,108.86719,0.63921,0.40854,0.20442
22-Apr-20,0.62375,0.63279,0.64369,108.39062,0.67086,0.40624,0.21023
23-Apr-20,0.61638,0.62529,0.63597,108.46094,0.64837,0.39783,0.21808
24-Apr-20,0.60141,0.61004,0.62028,108.60156,0.62767,0.37839,0.21437
27-Apr-20,0.66001,0.66976,0.68172,108.02344,0.67044,0.37927,0.227
28-Apr-20,0.61522,0.62412,0.63476,108.46094,0.61929,0.35597,0.20822
29-Apr-20,0.63171,0.64126,0.65325,108.29688,0.6371,0.33567,0.19744
30-Apr-20,0.63087,0.64061,0.65229,108.30469,0.63486,0.31216,0.18577
01-May-20,0.64614,0.65617,0.66889,108.14844,0.64242,0.33052,0.20079
04-May-20,0.64296,0.65485,0.67449,108.17969,0.63027,0.30945,0.18018
05-May-20,0.66351,0.6758,0.69604,107.97656,0.6512,0.31366,0.1852
06-May-20,0.71864,0.73198,0.75386,107.4375,0.67414,0.29339,0.18034
07-May-20,0.63749,0.64929,0.66878,108.22656,0.59666,0.24002,0.12698
08-May-20,0.68726,0.70002,0.72098,107.73438,0.6397,0.24826,0.14784
11-May-20,0.73269,0.74656,0.76888,107.28906,0.66603,0.25976,0.17972
12-May-20,0.6933,0.70278,0.71689,99.38585,0.63736,0.26222,0.17182
13-May-20,0.65371,0.66249,0.6755,99.76562,0.6133,0.26803,0.15991
14-May-20,0.62495,0.63477,0.65272,100.07031,0.58683,0.25394,0.14797
15-May-20,0.64614,0.65634,0.67491,99.86719,0.61707,0.24972,0.14806
18-May-20,0.74872,0.76073,0.78216,98.89062,0.72157,0.27679,0.18227
19-May-20,0.71827,0.72975,0.75034,99.17969,0.689,0.26015,0.17228
20-May-20,0.68544,0.69634,0.71603,99.49219,0.66147,0.24894,0.16025
21-May-20,0.68299,0.69386,0.71349,99.51562,0.66397,0.25768,0.16636
22-May-20,0.66583,0.67641,0.69559,99.67969,0.65573,0.2609,0.16659
26-May-20,0.70527,0.71654,0.73683,99.30469,0.68977,0.26928,0.17743
27-May-20,0.68309,0.69397,0.71365,99.51562,0.66559,0.26711,0.18079
28-May-20,0.7119,0.72329,0.74379,99.24219,0.69419,0.26549,0.17491
29-May-20,0.65089,0.66147,0.68008,99.82031,0.64023,0.25165,0.15537
01-Jun-20,0.66894,0.67985,0.69897,99.64844,0.65533,0.24787,0.15738
02-Jun-20,0.68704,0.69827,0.7179,99.47656,0.66948,0.24916,0.16725
03-Jun-20,0.76804,0.78073,0.80262,98.71094,0.74993,0.27046,0.19883
04-Jun-20,0.82719,0.84095,0.86449,98.15625,0.8134,0.27419,0.19301
05-Jun-20,0.91359,0.92915,0.95513,97.35156,0.88545,0.30044,0.21509
08-Jun-20,0.89221,0.90693,0.93231,97.55469,0.86639,0.30257,0.22911
09-Jun-20,0.8382,0.85061,0.87447,98.07031,0.81283,0.29448,0.2054
10-Jun-20,0.75655,0.7675,0.78909,98.83594,0.74192,0.26531,0.17766
11-Jun-20,0.65963,0.66994,0.68888,99.74219,0.6442,0.25508,0.17773
12-Jun-20,0.70476,0.71701,0.73726,99.30469,0.68779,0.26581,0.18995
15-Jun-20,0.70809,0.72041,0.74076,99.27344,0.68982,0.25709,0.18804
16-Jun-20,0.76122,0.77451,0.79635,98.77344,0.73866,0.27031,0.20217
17-Jun-20,0.73964,0.75254,0.77379,98.97656,0.70457,0.26072,0.19625
18-Jun-20,0.69988,0.71206,0.73221,99.35156,0.66776,0.25781,0.19434
19-Jun-20,0.70491,0.71719,0.73751,99.30469,0.67647,0.25442,0.18655
22-Jun-20,0.7099,0.72228,0.74274,99.25781,0.68773,0.25118,0.19069
23-Jun-20,0.7149,0.72737,0.74799,99.21094,0.69394,0.25017,0.1935
24-Jun-20,0.69006,0.70208,0.72201,99.44531,0.67228,0.24812,0.18667
25-Jun-20,0.68014,0.69199,0.71165,99.53906,0.66383,0.24921,0.18275
26-Jun-20,0.643,0.65419,0.67283,99.89062,0.62658,0.23423,0.16708
29-Jun-20,0.64211,0.65336,0.67198,99.89844,0.61556,0.22557,0.15925
30-Jun-20,0.65893,0.67018,0.6895,99.74219,0.63442,0.22411,0.15341
01-Jul-20,0.68875,0.70054,0.72072,99.46094,0.66172,0.23133,0.16327
02-Jul-20,0.67675,0.6888,0.70868,99.57031,0.64632,0.22601,0.15361
06-Jul-20,0.68921,0.70149,0.72174,99.45312,0.65498,0.22122,0.15958
07-Jul-20,0.65274,0.66437,0.68358,99.79688,0.61882,0.21753,0.16358
08-Jul-20,0.65854,0.67028,0.68967,99.74219,0.62193,0.21513,0.15372
09-Jul-20,0.6106,0.62148,0.63951,100.19531,0.58427,0.21331,0.1498
10-Jul-20,0.63869,0.65009,0.66895,99.92969,0.61758,0.21858,0.15388
13-Jul-20,0.64487,0.65684,0.6759,99.86719,0.62135,0.2237,0.15791
14-Jul-20,0.61838,0.62989,0.6482,100.11719,0.59017,0.21867,0.15396
15-Jul-20,0.63493,0.64674,0.66553,99.96094,0.60907,0.22449,0.154
16-Jul-20,0.61673,0.62821,0.64648,100.13281,0.5935,0.22145,0.14603
17-Jul-20,0.63329,0.64507,0.66385,99.97656,0.61245,0.22144,0.14612
20-Jul-20,0.625,0.63664,0.65519,100.05469,0.59548,0.21977,0.14816
21-Jul-20,0.61175,0.62316,0.64133,100.17969,0.58608,0.21208,0.14214
22-Jul-20,0.60016,0.61137,0.62922,100.28906,0.57707,0.21249,0.14621
23-Jul-20,0.58693,0.5979,0.61538,100.41406,0.57033,0.20798,0.14826
24-Jul-20,0.59269,0.60377,0.62144,100.35938,0.57968,0.21158,0.14836
27-Jul-20,0.61339,0.62484,0.64311,100.16406,0.60009,0.22116,0.1535
28-Jul-20,0.58523,0.59618,0.61365,100.42969,0.57351,0.21817,0.14163
29-Jul-20,0.58521,0.59617,0.61365,100.42969,0.57471,0.20473,0.12793
30-Jul-20,0.54557,0.55581,0.57216,100.80469,0.53424,0.18642,0.12011
31-Jul-20,0.54055,0.55072,0.56695,100.85156,0.52804,0.18473,0.11027
03-Aug-20,0.56695,0.5776,0.59459,100.60156,0.55164,0.18799,0.11418
04-Aug-20,0.51662,0.52636,0.54191,101.07812,0.50561,0.18661,0.11023
05-Aug-20,0.54709,0.55738,0.57382,100.78906,0.53596,0.19571,0.11613
06-Aug-20,0.54046,0.55064,0.56689,100.85156,0.53688,0.19283,0.11611
07-Aug-20,0.56686,0.57752,0.59456,100.60156,0.57564,0.20896,0.12599
10-Aug-20,0.57845,0.58932,0.6067,100.49219,0.59055,0.21928,0.12996
11-Aug-20,0.66341,0.67583,0.69567,99.69531,0.65982,0.23882,0.15981
12-Aug-20,0.68839,0.69813,0.71239,99.43191,0.66298,0.23756,0.15787
13-Aug-20,0.71995,0.73025,0.74538,99.13281,0.69438,0.24297,0.1639
14-Aug-20,0.71476,0.72663,0.74572,99.19531,0.70584,0.23725,0.14803
17-Aug-20,0.68851,0.69993,0.7183,99.44531,0.66998,0.22804,0.15007
18-Aug-20,0.67378,0.68494,0.70291,99.58594,0.653,0.21935,0.14408
19-Aug-20,0.68035,0.69163,0.70978,99.52344,0.65578,0.20927,0.14008
20-Aug-20,0.64926,0.66,0.6773,99.82031,0.63374,0.21644,0.1401
21-Aug-20,0.64438,0.65504,0.67222,99.86719,0.63772,0.22024,0.14624
24-Aug-20,0.65092,0.6617,0.67908,99.80469,0.63536,0.21773,0.15234
25-Aug-20,0.687,0.69842,0.71681,99.46094,0.67726,0.22431,0.1515
26-Aug-20,0.69195,0.70346,0.722,99.41406,0.68561,0.23055,0.15337
27-Aug-20,0.75135,0.76391,0.78412,98.85156,0.74491,0.2481,0.15729
28-Aug-20,0.73387,0.74614,0.76543,99.01562,0.73031,0.22163,0.1338
31-Aug-20,0.70017,0.71142,0.73115,99.35156,0.6963,0.21936,0.1299
01-Sep-20,0.67716,0.688,0.70711,99.57031,0.67722,0.21728,0.13187
02-Sep-20,0.65747,0.66796,0.68655,99.75781,0.66515,0.225,0.1358
03-Sep-20,0.62776,0.63796,0.65574,100.03906,0.63727,0.21632,0.12402
04-Sep-20,0.7294,0.74186,0.76247,99.07031,0.72588,0.23471,0.14973
08-Sep-20,0.68956,0.70154,0.72107,99.44531,0.68533,0.22819,0.14283
09-Sep-20,0.70917,0.72172,0.74181,99.25781,0.70752,0.23042,0.14385
10-Sep-20,0.68938,0.70158,0.72113,99.44531,0.69036,0.22409,0.1399
11-Sep-20,0.67271,0.68485,0.70398,99.60156,0.67273,0.20805,0.12799
14-Sep-20,0.67437,0.68655,0.70573,99.58594,0.67572,0.21706,0.13599
15-Sep-20,0.68429,0.69664,0.71611,99.49219,0.68429,0.22057,0.138
16-Sep-20,0.69256,0.70507,0.72477,99.41406,0.6875,0.21758,0.13802
17-Sep-20,0.68762,0.70004,0.71962,99.46094,0.68633,0.2133,0.13302
18-Sep-20,0.69926,0.71189,0.73182,99.35156,0.70033,0.2192,0.1381
21-Sep-20,0.67612,0.68835,0.70764,99.57031,0.67743,0.21755,0.1361
22-Sep-20,0.66952,0.68164,0.70076,99.63281,0.67325,0.21354,0.13409
23-Sep-20,0.68111,0.69343,0.71288,99.52344,0.68744,0.22223,0.13772
24-Sep-20,0.66955,0.68167,0.70081,99.63281,0.68717,0.226,0.1338
25-Sep-20,0.66462,0.67667,0.69569,99.67969,0.6849,0.22343,0.12989
28-Sep-20,0.66794,0.68005,0.69918,99.64844,0.6968,0.22373,0.12989
29-Sep-20,0.6489,0.66072,0.67933,99.82812,0.67801,0.21929,0.12402
30-Sep-20,0.68225,0.69462,0.71417,99.51562,0.70322,0.21533,0.12402
01-Oct-20,0.6831,0.69548,0.71506,99.50781,0.70169,0.22176,0.1299
02-Oct-20,0.69892,0.7116,0.73165,99.35938,0.71605,0.22061,0.13189
05-Oct-20,0.76819,0.78211,0.80409,98.71094,0.77722,0.22756,0.14374
06-Oct-20,0.74647,0.76001,0.7814,98.91406,0.76067,0.22878,0.14574
07-Oct-20,0.79152,0.80609,0.82875,98.49219,0.80813,0.23967,0.15567
08-Oct-20,0.77226,0.7865,0.80863,98.67188,0.79521,0.23333,0.1458
09-Oct-20,0.78166,0.79608,0.81851,98.58594,0.80703,0.237,0.1519
13-Oct-20,0.73309,0.74665,0.76773,99.03906,0.76256,0.23167,0.13996
14-Oct-20,0.7281,0.74157,0.76253,99.08594,0.75508,0.22831,0.13798
15-Oct-20,0.73901,0.75268,0.77395,98.98438,0.76734,0.23271,0.14
16-Oct-20,0.74999,0.76387,0.78548,98.88281,0.77071,0.23013,0.14408
19-Oct-20,0.7685,0.78272,0.80485,98.71094,0.79522,0.23017,0.14612
20-Oct-20,0.80391,0.81876,0.8419,98.38281,0.82654,0.23382,0.14615
21-Oct-20,0.82254,0.83773,0.8614,98.21094,0.84374,0.23086,0.1482
22-Oct-20,0.85478,0.87056,0.89514,97.91406,0.87198,0.23787,0.1543
23-Oct-20,0.84675,0.85928,0.879,97.97656,0.86916,0.23674,0.15442
26-Oct-20,0.80927,0.82425,0.8476,98.33594,0.82937,0.2358,0.14837
27-Oct-20,0.78398,0.79851,0.82116,98.57031,0.80432,0.23597,0.14943
28-Oct-20,0.7874,0.80199,0.82475,98.53906,0.80887,0.23487,0.14946
29-Oct-20,0.84332,0.85893,0.88327,98.02344,0.86189,0.23385,0.15142
30-Oct-20,0.86536,0.88164,0.90635,97.82031,0.88148,0.23767,0.15149
02-Nov-20,0.85521,0.87131,0.89575,97.91406,0.85765,0.23909,0.15742
03-Nov-20,0.88766,0.90436,0.92972,97.61719,0.8873,0.24562,0.16731
04-Nov-20,0.77396,0.78858,0.81078,98.66406,0.79322,0.2292,0.14372
05-Nov-20,0.78414,0.79895,0.82144,98.57031,0.80591,0.23424,0.14966
06-Nov-20,0.82666,0.84226,0.86597,98.17969,0.84178,0.2361,0.15373
09-Nov-20,0.96535,0.98351,1.01111,96.91406,0.96936,0.25845,0.18157
10-Nov-20,0.99436,1.015,1.03348,98.93005,0.97941,0.26208,0.18372
12-Nov-20,0.89178,0.90548,0.92618,99.89844,0.8795,0.25938,0.17582
13-Nov-20,0.89884,0.91268,0.93358,99.83594,0.88725,0.26386,0.17804
16-Nov-20,0.91344,0.9307,0.95661,99.71094,0.90531,0.26098,0.17812
17-Nov-20,0.88006,0.89536,0.92031,100.03906,0.86717,0.25983,0.17418
18-Nov-20,0.88914,0.90462,0.92982,99.95312,0.87857,0.25752,0.17424
19-Nov-20,0.86356,0.87857,0.90306,100.19531,0.8558,0.2538,0.16827
20-Nov-20,0.83719,0.85173,0.87549,100.44531,0.82718,0.25024,0.16239
23-Nov-20,0.86685,0.88194,0.90652,100.16406,0.85526,0.25249,0.1665
24-Nov-20,0.88999,0.90551,0.93074,99.94531,0.88325,0.25884,0.16316
25-Nov-20,0.88669,0.90215,0.9273,99.97656,0.88109,0.25659,0.15925
27-Nov-20,0.8501,0.86459,0.88926,100.32031,0.84511,0.24999,0.15337
30-Nov-20,0.85038,0.86459,0.88954,100.32031,0.84515,0.23073,0.14557
01-Dec-20,0.94332,0.95917,0.98679,99.44531,0.9235,0.24128,0.17309
02-Dec-20,0.95548,0.97108,0.99904,99.33594,0.93255,0.23822,0.16332
03-Dec-20,0.93047,0.94564,0.97288,99.57031,0.9153,0.23389,0.15353
04-Dec-20,0.97854,0.99504,1.02368,99.11719,0.97586,0.23283,0.15167
07-Dec-20,0.93591,0.95166,0.97908,99.51562,0.93239,0.22565,0.14182
08-Dec-20,0.92129,0.93725,0.96427,99.64844,0.91837,0.22891,0.14976
09-Dec-20,0.94969,0.96616,0.99399,99.38281,0.9463,0.22239,0.15178
10-Dec-20,0.91631,0.9322,0.95907,99.69531,0.90592,0.21095,0.13791
11-Dec-20,0.89861,0.91443,0.94081,99.85938,0.8836,0.19485,0.12001
14-Dec-20,0.89922,0.91529,0.9417,99.85156,0.89443,0.19522,0.11601
15-Dec-20,0.92927,0.94588,0.97315,99.57031,0.92421,0.20113,0.122
16-Dec-20,0.92762,0.9442,0.97142,99.58594,0.91893,0.20262,0.11799
17-Dec-20,0.93767,0.95443,0.98195,99.49219,0.9313,0.20542,0.126
18-Dec-20,0.95616,0.97327,1.00132,99.32031,0.94712,0.20196,0.12198
21-Dec-20,0.94947,0.96647,0.99433,99.38281,0.94302,0.2052,0.12197
22-Dec-20,0.92603,0.94261,0.9698,99.60156,0.92228,0.20527,0.11793
23-Dec-20,0.96295,0.98019,1.00845,99.25781,0.95875,0.21138,0.11994
24-Dec-20,0.93784,0.95465,0.9822,99.49219,0.93802,0.20579,0.11991
28-Dec-20,0.94121,0.95809,0.98574,99.46094,0.9436,0.20811,0.1305
29-Dec-20,0.94291,0.95983,0.98752,99.44531,0.94643,0.20517,0.12598
30-Dec-20,0.93453,0.9513,0.97845,99.52344,0.93812,0.2004,0.12598
31-Dec-20,0.91864,0.93514,0.96185,99.67188,0.91729,0.19504,0.12008
04-Jan-21,0.92452,0.94114,0.96802,99.61719,0.91689,0.18973,0.11417
05-Jan-21,0.96326,0.98057,1.00856,99.25781,0.95026,0.1933,0.12204
06-Jan-21,1.05141,1.07031,1.1008,98.44531,1.02779,0.21062,0.14377
07-Jan-21,1.08045,1.09987,1.13119,98.17969,1.06635,0.2115,0.13786
08-Jan-21,1.11657,1.13666,1.16902,97.85156,1.1134,0.21554,0.13593
11-Jan-21,1.14413,1.16471,1.19787,97.60156,1.13694,0.2173,0.1439
12-Jan-21,1.14765,1.1683,1.20155,97.57031,1.14662,0.22495,0.14592
13-Jan-21,1.0979,1.11767,1.14951,98.02344,1.09622,0.21511,0.14595
14-Jan-21,1.13919,1.1597,1.19272,97.64844,1.13571,0.20949,0.14598
15-Jan-21,1.10679,1.12675,1.15885,97.94531,1.10112,0.20501,0.13605
19-Jan-21,1.1017,1.12157,1.15354,97.99219,1.09366,0.20401,0.13003
20-Jan-21,1.10005,1.11989,1.15181,98.00781,1.09454,0.20681,0.12903
21-Jan-21,1.1173,1.13746,1.16987,97.85156,1.11786,0.20428,0.12399
22-Jan-21,1.09943,1.11929,1.1512,98.01562,1.11267,0.20019,0.12399
25-Jan-21,1.0489,1.06786,1.09833,98.47656,1.0701,0.19884,0.1245
26-Jan-21,1.0481,1.06705,1.0975,98.48438,1.0718,0.20022,0.12402
27-Jan-21,1.02336,1.04187,1.07162,98.71094,1.05244,0.19823,0.11815
28-Jan-21,1.06413,1.08372,1.11464,98.33594,1.09684,0.19903,0.12011
29-Jan-21,1.10228,1.12293,1.15532,97.98438,1.1352,0.18798,0.11619
01-Feb-21,1.08663,1.10635,1.13828,98.13281,1.12285,0.18845,0.11029
02-Feb-21,1.11596,1.13623,1.16901,97.86719,1.15694,0.19196,0.1142
03-Feb-21,1.1402,1.16093,1.19441,97.64844,1.19228,0.20286,0.11615
04-Feb-21,1.14892,1.16983,1.20356,97.57031,1.21085,0.2006,0.11417
05-Feb-21,1.1793,1.201,1.23563,97.29688,1.24242,0.19875,0.10621
08-Feb-21,1.16983,1.19136,1.22571,97.38281,1.23552,0.20323,0.11015
09-Feb-21,1.16601,1.18764,1.22074,97.41406,1.22589,0.2026,0.11607
10-Feb-21,1.15753,1.17713,1.20765,99.7653,1.20993,0.20473,0.11209
11-Feb-21,1.16527,1.1851,1.21585,99.69531,1.22471,0.20215,0.11008
12-Feb-21,1.20824,1.22887,1.2609,99.30469,1.27268,0.20343,0.11
16-Feb-21,1.31063,1.33606,1.37395,98.39062,1.3872,0.21594,0.12199
17-Feb-21,1.31109,1.33666,1.37401,98.39062,1.37355,0.2013,0.10996
18-Feb-21,1.30009,1.32735,1.36813,98.49219,1.36381,0.19802,0.10793
19-Feb-21,1.35823,1.3866,1.42909,97.96094,1.43023,0.20225,0.10785
22-Feb-21,1.38396,1.41192,1.4543,97.74219,1.45283,0.20456,0.11389
23-Feb-21,1.37802,1.40723,1.44951,97.79688,1.44443,0.20452,0.1195
24-Feb-21,1.40451,1.43443,1.47749,97.55469,1.45227,0.212,0.12598
25-Feb-21,1.53101,1.56397,1.61006,96.41406,1.5576,0.24252,0.16512
26-Feb-21,1.4729,1.50489,1.54916,96.95312,1.51214,0.24601,0.14263
01-Mar-21,1.46368,1.49527,1.54215,97.03906,1.52028,0.22644,0.12206
02-Mar-21,1.4326,1.46362,1.50959,97.32031,1.48199,0.22316,0.12205
03-Mar-21,1.49335,1.52498,1.56839,96.82812,1.53366,0.23383,0.13975
04-Mar-21,1.57468,1.60784,1.65363,96.10156,1.61552,0.23682,0.14371
05-Mar-21,1.57441,1.6081,1.6568,96.07812,1.60093,0.23538,0.13983
08-Mar-21,1.61566,1.65036,1.70029,95.71094,1.62331,0.24929,0.16165
09-Mar-21,1.56272,1.59622,1.64314,96.17188,1.56202,0.24793,0.16567
10-Mar-21,1.53549,1.56599,1.61118,96.39062,1.52778,0.246,0.15579
11-Mar-21,1.54232,1.57246,1.61957,96.32031,1.54314,0.24274,0.14191
12-Mar-21,1.65132,1.68353,1.73226,95.35156,1.64683,0.25448,0.14997
15-Mar-21,1.62405,1.65565,1.70387,95.60156,1.61888,0.25305,0.152
16-Mar-21,1.64012,1.67203,1.72072,95.46094,1.62484,0.25697,0.15004
17-Mar-21,1.658,1.69026,1.73948,95.30469,1.65501,0.24266,0.126
18-Mar-21,1.74783,1.78258,1.83636,94.52344,1.71983,0.25921,0.15814
19-Mar-21,1.75013,1.78495,1.8388,94.50781,1.74832,0.26138,0.15021
22-Mar-21,1.70016,1.73406,1.78645,94.94531,1.69883,0.26389,0.14823
23-Mar-21,1.65553,1.68883,1.73992,95.33594,1.65117,0.26338,0.1515
24-Mar-21,1.63037,1.66364,1.71401,95.55469,1.63291,0.26178,0.14359
25-Mar-21,1.63051,1.66379,1.71416,95.55469,1.64669,0.25898,0.13576
26-Mar-21,1.6772,1.71139,1.76315,95.14844,1.6892,0.26438,0.13967
29-Mar-21,1.73822,1.77357,1.82713,94.61719,1.74709,0.27152,0.14359
30-Mar-21,1.74335,1.77864,1.83236,94.57031,1.75017,0.28397,0.1475
31-Mar-21,1.76331,1.79898,1.85329,94.39844,1.78273,0.29087,0.15929
01-Apr-21,1.69526,1.72966,1.78197,94.99219,1.72255,0.2956,0.15934
02-Apr-21,1.74104,1.77636,1.82858,94.60938,1.76214,0.32163,0.18512
05-Apr-21,1.73828,1.77435,1.82594,94.63281,1.75704,0.3088,0.17335
06-Apr-21,1.67276,1.70679,1.75846,95.19531,1.69264,0.29771,0.1576
07-Apr-21,1.67023,1.70422,1.75582,95.21875,1.68639,0.28534,0.15171
08-Apr-21,1.64805,1.68163,1.73258,95.41406,1.6583,0.28022,0.14778
09-Apr-21,1.68108,1.7153,1.76868,95.11719,1.69367,0.28275,0.15584
12-Apr-21,1.69109,1.72551,1.77919,95.03125,1.69482,0.28921,0.16983
13-Apr-21,1.63846,1.67119,1.72258,95.49219,1.63245,0.27878,0.15892
14-Apr-21,1.65133,1.68408,1.73584,95.38281,1.6263,0.28025,0.16196
15-Apr-21,1.54477,1.57553,1.62416,96.32031,1.51441,0.27187,0.15601
16-Apr-21,1.58769,1.61928,1.66919,95.94531,1.5544,0.28006,0.16217
19-Apr-21,1.61452,1.64663,1.69733,95.71094,1.57978,0.27411,0.16021
20-Apr-21,1.57727,1.60868,1.65829,96.03906,1.55158,0.27051,0.1522
21-Apr-21,1.57917,1.61063,1.6603,96.02344,1.55719,0.27016,0.1482
22-Apr-21,1.5704,1.60171,1.65112,96.10156,1.54975,0.27251,0.15025
23-Apr-21,1.58144,1.61298,1.66273,96.00781,1.56442,0.27821,0.15645
26-Apr-21,1.58512,1.61674,1.66661,95.97656,1.56057,0.28352,0.17572
27-Apr-21,1.63704,1.66965,1.72105,95.52344,1.61327,0.28471,0.17883
28-Apr-21,1.63539,1.66798,1.71933,95.53906,1.6167,0.28217,0.16512
29-Apr-21,1.65525,1.68823,1.74017,95.36719,1.64017,0.2816,0.16512
30-Apr-21,1.64725,1.68011,1.73183,95.44531,1.63162,0.27968,0.16135
03-May-21,1.62139,1.65376,1.70473,95.67188,1.60434,0.27586,0.15943
04-May-21,1.6081,1.64023,1.6908,95.78906,1.58721,0.27252,0.16145
05-May-21,1.59886,1.63125,1.68069,95.86719,1.57528,0.26977,0.15755
06-May-21,1.57487,1.60682,1.65556,96.07812,1.54903,0.2625,0.15562
07-May-21,1.594,1.62635,1.67566,95.91406,1.56047,0.24428,0.14384
10-May-21,1.61742,1.65022,1.70023,95.71094,1.57237,0.24901,0.15182
11-May-21,1.63901,1.67233,1.72298,95.52344,1.59448,0.25625,0.15981
12-May-21,1.71495,1.74594,1.7939,99.30856,1.66485,0.27034,0.16584
13-May-21,1.68139,1.71176,1.75873,99.61719,1.61181,0.26064,0.15791
14-May-21,1.65556,1.6906,1.7398,99.91406,1.59941,0.26106,0.15004
17-May-21,1.66049,1.69587,1.74524,99.86719,1.59634,0.25392,0.1581
18-May-21,1.66221,1.69764,1.74708,99.85156,1.60492,0.25153,0.15011
19-May-21,1.70273,1.73893,1.78958,99.48438,1.6444,0.25824,0.15819
20-May-21,1.65277,1.68804,1.73724,99.9375,1.60307,0.24894,0.15018
21-May-21,1.65107,1.68634,1.73555,99.95312,1.60072,0.25227,0.15635
24-May-21,1.62788,1.66272,1.71126,100.16406,1.57588,0.24016,0.15234
25-May-21,1.58263,1.61622,1.6646,100.57031,1.52613,0.2301,0.14947
26-May-21,1.59288,1.62667,1.67538,100.47656,1.53437,0.22404,0.14555
27-May-21,1.62841,1.66336,1.71315,100.14844,1.57185,0.22613,0.14555
28-May-21,1.61059,1.6459,1.69466,100.30469,1.56048,0.23024,0.14361
01-Jun-21,1.63201,1.66651,1.71811,100.10156,1.59017,0.23073,0.1456
02-Jun-21,1.60703,1.64056,1.6888,100.32031,1.56254,0.23056,0.14563
03-Jun-21,1.64315,1.67739,1.7267,99.99219,1.59833,0.23693,0.15944
04-Jun-21,1.5743,1.60665,1.65473,100.60938,1.53227,0.22611,0.14772
07-Jun-21,1.58543,1.618,1.66643,100.50781,1.54016,0.22652,0.15567
08-Jun-21,1.54211,1.57266,1.61803,100.89844,1.49841,0.22108,0.15175
09-Jun-21,1.50286,1.53267,1.5769,101.25781,1.46193,0.21719,0.15377
10-Jun-21,1.47209,1.50146,1.54481,101.53906,1.43359,0.21873,0.14983
11-Jun-21,1.47537,1.50483,1.54833,101.50781,1.43738,0.22667,0.14994
14-Jun-21,1.51418,1.54443,1.58939,101.14844,1.47485,0.23901,0.15996
15-Jun-21,1.51244,1.54267,1.5876,101.16406,1.47123,0.24444,0.16602
16-Jun-21,1.58237,1.61321,1.66125,100.52344,1.54273,0.27629,0.20418
17-Jun-21,1.52407,1.5538,1.60013,101.05469,1.47872,0.28766,0.21233
18-Jun-21,1.46259,1.49118,1.53574,101.61719,1.409,0.32151,0.25712
21-Jun-21,1.49833,1.52761,1.57325,101.28906,1.44566,0.32037,0.25326
22-Jun-21,1.48465,1.51367,1.55893,101.41406,1.43773,0.30709,0.2485
23-Jun-21,1.49997,1.5293,1.57503,101.27344,1.45862,0.32415,0.26119
24-Jun-21,1.49994,1.52928,1.57502,101.27344,1.45725,0.33317,0.26707
25-Jun-21,1.54954,1.57986,1.62714,100.82031,1.49642,0.33744,0.26904
28-Jun-21,1.49126,1.52047,1.56603,101.35156,1.44485,0.32842,0.2553
29-Jun-21,1.49297,1.52218,1.56781,101.33594,1.45466,0.33001,0.25137
30-Jun-21,1.45766,1.48592,1.53071,101.66406,1.41797,0.32405,0.24761
01-Jul-21,1.49348,1.52242,1.56831,101.33594,1.46083,0.33695,0.25565
02-Jul-21,1.4455,1.47357,1.5181,101.77344,1.41019,0.31168,0.23659
06-Jul-21,1.38257,1.40946,1.45211,102.35156,1.34598,0.29742,0.21991
07-Jul-21,1.33349,1.35945,1.40064,102.80469,1.29861,0.29275,0.21508
08-Jul-21,1.29959,1.32507,1.36526,103.11719,1.27637,0.27432,0.1914
09-Jul-21,1.36856,1.39537,1.43768,102.47656,1.3528,0.29592,0.21558
12-Jul-21,1.37527,1.40222,1.44475,102.41406,1.3557,0.30363,0.23167
13-Jul-21,1.42769,1.45515,1.49913,101.92969,1.40911,0.33202,0.25382
14-Jul-21,1.36812,1.39446,1.43666,102.47656,1.35004,0.30731,0.22797
15-Jul-21,1.30887,1.3341,1.37453,103.02344,1.282,0.30266,0.2241
16-Jul-21,1.30947,1.33474,1.37523,103.01562,1.28446,0.30252,0.22451
19-Jul-21,1.19109,1.21412,1.25106,104.11719,1.15597,0.27812,0.20853
20-Jul-21,1.21831,1.24138,1.2781,103.85938,1.19315,0.27116,0.19251
21-Jul-21,1.29211,1.31659,1.35555,103.17188,1.27566,0.28895,0.20674
22-Jul-21,1.2777,1.30192,1.34046,103.30469,1.26824,0.28074,0.20079
23-Jul-21,1.29599,1.32057,1.35972,103.13281,1.28258,0.28088,0.19908
26-Jul-21,1.28747,1.31189,1.35079,103.21094,1.2779,0.28194,0.21326
27-Jul-21,1.24527,1.2689,1.30655,103.60156,1.23672,0.2758,0.20234
28-Jul-21,1.27295,1.29712,1.33561,103.34375,1.28287,0.28953,0.21018
29-Jul-21,1.28045,1.30477,1.34351,103.27344,1.29723,0.27608,0.19961
30-Jul-21,1.24983,1.27359,1.31145,103.55469,1.26377,0.26552,0.18683
02-Aug-21,1.18259,1.20507,1.24091,104.17969,1.20026,0.25223,0.17512
03-Aug-21,1.18415,1.20667,1.24257,104.16406,1.19367,0.24889,0.17322
04-Aug-21,1.19409,1.2168,1.25302,104.07031,1.20286,0.26127,0.18117
05-Aug-21,1.22756,1.25092,1.28816,103.75781,1.23975,0.28411,0.201
06-Aug-21,1.29989,1.32465,1.36414,103.08594,1.31078,0.30159,0.20727
09-Aug-21,1.32867,1.35399,1.39437,102.82031,1.33052,0.30803,0.21931
10-Aug-21,1.35414,1.37995,1.42113,102.58594,1.3521,0.32166,0.23735
11-Aug-21,1.36732,1.39115,1.42821,99.00573,1.34861,0.30647,0.21957
12-Aug-21,1.37768,1.40171,1.43907,98.91406,1.36966,0.31419,0.22568
13-Aug-21,1.30722,1.32998,1.36478,99.57031,1.30059,0.30278,0.21408
16-Aug-21,1.26914,1.29351,1.32988,99.95312,1.25894,0.29403,0.20417
17-Aug-21,1.27237,1.2968,1.33255,99.92969,1.26751,0.30699,0.21433
18-Aug-21,1.28825,1.31438,1.35136,99.78906,1.28348,0.30678,0.21847
19-Aug-21,1.25623,1.28178,1.31786,100.08594,1.25593,0.31226,0.21861
20-Aug-21,1.273,1.29744,1.33502,99.92188,1.27194,0.31257,0.22305
23-Aug-21,1.26809,1.29274,1.33063,99.96094,1.26284,0.3117,0.22521
24-Aug-21,1.3036,1.3289,1.36784,99.63281,1.29844,0.31914,0.246
25-Aug-21,1.35796,1.38427,1.4248,99.13281,1.35523,0.32174,0.24352
26-Aug-21,1.35714,1.38344,1.42396,99.14062,1.35399,0.32392,0.23764
27-Aug-21,1.3255,1.35148,1.39021,99.42969,1.33238,0.3071,0.21607
30-Aug-21,1.29621,1.32168,1.3596,99.69531,1.30096,0.29632,0.20234
31-Aug-21,1.31488,1.3407,1.37917,99.52344,1.31853,0.29802,0.20834
01-Sep-21,1.31489,1.34072,1.37921,99.52344,1.31976,0.30095,0.21042
02-Sep-21,1.30642,1.3321,1.37036,99.60156,1.30778,0.30062,0.21251
03-Sep-21,1.33427,1.35956,1.39709,99.33594,1.33869,0.29621,0.20706
07-Sep-21,1.38385,1.41005,1.44902,98.88281,1.38735,0.31174,0.22105
08-Sep-21,1.34608,1.37122,1.4094,99.22656,1.35702,0.31196,0.21721
09-Sep-21,1.31174,1.33653,1.37376,99.53906,1.32662,0.31136,0.21535
10-Sep-21,1.35274,1.37831,1.41676,99.16406,1.36799,0.31651,0.21573
13-Sep-21,1.33424,1.35881,1.39688,99.32812,1.34517,0.31512,0.21386
14-Sep-21,1.28901,1.31258,1.34908,99.74219,1.30515,0.31149,0.20798
15-Sep-21,1.31456,1.3386,1.37585,99.50781,1.33773,0.3199,0.21211
16-Sep-21,1.34105,1.36558,1.40361,99.26562,1.36693,0.32888,0.21624
17-Sep-21,1.38141,1.40672,1.44594,98.89844,1.41051,0.33409,0.2247
20-Sep-21,1.31977,1.34394,1.38142,99.46094,1.34102,0.32352,0.21474
21-Sep-21,1.33517,1.35964,1.39757,99.32031,1.34747,0.32659,0.21386
22-Sep-21,1.34119,1.36577,1.40389,99.26562,1.35456,0.35178,0.2393
23-Sep-21,1.42119,1.44725,1.48769,98.53906,1.43712,0.37275,0.25773
24-Sep-21,1.4727,1.49947,1.54143,98.07812,1.48894,0.38403,0.27257
27-Sep-21,1.49624,1.52346,1.56611,97.86719,1.51148,0.39152,0.2995
28-Sep-21,1.5487,1.5769,1.62109,97.39844,1.56212,0.38929,0.30588
29-Sep-21,1.5525,1.58058,1.62487,97.36719,1.555,0.38218,0.29411
30-Sep-21,1.54076,1.56863,1.61264,97.47656,1.54657,0.37594,0.28828
01-Oct-21,1.47984,1.50689,1.54891,98.02344,1.4838,0.36026,0.26281
04-Oct-21,1.49384,1.52116,1.56361,97.89844,1.48914,0.35776,0.27861
05-Oct-21,1.54464,1.57292,1.61685,97.44531,1.53842,0.37498,0.28656
06-Oct-21,1.53771,1.56586,1.60961,97.50781,1.53024,0.3865,0.29453
07-Oct-21,1.58524,1.61429,1.65943,97.08594,1.58558,0.39932,0.30649
08-Oct-21,1.61916,1.64888,1.69508,96.78906,1.62579,0.42078,0.31678
12-Oct-21,1.59451,1.62377,1.66928,97.00781,1.59774,0.46108,0.34686
13-Oct-21,1.56285,1.59153,1.63614,97.28906,1.56172,0.48935,0.36702
14-Oct-21,1.53304,1.56117,1.60494,97.55469,1.53134,0.47903,0.35114
15-Oct-21,1.58966,1.61887,1.66434,97.05469,1.58298,0.53855,0.39992
18-Oct-21,1.59814,1.62753,1.67326,96.98047,1.58563,0.56604,0.42033
19-Oct-21,1.64835,1.67869,1.7259,96.53906,1.63831,0.54562,0.39226
20-Oct-21,1.64944,1.68057,1.72901,96.53125,1.64305,0.53621,0.37424
21-Oct-21,1.69012,1.72201,1.77166,96.17578,1.68348,0.59626,0.43525
22-Oct-21,1.67044,1.70233,1.75059,96.35547,1.66916,0.6295,0.46254
25-Oct-21,1.65049,1.68201,1.72971,96.53125,1.66195,0.60325,0.4363
26-Oct-21,1.63368,1.6649,1.71213,96.67969,1.64964,0.61536,0.48135
27-Oct-21,1.5433,1.57297,1.61758,97.47656,1.55195,0.64266,0.48996
28-Oct-21,1.58314,1.61357,1.65937,97.125,1.57862,0.66292,0.4998
29-Oct-21,1.56944,1.60005,1.64499,97.24219,1.56032,0.68076,0.49209
01-Nov-21,1.58724,1.6182,1.66367,97.08594,1.58516,0.70732,0.51297
02-Nov-21,1.56067,1.59094,1.63595,97.32031,1.57635,0.65639,0.45488
03-Nov-21,1.59176,1.62263,1.66857,97.04688,1.60415,0.67878,0.47575
04-Nov-21,1.53785,1.5677,1.61209,97.52344,1.55548,0.62322,0.41552
05-Nov-21,1.46588,1.49439,1.53675,98.16406,1.47341,0.58955,0.39782
08-Nov-21,1.50973,1.53927,1.58293,97.77344,1.52275,0.64157,0.44758
09-Nov-21,1.45811,1.48434,1.52332,99.32544,1.45849,0.61616,0.40684
10-Nov-21,1.56917,1.59752,1.6397,98.32031,1.59064,0.71929,0.50189
12-Nov-21,1.59983,1.63126,1.67661,98.08594,1.63875,0.76335,0.51951
15-Nov-21,1.63801,1.67018,1.71663,97.74219,1.66806,0.76167,0.52273
16-Nov-21,1.65056,1.6845,1.72946,97.63281,1.68383,0.76862,0.51891
17-Nov-21,1.62192,1.65477,1.70147,97.89844,1.65315,0.7469,0.50296
18-Nov-21,1.60397,1.63577,1.68224,98.05469,1.62782,0.7468,0.50112
19-Nov-21,1.5523,1.58313,1.62813,98.52344,1.57905,0.76461,0.50368
22-Nov-21,1.64165,1.67499,1.72257,97.71094,1.68274,0.84818,0.627
23-Nov-21,1.68082,1.71506,1.76378,97.35938,1.72039,0.83701,0.60725
24-Nov-21,1.65966,1.69274,1.73741,97.54688,1.69548,0.87756,0.64274
26-Nov-21,1.4984,1.52778,1.56891,99,1.53151,0.74936,0.51671
29-Nov-21,1.5441,1.5738,1.61683,98.58594,1.5805,0.74783,0.50885
30-Nov-21,1.4549,1.48254,1.52365,99.39844,1.51198,0.77881,0.52362
01-Dec-21,1.44807,1.47559,1.51651,99.46094,1.50639,0.801,0.56212
02-Dec-21,1.46265,1.49044,1.53179,99.32812,1.51805,0.84551,0.61759
03-Dec-21,1.35438,1.38023,1.41838,100.32031,1.42111,0.80946,0.59026
06-Dec-21,1.4475,1.47323,1.51377,99.46094,1.52401,0.8574,0.63416
07-Dec-21,1.4939,1.52048,1.56239,99.03906,1.57683,0.90311,0.68821
08-Dec-21,1.52325,1.55037,1.59316,98.77344,1.583,0.87338,0.67847
09-Dec-21,1.49999,1.5267,1.5688,98.98438,1.55792,0.89009,0.68472
10-Dec-21,1.50268,1.52946,1.57164,98.96094,1.57766,0.866,0.66138
13-Dec-21,1.43734,1.46294,1.50319,99.55469,1.5081,0.83664,0.6435
14-Dec-21,1.45147,1.47781,1.51618,99.42188,1.52058,0.86307,0.6578
15-Dec-21,1.47385,1.50061,1.53964,99.21875,1.53563,0.90503,0.68324
16-Dec-21,1.4352,1.46126,1.49915,99.57031,1.48959,0.85854,0.61988
17-Dec-21,1.41466,1.44037,1.47766,99.75781,1.46119,0.88177,0.63964
20-Dec-21,1.43097,1.45698,1.49475,99.60938,1.48265,0.86751,0.62867
21-Dec-21,1.50077,1.52807,1.56791,98.97656,1.56372,0.91898,0.67359
22-Dec-21,1.47145,1.49822,1.53719,99.24219,1.53772,0.91298,0.66568
23-Dec-21,1.50603,1.53344,1.57344,98.92969,1.56699,0.92994,0.68632
24-Dec-21,N/A,N/A,N/A,N/A,N/A,N/A,N/A
27-Dec-21,1.49405,1.52127,1.56092,99.03906,1.55326,0.94184,0.758
28-Dec-21,1.49494,1.52219,1.56187,99.03125,1.55017,0.93613,0.74803
29-Dec-21,1.55664,1.58504,1.62654,98.47656,1.61248,0.94545,0.74803
30-Dec-21,1.52884,1.55673,1.59694,98.72656,1.57976,0.93116,0.73817
31-Dec-21,1.51158,1.53918,1.57889,98.88281,1.5587,0.92568,0.7302
03-Jan-22,1.64451,1.67456,1.71817,97.69531,1.68635,0.97192,0.7847
04-Jan-22,1.68162,1.71237,1.75706,97.36719,1.71448,0.95364,0.7629
05-Jan-22,1.71889,1.74963,1.79265,97.03906,1.75801,1.02612,0.82759
06-Jan-22,1.74919,1.78036,1.82441,96.77344,1.79751,1.06815,0.88058
07-Jan-22,1.78518,1.81705,1.86215,96.46094,1.83231,1.07401,0.86909
10-Jan-22,1.79602,1.8281,1.87353,96.36719,1.84835,1.1094,0.90339
11-Jan-22,1.76217,1.79279,1.834,96.66406,1.81704,1.10156,0.89757
12-Jan-22,1.74088,1.77111,1.81169,96.85156,1.78151,1.09572,0.90583
13-Jan-22,1.72495,1.7549,1.79501,96.99219,1.76716,1.09751,0.89798
14-Jan-22,1.78784,1.81899,1.85921,96.44531,1.83176,1.16075,0.9658
18-Jan-22,1.8852,1.91732,1.95833,95.60156,1.92785,1.23257,1.03942
19-Jan-22,1.84379,1.87515,1.91494,95.96094,1.87781,1.20276,1.0235
20-Jan-22,1.85113,1.88193,1.92265,95.89844,1.88546,1.22958,1.05045
21-Jan-22,1.76341,1.7926,1.83074,96.66406,1.8089,1.17543,0.9912
24-Jan-22,1.75098,1.77996,1.81773,96.77344,1.7933,1.1233,0.984
25-Jan-22,1.8013,1.83122,1.87047,96.33594,1.84394,1.16135,1.02634
26-Jan-22,1.86184,1.89275,1.93217,95.8125,1.90755,1.22749,1.08882
27-Jan-22,1.82494,1.85517,1.89351,96.13281,1.86887,1.32126,1.19317
28-Jan-22,1.79479,1.82566,1.8637,96.38281,1.85071,1.31906,1.17128
31-Jan-22,1.7967,1.82762,1.86571,96.36719,1.85264,1.31118,1.16372
01-Feb-22,1.81482,1.8461,1.88472,96.21094,1.8597,1.31507,1.16411
02-Feb-22,1.78074,1.81138,1.84899,96.50781,1.82921,1.30659,1.15452
03-Feb-22,1.84123,1.87304,1.91245,95.98438,1.88632,1.34933,1.1909
04-Feb-22,1.948,1.97993,2.01453,95.07031,1.99975,1.49053,1.321
07-Feb-22,1.93171,1.96333,1.99745,95.21094,1.98355,1.47279,1.29538
08-Feb-22,1.97212,2.00453,2.03984,94.86719,2.02363,1.515,1.34042
09-Feb-22,1.93807,1.96754,2.00095,99.54787,1.99902,1.52045,1.34714
10-Feb-22,2.04268,2.07065,2.10118,98.61719,2.11328,1.76169,1.55926
11-Feb-22,1.96548,1.99333,2.02249,99.32031,2.02529,1.72402,1.51404
14-Feb-22,2.01496,2.04855,2.07923,98.91406,2.07467,1.78287,1.58666
15-Feb-22,2.06424,2.09664,2.14395,98.47656,2.1266,1.76837,1.56814
16-Feb-22,2.06428,2.09669,2.144,98.47656,2.1183,1.73212,1.52699
17-Feb-22,1.99214,2.02317,2.06828,99.11719,2.04979,1.69151,1.47651
18-Feb-22,1.94727,1.97867,2.01512,99.50781,2.00462,1.66927,1.47061
22-Feb-22,1.9648,1.99654,2.03352,99.35156,2.0292,1.75594,1.584
23-Feb-22,1.99465,2.02698,2.06486,99.08594,2.05956,1.77144,1.59862
24-Feb-22,1.9881,2.02019,2.05375,99.14062,2.05643,1.72639,1.5438
25-Feb-22,2.00113,2.03223,2.06994,99.02344,2.07045,1.7826,1.58466
28-Feb-22,1.85587,1.88353,1.91669,100.33594,1.92593,1.61222,1.42733
01-Mar-22,1.72554,1.75069,1.7799,101.51562,1.7789,1.42072,1.30294
02-Mar-22,1.88197,1.90869,1.9411,100.10156,1.95329,1.64779,1.50997
03-Mar-22,1.86107,1.8874,1.91918,100.28906,1.93411,1.71498,1.53499
04-Mar-22,1.73823,1.76221,1.79026,101.39844,1.81424,1.67982,1.4889
07-Mar-22,1.76455,1.79027,1.81855,101.14844,1.83481,1.72712,1.54723
08-Mar-22,1.88687,1.91497,1.94605,100.04688,1.95418,1.82525,1.62803
09-Mar-22,1.9649,1.99452,2.02796,99.35156,2.03499,1.87167,1.67576
10-Mar-22,2.02585,2.05666,2.09014,98.8125,2.093,1.9247,1.71759
11-Mar-22,2.02331,2.05409,2.08749,98.83594,2.09103,1.96132,1.74905
14-Mar-22,2.1583,2.18846,2.22752,97.64844,2.22938,2.06958,1.84653
15-Mar-22,2.17768,2.20872,2.24267,97.47656,2.25294,2.07849,1.85623
16-Mar-22,2.20491,2.23639,2.27116,97.24219,2.29752,2.1953,1.9657
17-Mar-22,2.21041,2.24201,2.27694,97.19531,2.29755,2.17818,1.93954
18-Mar-22,2.16555,2.1963,2.22775,97.58594,2.25795,2.20718,1.95478
21-Mar-22,2.33637,2.36871,2.40228,96.11719,2.42327,2.3899,2.12988
22-Mar-22,2.39622,2.42973,2.46512,95.60938,2.46598,2.39895,2.15159
23-Mar-22,2.34027,2.3727,2.40639,96.08594,2.39953,2.35747,2.11178
24-Mar-22,2.36059,2.39342,2.42772,95.91406,2.42164,2.39798,2.12307
25-Mar-22,2.51384,2.54867,2.582,94.625,2.5735,2.55067,2.29807
28-Mar-22,2.4972,2.53172,2.56394,94.76562,2.56409,2.6061,2.381
29-Mar-22,2.42026,2.45328,2.48315,95.41406,2.48251,2.56139,2.34954
30-Mar-22,2.37723,2.40952,2.43823,95.77344,2.42805,2.53656,2.32639
31-Mar-22,2.34423,2.37589,2.40359,96.05469,2.37665,2.50743,2.2872
01-Apr-22,2.39318,2.42236,2.44812,95.63281,2.43387,2.63943,2.43104
04-Apr-22,2.43186,2.46362,2.49225,95.32031,2.46406,2.64434,2.42619
05-Apr-22,2.57538,2.60977,2.64229,94.11719,2.59898,2.72078,2.50273
06-Apr-22,2.62935,2.66335,2.69897,93.67188,2.64862,2.7271,2.49999
07-Apr-22,2.67603,2.71096,2.748,93.28906,2.69,2.69571,2.4605
08-Apr-22,2.73635,2.77293,2.8109,92.79688,2.7714,2.77275,2.51768
11-Apr-22,2.80382,2.84175,2.88176,92.25,2.84415,2.75885,2.5057
12-Apr-22,2.74801,2.78514,2.82345,92.70312,2.77293,2.63314,2.38796
13-Apr-22,2.71052,2.74731,2.78448,93.00781,2.73779,2.60884,2.33991
14-Apr-22,2.83002,2.86769,2.90526,92.03906,2.85652,2.71327,2.4415
18-Apr-22,2.88462,2.92338,2.96261,91.60156,2.90992,2.72464,2.45935
19-Apr-22,2.93758,2.97372,3.01037,91.17969,2.97704,2.83544,2.57383
20-Apr-22,2.85791,2.89249,2.92669,91.82031,2.8909,2.85018,2.57738
21-Apr-22,2.94009,2.97556,3.0127,91.16406,2.96977,2.98775,2.69162
22-Apr-22,2.92744,2.96328,2.99275,91.25781,2.96196,3.01956,2.7144
25-Apr-22,2.8477,2.88142,2.90905,91.89844,2.87896,2.92438,2.62888
26-Apr-22,2.79175,2.82438,2.85029,92.35156,2.83674,2.85271,2.57628
27-Apr-22,2.83849,2.87205,2.89937,91.97656,2.89199,2.86857,2.57562
28-Apr-22,2.88351,2.91798,2.94666,91.61719,2.95374,2.97456,2.64632
29-Apr-22,2.90525,2.9375,2.96323,91.44531,2.97917,3.03836,2.69838
02-May-22,3.01772,3.05221,3.08136,90.55469,3.07635,3.06661,2.73014
03-May-22,2.9782,3.01162,3.03955,90.86719,3.03182,3.09181,2.76914
04-May-22,2.93518,2.96806,2.99681,91.21094,2.99859,2.96604,2.61361
05-May-22,3.08987,3.12584,3.1593,89.99219,3.14149,3.05892,2.72283
06-May-22,3.14687,3.1828,3.21672,89.55469,3.18486,3.02484,2.69497
09-May-22,3.10013,3.13514,3.16762,89.92188,3.12655,2.91489,2.61836
10-May-22,3.01386,3.04716,3.077,90.60156,3.05211,2.90689,2.62158
11-May-22,2.92725,2.95638,2.98109,99.70896,2.9828,2.91131,2.62788
12-May-22,2.83468,2.86125,2.88476,100.50781,2.90165,2.80882,2.52126
13-May-22,2.95732,2.989,3.02035,99.50781,3.01119,2.88508,2.59548
16-May-22,2.90142,2.9323,2.96161,99.98438,2.94662,2.85022,2.56668
17-May-22,2.99404,3.02693,3.05917,99.19531,3.03248,2.97905,2.69613
18-May-22,2.90768,2.93885,2.96841,99.92969,2.94458,2.94832,2.66629
19-May-22,2.87732,2.90781,2.93769,100.17969,2.91961,2.91213,2.61045
20-May-22,2.80737,2.83469,2.8588,100.77344,2.84468,2.87131,2.58065
23-May-22,2.88021,2.90898,2.93539,100.14844,2.90907,2.91295,2.6235
24-May-22,2.77984,2.80632,2.83023,101.00781,2.8148,2.79251,2.518
25-May-22,2.76674,2.79338,2.81691,101.11719,2.81337,2.78196,2.5
26-May-22,2.77727,2.80444,2.82832,101.02344,2.83509,2.79623,2.4859
27-May-22,2.76744,2.79512,2.81837,101.10156,2.82295,2.81359,2.49698
31-May-22,2.86195,2.89255,2.91691,100.28125,2.92728,2.90373,2.53933
01-Jun-22,2.951,2.98343,3.01057,99.52344,3.00774,3.02484,2.66187
02-Jun-22,2.93344,2.96255,2.98881,99.66406,2.99465,3.00911,2.63669
03-Jun-22,2.97361,3.00253,3.02729,99.32031,3.03429,3.04199,2.66571
06-Jun-22,3.05726,3.08789,3.11527,98.61719,3.1229,3.10566,2.73231
07-Jun-22,2.98769,3.01771,3.04297,99.19531,3.05002,3.08714,2.73363
08-Jun-22,3.04629,3.07751,3.10462,98.70312,3.10077,3.12043,2.7729
09-Jun-22,3.06032,3.09185,3.11941,98.58594,3.11379,3.19354,2.81437
10-Jun-22,3.17621,3.20402,3.22313,97.61719,3.2205,3.42757,3.04757
13-Jun-22,3.38862,3.41728,3.43271,95.85938,3.44014,3.66101,3.27877
14-Jun-22,3.50234,3.53102,3.54858,94.94531,3.55792,3.80041,3.43403
15-Jun-22,3.41186,3.43968,3.45304,95.67188,3.45438,3.64656,3.27351
16-Jun-22,3.32233,3.34833,3.35891,96.39844,3.35645,3.6072,3.15712
17-Jun-22,3.25591,3.27946,3.28771,96.94531,3.3041,3.59522,3.16275
21-Jun-22,3.32305,3.34798,3.35834,96.39844,3.37282,3.59801,3.19633
22-Jun-22,3.17238,3.19424,3.19993,97.63281,3.23186,3.45015,3.05489
23-Jun-22,3.08471,3.10479,3.10776,98.35938,3.1401,3.38277,3.01138
24-Jun-22,3.14047,3.16109,3.16646,97.89844,3.20841,3.39287,3.05577
27-Jun-22,3.20904,3.23043,3.23687,97.32812,3.27025,3.44049,3.1081
28-Jun-22,3.22341,3.2451,3.252,97.21094,3.28281,3.44839,3.1218
29-Jun-22,3.1078,3.12714,3.13083,98.16406,3.17466,3.39826,3.05172
30-Jun-22,2.98832,3.00426,3.00452,99.16406,3.05053,3.24174,2.92596
01-Jul-22,2.91628,2.92978,2.93347,99.76562,2.9822,3.1518,2.84203
05-Jul-22,2.82213,2.83376,2.83325,100.5625,2.88634,3.08866,2.81433
06-Jul-22,2.92316,2.93493,2.93476,99.69531,2.99288,3.22888,2.95889
07-Jul-22,3.02018,3.0339,3.03365,98.88281,3.09606,3.31326,3.03972
08-Jul-22,3.1115,3.12513,3.12244,98.10938,3.19017,3.4066,3.11912
11-Jul-22,3.0015,3.01282,3.00668,99.02344,3.07333,3.33013,3.06765
12-Jul-22,2.96744,2.97789,2.97259,99.30469,3.03437,3.28504,3.04191
13-Jul-22,2.91427,2.91914,2.9008,99.74219,2.98752,3.40213,3.14023
14-Jul-22,2.96657,2.97271,2.9598,99.29688,3.03699,3.4234,3.14246
15-Jul-22,2.93749,2.94419,2.93011,99.53906,2.99997,3.39598,3.13254
18-Jul-22,2.96708,2.97314,2.96156,99.28906,3.02623,3.4042,3.15773
19-Jul-22,3.0262,3.03345,3.02374,98.79688,3.08318,3.47669,3.22901
20-Jul-22,3.04382,3.05205,3.04198,98.64844,3.10524,3.49037,3.24921
21-Jul-22,2.91455,2.9202,2.90607,99.72656,2.98043,3.33466,3.09444
22-Jul-22,2.78584,2.78955,2.77616,100.80469,2.852,3.21026,2.98987
25-Jul-22,2.82456,2.8275,2.81185,100.47656,2.89465,3.2653,3.03244
26-Jul-22,2.79092,2.79267,2.77691,100.75781,2.86308,3.27577,3.04056
27-Jul-22,2.73431,2.73546,2.71984,101.23438,2.81419,3.21891,2.96758
28-Jul-22,2.68397,2.68412,2.66692,101.66406,2.76074,3.13399,2.87553
29-Jul-22,2.64282,2.64215,2.62369,102.01562,2.71383,3.15724,2.89558
01-Aug-22,2.60735,2.60596,2.5864,102.32031,2.66459,3.16864,2.90758
02-Aug-22,2.7441,2.74401,2.72653,101.14844,2.81128,3.34288,3.07731
03-Aug-22,2.75163,2.75179,2.73487,101.08594,2.82281,3.39159,3.10699
04-Aug-22,2.67735,2.67602,2.65677,101.71875,2.73878,3.31203,3.03455
05-Aug-22,2.84306,2.84256,2.82348,100.3125,2.90191,3.51858,3.24629
08-Aug-22,2.76623,2.76263,2.74144,100.96094,2.81319,3.48372,3.21462
09-Aug-22,2.80121,2.79873,2.77707,100.66406,2.84837,3.54533,3.28513
10-Aug-22,2.783,2.77813,2.75309,99.74324,2.83158,3.4814,3.21307
11-Aug-22,2.89114,2.88938,2.86873,98.82031,2.94038,3.52115,3.22678
12-Aug-22,2.85591,2.85242,2.83256,99.14844,2.8999,3.56197,3.25568
15-Aug-22,2.79762,2.7928,2.77118,99.64844,2.8287,3.50503,3.20187
16-Aug-22,2.8305,2.82632,2.8057,99.36719,2.86625,3.54943,3.25006
17-Aug-22,2.90213,2.90205,2.88091,98.75781,2.94381,3.61644,3.29425
18-Aug-22,2.88743,2.88676,2.86671,98.88281,2.92804,3.58591,3.23395
19-Aug-22,2.99656,2.9958,2.98031,97.96094,3.04103,3.61657,3.26317
22-Aug-22,3.04398,3.04403,3.02875,97.57031,3.09727,3.71542,3.33612
23-Aug-22,3.06277,3.06318,3.04727,97.41406,3.13225,3.68057,3.3325
24-Aug-22,3.11548,3.11601,3.10077,96.97656,3.18555,3.7157,3.38543
25-Aug-22,3.03224,3.03187,3.01288,97.66406,3.11101,3.71256,3.37319
26-Aug-22,3.04165,3.04139,3.02064,97.57031,3.11331,3.71538,3.39155
29-Aug-22,3.11694,3.11755,3.09788,96.94531,3.19771,3.77584,3.42624
30-Aug-22,3.11553,3.11567,3.09703,96.95312,3.20259,3.82494,3.46403
31-Aug-22,3.13923,3.13984,3.12192,96.75781,3.22095,3.805,3.44894
01-Sep-22,3.27266,3.27587,3.26198,95.66406,3.35582,3.87852,3.52092
02-Sep-22,3.19761,3.19936,3.18326,96.28125,3.28463,3.75535,3.39657
06-Sep-22,3.34722,3.35159,3.33301,95.05469,3.41879,3.87416,3.49984
07-Sep-22,3.27122,3.27511,3.25428,95.66406,3.3426,3.81927,3.44642
08-Sep-22,3.2973,3.29868,3.28167,95.45312,3.36389,3.85342,3.49009
09-Sep-22,3.32759,3.32957,3.3135,95.21094,3.39275,3.91122,3.57
12-Sep-22,3.3653,3.36226,3.34382,94.88281,3.43075,3.90329,3.56936
13-Sep-22,3.42739,3.42456,3.3999,94.38281,3.48917,4.11611,3.75387
14-Sep-22,3.41575,3.41118,3.38676,94.48438,3.48027,4.16663,3.78078
15-Sep-22,3.46381,3.45989,3.43479,94.10156,3.53392,4.28277,3.87097
16-Sep-22,3.45058,3.44658,3.42177,94.19531,3.52028,4.24016,3.85755
19-Sep-22,3.49199,3.48925,3.46433,93.86719,3.55941,4.31987,3.94532
20-Sep-22,3.57585,3.5737,3.55148,93.20312,3.63856,4.34442,3.9622
21-Sep-22,3.5147,3.51105,3.48515,93.6875,3.57653,4.38788,3.99298
22-Sep-22,3.71212,3.7122,3.68999,92.14062,3.75772,4.53298,4.12545
23-Sep-22,3.70213,3.70162,3.67913,92.22656,3.7389,4.61521,4.21185
26-Sep-22,3.88826,3.89016,3.87331,90.80469,3.89669,4.65848,4.307
27-Sep-22,3.97131,3.97536,3.96108,90.17188,3.95328,4.5925,4.3056
28-Sep-22,3.71261,3.71154,3.6894,92.15625,3.75644,4.40301,4.09184
29-Sep-22,3.75422,3.75418,3.73344,91.83594,3.79398,4.45445,4.16674
30-Sep-22,3.81205,3.81277,3.79263,91.39844,3.85767,4.48074,4.20645
03-Oct-22,3.65668,3.65371,3.62947,92.60156,3.6896,4.40801,4.10416
04-Oct-22,3.62182,3.61735,3.59333,92.86719,3.61819,4.38246,4.09462
05-Oct-22,3.76462,3.76278,3.74375,91.75781,3.78473,4.44778,4.14811
06-Oct-22,3.82987,3.82788,3.80931,91.25781,3.84466,4.5345,4.24852
07-Oct-22,3.89115,3.89059,3.86775,90.79688,3.89418,4.62946,4.30678
11-Oct-22,3.9447,3.94239,3.92139,90.38281,3.9508,4.64492,4.31413
12-Oct-22,3.9078,3.90449,3.88207,90.66406,3.92333,4.61875,4.28586
13-Oct-22,3.95899,3.95278,3.9248,90.27344,3.95432,4.79482,4.44771
14-Oct-22,4.01044,4.00537,3.97967,89.88281,4.00379,4.88321,4.50441
17-Oct-22,4.01803,4.01234,3.98518,89.82812,4.00431,4.83959,4.4549
18-Oct-22,4.00147,3.99565,3.968,89.95312,3.98587,4.81067,4.43604
19-Oct-22,4.13481,4.13165,4.10748,88.96094,4.12458,4.91536,4.55101
20-Oct-22,4.23188,4.23015,4.20963,88.24219,4.24088,5.0057,4.60894
21-Oct-22,4.21774,4.21605,4.19515,88.35156,4.22057,4.87331,4.48936
24-Oct-22,4.23654,4.23502,4.21569,88.21094,4.23866,4.86928,4.49712
25-Oct-22,4.11396,4.10999,4.08689,89.11719,4.13367,4.83713,4.4645
26-Oct-22,4.01747,4.01189,3.98679,89.83594,4.02847,4.76515,4.41727
27-Oct-22,3.93973,3.93261,3.90513,90.42188,3.94565,4.67037,4.32042
28-Oct-22,4.01027,4.00412,3.97686,89.89062,4.04502,4.79073,4.42037
31-Oct-22,4.07868,4.07392,4.04876,89.38281,4.11948,4.86903,4.49998
01-Nov-22,4.05275,4.04652,4.02152,89.57812,4.10251,4.91119,4.53948
02-Nov-22,4.06146,4.05541,4.03069,89.51562,4.11685,4.96598,4.56768
03-Nov-22,4.12604,4.1213,4.09546,89.03906,4.17777,5.08315,4.70026
04-Nov-22,4.16094,4.15596,4.13218,88.78906,4.20134,5.02651,4.65106
07-Nov-22,4.2166,4.21276,4.18945,88.38281,4.23054,5.07506,4.72482
08-Nov-22,4.12983,4.12422,4.09827,89.02344,4.1378,5.02504,4.67057
09-Nov-22,4.14145,4.13334,4.10612,99.87698,4.14799,4.9839,4.62675
10-Nov-22,3.82686,3.81287,3.78034,102.44531,3.83696,4.69541,4.32479
14-Nov-22,3.87064,3.86026,3.83014,102.13281,3.8593,4.75763,4.40663
15-Nov-22,3.80164,3.7898,3.75747,102.70312,3.78506,4.68698,4.36029
16-Nov-22,3.69572,3.68165,3.64595,103.58594,3.66531,4.68356,4.36232
17-Nov-22,3.77448,3.76306,3.7305,102.91406,3.74501,4.76869,4.45309
18-Nov-22,3.81942,3.80893,3.77771,102.53906,3.80199,4.83381,4.50848
21-Nov-22,3.82827,3.81817,3.78433,102.46094,3.8177,4.85412,4.523
22-Nov-22,3.75754,3.7437,3.70664,103.04688,3.72455,4.81636,4.51548
23-Nov-22,3.70956,3.6947,3.65607,103.44531,3.68022,4.79287,4.48246
25-Nov-22,3.70098,3.68512,3.64776,103.50781,3.67436,4.79303,4.4773
28-Nov-22,3.69959,3.68359,3.64762,103.50781,3.67349,4.78514,4.47008
29-Nov-22,3.74599,3.73117,3.69574,103.11719,3.70447,4.7853,4.47214
30-Nov-22,3.69881,3.68323,3.64573,103.50781,3.66064,4.68106,4.37095
01-Dec-22,3.52195,3.50291,3.4603,105,3.48905,4.58141,4.25328
02-Dec-22,3.49958,3.48023,3.43553,105.19531,3.46136,4.58882,4.27896
05-Dec-22,3.59732,3.57992,3.53835,104.36719,3.56532,4.70199,4.39257
06-Dec-22,3.51058,3.49117,3.44675,105.10156,3.46123,4.66583,4.35913
07-Dec-22,3.40418,3.38264,3.33477,106.00781,3.376,4.57549,4.25403
08-Dec-22,3.48631,3.46708,3.42507,105.27344,3.46559,4.62727,4.30974
09-Dec-22,3.56153,3.54378,3.50413,104.63281,3.54905,4.6398,4.32758
12-Dec-22,3.60462,3.58752,3.54633,104.25781,3.59395,4.69388,4.40159
13-Dec-22,3.49379,3.47501,3.43023,105.1875,3.48233,4.52781,4.22662
14-Dec-22,3.49456,3.47579,3.43101,105.17969,3.48304,4.53291,4.24502
15-Dec-22,3.44111,3.42126,3.37472,105.63281,3.44079,4.54786,4.24567
16-Dec-22,3.47277,3.45353,3.40793,105.35938,3.4718,4.49743,4.17825
19-Dec-22,3.57527,3.55651,3.51125,104.49219,3.55391,4.54829,4.26093
20-Dec-22,3.67789,3.66119,3.61922,103.63281,3.63324,4.57078,4.26371
21-Dec-22,3.67778,3.66107,3.61907,103.63281,3.64509,4.52721,4.21371
22-Dec-22,3.66359,3.64659,3.6041,103.75,3.64083,4.55148,4.26402
23-Dec-22,3.74054,3.72352,3.68353,103.10156,3.71328,4.60948,4.32108
27-Dec-22,3.85287,3.83632,3.79958,102.17969,3.81037,4.69126,4.36558
28-Dec-22,3.88057,3.86457,3.8287,101.95312,3.84432,4.67671,4.35715
29-Dec-22,3.82885,3.8118,3.77422,102.375,3.80089,4.67443,4.36644
30-Dec-22,3.82294,3.80297,3.7607,102.40625,3.78732,4.69302,4.40091
03-Jan-23,3.78556,3.76761,3.72754,102.72656,3.73573,4.68511,4.40416
04-Jan-23,3.70141,3.68081,3.63834,103.41406,3.65957,4.67491,4.38559
05-Jan-23,3.7141,3.69198,3.64888,103.30469,3.67409,4.73656,4.45235
06-Jan-23,3.56045,3.53542,3.48734,104.57812,3.51636,4.55548,4.25881
09-Jan-23,3.50727,3.48116,3.43136,105.02344,3.45965,4.49031,4.19832
10-Jan-23,3.60953,3.5857,3.53913,104.16406,3.55975,4.53561,4.25663
11-Jan-23,3.54562,3.52039,3.47208,104.69531,3.51022,4.49836,4.22731
