"Date","TY: 10 Yr Tsy Note Rolling Front Open","TY: 10 Yr Tsy Note Rolling Front Contract Fair Value","TY: 10 Yr Tsy Note Rolling Front Implied Volatility","TY: 10 Yr Tsy Note Rolling Front Basis of CTD Bond","TY: 10 Yr Tsy Note Rolling Front Term Repo Rate","TY: 10 Yr Tsy Note Rolling Front CTD Bond","TY: 10 Yr Tsy Note Rolling Front Clean Price of CTD Bond","TY: 10 Yr Tsy Note Rolling Front Bond Equivalent Yield"
09-Jan-18,123.46875,123.03956,3.49684,0.1918,1.57807,21411.24,98.70312,N/A
10-Jan-18,122.98438,122.98431,3.49262,0.18245,1.57757,21411.24,98.65625,N/A
11-Jan-18,122.96875,123.08532,3.42497,0.1605,1.59032,21411.24,98.73438,N/A
12-Jan-18,122.98438,122.90223,3.3846,0.15436,1.59835,21411.24,98.57812,N/A
16-Jan-18,122.92188,122.94465,3.41159,0.14808,1.59487,21411.24,98.60938,N/A
17-Jan-18,122.98438,122.63474,3.3944,0.16078,1.59544,21411.24,98.35938,N/A
18-Jan-18,122.54688,122.44216,3.6199,0.16715,1.59716,21411.24,98.20312,N/A
19-Jan-18,122.375,122.23645,3.68327,0.13288,1.60459,21411.24,98.03125,N/A
22-Jan-18,122.28125,122.06338,3.89948,0.14237,1.60197,21411.24,97.89062,N/A
23-Jan-18,122.17188,122.39936,3.78667,0.1453,1.60598,21411.24,98.15625,N/A
24-Jan-18,122.48438,122.16788,4.04816,0.13293,1.60912,21411.24,97.96875,N/A
25-Jan-18,122.25,122.42057,3.63233,0.14451,1.61655,21411.24,98.16797,N/A
26-Jan-18,122.4375,122.04394,4.05773,0.13614,1.62077,21411.24,97.85938,N/A
29-Jan-18,122.04688,121.79299,4.05602,0.13316,1.56602,21411.24,97.65625,N/A
30-Jan-18,121.8125,121.6201,4.32228,0.13014,1.56378,21411.24,97.51562,N/A
31-Jan-18,121.65625,121.5453,4.16954,0.11768,1.57,21411.24,97.45312,N/A
01-Feb-18,121.67188,121.21169,4.21508,0.12414,1.56502,21411.24,97.17188,N/A
02-Feb-18,121.09375,120.71179,4.26484,0.10568,1.53856,21411.24,96.76562,N/A
05-Feb-18,120.8125,121.26284,4.58638,0.11787,1.58988,21411.24,97.20312,N/A
06-Feb-18,121.95312,121.49942,5.00925,0.13023,1.59204,21411.24,97.39062,N/A
07-Feb-18,121.20312,120.99385,4.79714,0.11177,1.5734,21411.24,96.98438,N/A
08-Feb-18,121.07812,120.88047,5.49859,0.10559,1.45839,21411.24,96.89062,N/A
09-Feb-18,121.03125,121.16232,5.35711,0.09917,1.4761,21411.24,97.10938,N/A
12-Feb-18,120.9375,120.89126,5.10775,0.10559,1.54391,21411.24,96.89062,N/A
13-Feb-18,120.84375,120.97257,5.28355,0.08052,1.56606,21411.24,96.95312,N/A
14-Feb-18,121.03125,120.31223,4.85811,0.08718,1.1601,21411.24,96.42188,N/A
15-Feb-18,120.40625,120.4326,4.05679,0.08085,1.58632,21411.24,96.51562,N/A
16-Feb-18,120.3125,120.5618,3.84524,0.07453,1.59938,21411.24,96.60938,N/A
20-Feb-18,120.5625,120.46703,4.48157,0.07146,1.52646,21411.24,96.53125,N/A
21-Feb-18,120.48438,120.17684,5.47817,0.06225,1.39893,21411.24,96.29688,N/A
22-Feb-18,120.14062,120.41218,4.49065,0.07462,1.46809,21411.24,96.48438,N/A
23-Feb-18,120.375,120.73576,N/A,0.07443,N/A,21411.24,96.73438,N/A
26-Feb-18,120.73438,120.83658,N/A,0.0775,N/A,21411.24,96.8125,N/A
27-Feb-18,120.76562,120.39014,N/A,0.06839,N/A,21411.24,96.45312,N/A
28-Feb-18,120.45312,120.62757,N/A,0.04323,N/A,21411.24,96.64062,N/A
01-Mar-18,120.6875,121.21666,N/A,0.07415,N/A,21411.24,97.10938,N/A
02-Mar-18,121.17188,120.79569,N/A,0.05565,N/A,21411.24,96.76562,N/A
05-Mar-18,120.78125,120.6619,N/A,0.05886,N/A,21411.24,96.65625,N/A
06-Mar-18,120.65625,120.68314,N/A,0.06197,N/A,21411.24,96.67188,N/A
07-Mar-18,120.71875,120.64828,N/A,0.05574,N/A,21411.24,96.64062,N/A
08-Mar-18,120.64062,120.76843,N/A,0.0244,N/A,21411.24,96.73438,N/A
09-Mar-18,120.8125,120.65934,N/A,0.04323,N/A,21411.24,96.64062,N/A
12-Mar-18,120.60938,120.81929,N/A,0.01812,N/A,21411.24,96.76562,N/A
13-Mar-18,120.82812,120.90036,N/A,0.01807,N/A,21411.24,96.82812,N/A
14-Mar-18,120.98438,121.1181,N/A,0.01482,N/A,21411.24,97,N/A
15-Mar-18,121.09375,121.06245,N/A,0.00547,N/A,21411.24,96.95312,N/A
16-Mar-18,121.07812,120.91637,N/A,-0.02147,N/A,21811.24,96.01562,N/A
19-Mar-18,120.96875,120.99494,N/A,0.01802,N/A,21411.24,96.89062,N/A
20-Mar-18,120.28125,120.12633,4.07714,0.26782,1.93515,23402.25,99.60938,N/A
21-Mar-18,119.96875,119.97644,3.92087,0.25915,1.95657,23402.25,99.48438,N/A
22-Mar-18,120.10938,120.52944,3.77827,0.24698,1.94273,23402.25,99.9375,N/A
23-Mar-18,120.54688,120.63287,3.87807,0.24755,1.93037,23402.25,100.01562,N/A
26-Mar-18,120.64062,120.48683,3.86172,0.23888,1.91963,23402.25,99.89062,N/A
27-Mar-18,120.375,120.90697,3.95636,0.22073,1.94635,23402.25,100.23438,N/A
28-Mar-18,121,120.90578,3.9896,0.22073,1.87333,23402.25,100.23438,N/A
29-Mar-18,120.8125,121.1627,3.88907,0.22998,1.88441,23402.25,100.4375,N/A
02-Apr-18,121.03125,121.26123,4.00428,0.2047,1.88661,23402.25,100.51562,N/A
03-Apr-18,121.25,120.86572,3.85924,0.22555,1.88049,23402.25,100.1875,N/A
04-Apr-18,120.90625,120.83265,3.76287,0.20722,1.89534,23402.25,100.15625,N/A
05-Apr-18,120.70312,120.57043,3.69516,0.2082,1.89458,23402.25,99.9375,N/A
06-Apr-18,120.5625,121.01517,3.67636,0.19275,1.90141,23402.25,100.29688,N/A
09-Apr-18,120.98438,120.92298,3.56104,0.2051,1.89549,23402.25,100.21875,N/A
10-Apr-18,120.92188,120.79272,3.52052,0.21205,1.89374,23402.25,100.10938,N/A
11-Apr-18,120.71875,120.85088,3.4417,0.1943,1.89541,23402.25,100.15625,N/A
12-Apr-18,120.90625,120.47601,3.51268,0.192,1.89602,23402.25,99.84375,N/A
13-Apr-18,120.46875,120.5036,3.5063,0.1947,1.89571,23402.25,99.85938,N/A
16-Apr-18,120.46875,120.47087,3.48826,0.17638,1.90844,23402.25,99.82812,N/A
17-Apr-18,120.4375,120.57287,3.32682,0.17695,1.90155,23402.25,99.90625,N/A
18-Apr-18,120.45312,120.14153,3.41919,0.16655,1.87081,23402.25,99.54688,N/A
19-Apr-18,120.14062,119.84084,3.46275,0.17505,1.89118,23402.25,99.29688,N/A
20-Apr-18,119.84375,119.58595,3.55017,0.18895,1.91418,23402.25,99.07812,N/A
23-Apr-18,119.48438,119.36351,3.71515,0.1824,1.89878,23402.25,98.89062,N/A
24-Apr-18,119.3125,119.36613,3.77441,0.1824,1.90051,23402.25,98.89062,N/A
25-Apr-18,119.1875,119.10527,4.07497,0.17045,1.88061,23402.25,98.67188,N/A
26-Apr-18,119.04688,119.30508,3.84643,0.14845,1.89937,23402.25,98.84375,N/A
27-Apr-18,119.32812,119.50352,3.5561,0.1496,1.9033,23402.25,99,N/A
30-Apr-18,119.48438,119.63912,3.61068,0.15557,1.90782,23402.25,99.10938,N/A
01-May-18,119.54688,119.37687,3.69261,0.14363,1.90452,23402.25,98.89062,N/A
02-May-18,119.45312,119.51247,3.46462,0.13667,1.91817,23402.25,99,N/A
03-May-18,119.51562,119.68593,3.4636,0.13512,1.91312,23402.25,99.14062,N/A
04-May-18,119.6875,119.69424,3.20568,0.1222,1.91689,23402.25,99.14062,N/A
07-May-18,119.625,119.67509,3.38482,0.1195,1.91581,23402.25,99.125,N/A
08-May-18,119.64062,119.51651,3.57247,0.12105,1.91776,23402.25,98.98438,N/A
09-May-18,119.45312,119.25426,3.69,0.1091,1.9522,23402.25,98.76562,N/A
10-May-18,119.21875,119.40864,3.28887,0.1307,1.79209,23402.25,98.89062,N/A
11-May-18,119.42188,119.41727,2.99022,0.11778,1.8771,23402.25,98.89062,N/A
14-May-18,119.375,119.26869,3.21867,0.12202,1.89216,23402.25,98.76562,N/A
15-May-18,119.15625,118.62789,3.85475,0.1207,1.90121,23402.25,98.23438,N/A
16-May-18,118.67188,118.55508,3.88799,0.1099,1.86815,23402.25,98.17188,N/A
17-May-18,118.5,118.53907,3.68509,0.12012,1.93126,23402.25,98.15625,N/A
18-May-18,118.46875,118.85065,3.28575,0.0987,1.9202,23402.25,98.40625,N/A
21-May-18,118.71875,118.85355,4.34609,0.0987,1.93201,23402.25,98.40625,N/A
22-May-18,118.875,118.85645,3.8232,0.07285,1.92881,23402.25,98.40625,N/A
23-May-18,118.875,119.3703,4.48376,0.0682,2.00142,23402.25,98.82812,N/A
24-May-18,119.40625,119.50563,3.75678,0.0871,1.96584,23402.25,98.9375,N/A
25-May-18,119.48438,119.87654,N/A,0.0867,N/A,23402.25,99.23438,N/A
29-May-18,119.82812,121.24149,N/A,0.0743,N/A,23402.25,100.35938,N/A
30-May-18,121.23438,120.60107,N/A,0.06005,N/A,23402.25,99.82812,N/A
31-May-18,120.53125,120.73629,N/A,0.06603,N/A,23402.25,99.9375,N/A
01-Jun-18,120.54688,120.15836,N/A,0.04695,N/A,23402.25,99.45312,N/A
04-Jun-18,120.125,119.82076,N/A,0.05005,N/A,23402.25,99.17188,N/A
05-Jun-18,119.78125,120.03162,N/A,0.0539,N/A,23402.25,99.34375,N/A
06-Jun-18,119.95312,119.63733,N/A,0.06182,N/A,23402.25,99.01562,N/A
07-Jun-18,119.625,119.91337,N/A,0.035,N/A,23402.25,99.23438,N/A
08-Jun-18,119.9375,119.92066,N/A,0.035,N/A,23402.25,99.23438,N/A
11-Jun-18,119.85938,119.77183,N/A,0.03925,N/A,23402.25,99.10938,N/A
12-Jun-18,119.76562,119.75536,N/A,0.04947,N/A,23402.25,99.09375,N/A
13-Jun-18,119.70312,119.51203,N/A,0.0273,N/A,23402.25,98.89062,N/A
14-Jun-18,119.57812,119.76023,N/A,0.03655,N/A,23402.25,99.09375,N/A
15-Jun-18,119.875,119.88129,N/A,0.01397,N/A,23402.25,99.1875,N/A
18-Jun-18,119.9375,119.88099,N/A,0.00105,N/A,23402.25,99.1875,N/A
19-Jun-18,119.95312,120.12932,N/A,0.0103,N/A,23402.25,99.39062,N/A
20-Jun-18,119.79688,119.58813,3.77352,0.2072,2.14068,27805.25,99.9375,N/A
21-Jun-18,119.5,119.83055,3.86763,0.20188,2.14918,27805.25,100.14062,N/A
22-Jun-18,119.84375,119.80649,3.81446,0.19668,2.15145,27805.25,100.10938,N/A
25-Jun-18,119.85938,119.997,3.87774,0.18357,2.1506,27805.25,100.26562,N/A
26-Jun-18,119.95312,119.96203,3.74834,0.17838,2.14761,27805.25,100.23438,N/A
27-Jun-18,119.98438,120.36102,3.88365,0.1808,2.14465,27805.25,100.5625,N/A
28-Jun-18,120.375,120.17529,3.78806,0.19391,2.14142,27805.25,100.40625,N/A
29-Jun-18,120.26562,120.16474,3.65343,0.17829,2.13715,27805.25,100.39062,N/A
02-Jul-18,120.125,120.05459,3.64698,0.17573,2.14588,27805.25,100.29688,N/A
03-Jul-18,120.03125,120.28089,3.69688,0.16781,2.13341,27805.25,100.48438,N/A
05-Jul-18,120.34375,120.22736,3.75272,0.17305,2.14482,27805.25,100.4375,N/A
06-Jul-18,120.34375,120.32996,3.54571,0.17301,2.13423,27805.25,100.51562,N/A
09-Jul-18,120.375,120.10663,3.5816,0.1679,2.12511,27805.25,100.32812,N/A
10-Jul-18,120.125,119.99666,3.58875,0.16535,2.11268,27805.25,100.23438,N/A
11-Jul-18,120.23438,120.22525,3.61793,0.15743,2.11853,27805.25,100.42188,N/A
12-Jul-18,120.17188,120.1526,3.50447,0.17309,2.13385,27805.25,100.35938,N/A
13-Jul-18,120.21875,120.3302,3.49326,0.14435,2.12279,27805.25,100.5,N/A
16-Jul-18,120.39062,120.14488,3.52293,0.14444,2.12137,27805.25,100.34375,N/A
17-Jul-18,120.1875,120.09101,3.43024,0.13665,2.14223,27805.25,100.29688,N/A
18-Jul-18,120.10938,120.05603,3.28328,0.15751,2.14394,27805.25,100.26562,N/A
19-Jul-18,120.07812,120.26573,3.43807,0.13397,2.14496,27805.25,100.4375,N/A
20-Jul-18,120.32812,119.97282,3.53942,0.14453,2.13,27805.25,100.1875,N/A
23-Jul-18,120.01562,119.46805,3.82739,0.13955,2.12774,27805.25,99.76562,N/A
24-Jul-18,119.5625,119.54606,3.60074,0.13691,2.13361,27805.25,99.82812,N/A
25-Jul-18,119.54688,119.64292,3.51863,0.13687,2.14384,27805.25,99.90625,N/A
26-Jul-18,119.375,119.32625,3.58528,0.13181,2.14329,27805.25,99.64062,N/A
27-Jul-18,119.32812,119.43251,3.43441,0.13176,2.07191,27805.25,99.71875,N/A
30-Jul-18,119.48438,119.36004,3.61871,0.12137,2.07336,27805.25,99.65625,N/A
31-Jul-18,119.375,119.41949,3.38484,0.12917,2.07588,27805.25,99.70312,N/A
01-Aug-18,119.40625,119.15904,3.46463,0.11887,2.05559,27805.25,99.48438,N/A
02-Aug-18,119.17188,119.31219,3.4048,0.11358,2.06519,27805.25,99.60938,N/A
03-Aug-18,119.29688,119.60211,3.32889,0.11345,2.06563,27805.25,99.84375,N/A
06-Aug-18,119.60938,119.71784,3.31807,0.10298,2.05774,27805.25,99.9375,N/A
07-Aug-18,119.70312,119.45732,3.34379,0.10571,2.04183,27805.25,99.71875,N/A
08-Aug-18,119.46875,119.46019,3.29092,0.07965,1.98351,27805.25,99.71875,N/A
09-Aug-18,119.53125,119.70704,3.06683,0.10038,2.01024,27805.25,99.92188,N/A
10-Aug-18,119.75,120.33515,3.61897,0.06882,2.07119,27805.25,100.4375,N/A
13-Aug-18,120.3125,120.22511,3.75547,0.0793,2.06659,27805.25,100.34375,N/A
14-Aug-18,120.15625,120.09635,3.20752,0.08718,2.07035,27805.25,100.23438,N/A
15-Aug-18,120.0625,120.41837,3.7155,0.07921,2.07957,27805.25,100.5,N/A
16-Aug-18,120.32812,120.25214,3.41135,0.0819,2.08901,27805.25,100.35938,N/A
17-Aug-18,120.3125,120.24125,3.29447,0.0793,2.05475,27805.25,100.34375,N/A
20-Aug-18,120.32812,120.61954,4.22745,0.07913,2.06038,27805.25,100.65625,N/A
21-Aug-18,120.67188,120.44994,3.74259,0.08181,2.06491,27805.25,100.51562,N/A
22-Aug-18,120.57812,120.60614,4.15261,0.0635,2.02633,27805.25,100.64062,N/A
23-Aug-18,120.60938,120.57126,4.07887,0.05831,2.01383,27805.25,100.60938,N/A
24-Aug-18,120.51562,120.50418,N/A,0.06095,N/A,27805.25,100.54688,N/A
27-Aug-18,120.60938,120.33789,N/A,0.06363,N/A,27805.25,100.40625,N/A
28-Aug-18,120.35938,120.09654,N/A,0.06896,N/A,27805.25,100.20312,N/A
29-Aug-18,120.125,120.08044,N/A,0.05333,N/A,27805.25,100.1875,N/A
30-Aug-18,120.07812,120.27081,N/A,0.06627,N/A,27805.25,100.34375,N/A
31-Aug-18,120.3125,120.39407,N/A,0.0558,N/A,27805.25,100.4375,N/A
04-Sep-18,120.32812,120.07774,N/A,0.06376,N/A,27805.25,100.17188,N/A
05-Sep-18,120.10938,120.09918,N/A,0.05333,N/A,27805.25,100.1875,N/A
06-Sep-18,120.125,120.30823,N/A,0.05584,N/A,27805.25,100.35938,N/A
07-Sep-18,120.32812,119.79097,N/A,0.03524,N/A,27805.25,99.92188,N/A
10-Sep-18,119.76562,119.79365,N/A,0.02221,N/A,27805.25,99.92188,N/A
11-Sep-18,119.8125,119.47748,N/A,0.01715,N/A,27805.25,99.65625,N/A
12-Sep-18,119.51562,119.57245,N/A,0.00408,N/A,27805.25,99.73438,N/A
13-Sep-18,119.5625,119.57524,N/A,0.01711,N/A,27805.25,99.73438,N/A
14-Sep-18,119.57812,119.33986,N/A,0.0094,N/A,27805.25,99.53125,N/A
17-Sep-18,119.34375,119.28642,N/A,0.00161,N/A,27805.25,99.48438,N/A
18-Sep-18,119.48438,118.98924,N/A,0.0252,N/A,27805.25,99.23438,N/A
19-Sep-18,118.73438,118.51852,3.61492,0.12823,2.27441,23408.25,98.20312,N/A
20-Sep-18,118.70312,118.53288,3.5601,0.118,2.29704,23408.25,98.21875,N/A
21-Sep-18,118.65625,118.60359,3.53397,0.10025,2.29468,23408.25,98.26562,N/A
24-Sep-18,118.70312,118.55116,3.5071,0.1061,2.29513,27807.25,99.01562,N/A
25-Sep-18,118.51562,118.39727,3.59043,0.10933,2.30274,23408.25,98.09375,N/A
26-Sep-18,118.4375,118.66416,3.41314,0.09542,2.31552,23408.25,98.3125,N/A
27-Sep-18,118.82812,118.70397,3.30782,0.11375,2.30862,23408.25,98.34375,N/A
28-Sep-18,118.76562,118.72898,3.26113,0.10353,2.30925,23408.25,98.35938,N/A
01-Oct-18,118.71875,118.62038,3.32598,0.09827,2.3139,27807.25,99.04688,N/A
02-Oct-18,118.625,118.78421,3.30366,0.10892,2.3275,23408.25,98.39062,N/A
03-Oct-18,118.75,118.08397,3.55027,0.0995,2.32619,23408.25,97.8125,N/A
04-Oct-18,117.98438,117.8322,3.90517,0.11948,2.32487,27807.25,98.39062,N/A
05-Oct-18,117.89062,117.62382,3.94653,0.0837,2.32294,23408.25,97.42188,N/A
09-Oct-18,117.64062,117.77265,3.86646,0.09237,2.33473,23408.25,97.54688,N/A
10-Oct-18,117.79688,117.69823,3.98749,0.08157,2.3262,23408.25,97.48438,N/A
11-Oct-18,118.20312,118.3696,3.9055,0.11402,2.32986,27807.25,98.82812,N/A
12-Oct-18,118.23438,118.30617,3.69707,0.09061,2.33411,27807.25,98.76562,N/A
15-Oct-18,118.17188,118.12006,3.63973,0.09069,2.34637,27807.25,98.60938,N/A
16-Oct-18,118.21875,118.17346,3.45468,0.08546,2.3443,27807.25,98.65625,N/A
17-Oct-18,118.125,118.01175,3.2894,0.08814,2.34192,27807.25,98.51562,N/A
18-Oct-18,117.85938,118.10826,3.52638,0.0881,2.35265,27807.25,98.59375,N/A
19-Oct-18,118.07812,117.9065,3.49133,0.07256,2.3528,27807.25,98.42188,N/A
22-Oct-18,117.96875,117.96491,3.59549,0.08035,2.35606,27807.25,98.46875,N/A
23-Oct-18,117.96875,118.2305,3.86795,0.07762,2.35752,27807.25,98.6875,N/A
24-Oct-18,118.25,118.58594,4.02446,0.07485,2.3705,27807.25,98.98438,N/A
25-Oct-18,118.76562,118.47982,3.75872,0.05927,2.37431,27807.25,98.89062,N/A
26-Oct-18,118.6875,118.99025,4.28536,0.06424,2.37297,27807.25,99.3125,N/A
29-Oct-18,119.01562,118.90174,4.21946,0.05126,2.29593,27807.25,99.23438,N/A
30-Oct-18,118.95312,118.74847,4.37929,0.06957,2.29226,27807.25,99.10938,N/A
31-Oct-18,118.65625,118.38882,4.08502,0.04412,2.29541,23408.25,98.01562,N/A
01-Nov-18,118.51562,118.53064,4.10257,0.05143,2.29488,27807.25,98.92188,N/A
02-Nov-18,118.67188,117.9977,4.22318,0.03913,2.29731,23408.25,97.6875,N/A
05-Nov-18,118.04688,118.09421,4.38926,0.0397,2.30251,23408.25,97.76562,N/A
06-Nov-18,118.125,117.96894,4.62004,0.04665,2.2967,23408.25,97.65625,N/A
07-Nov-18,117.90625,117.96271,3.41274,0.06213,2.30074,27807.25,98.4375,N/A
08-Nov-18,117.79688,117.75745,3.28257,0.05962,2.29721,27807.25,98.26562,N/A
09-Nov-18,117.75,118.08441,3.00161,0.03862,2.29949,27807.25,98.53125,N/A
13-Nov-18,118.42188,118.48171,3.49667,0.04105,2.34774,27807.25,98.85938,N/A
14-Nov-18,118.5,118.7195,3.57345,0.03562,2.40429,23408.25,98.26562,N/A
15-Nov-18,118.6875,118.77795,3.32442,0.0308,2.25293,23408.25,98.3125,N/A
16-Nov-18,118.8125,119.12233,3.27538,0.0277,2.29011,23408.25,98.59375,N/A
19-Nov-18,119.25,119.26301,3.58968,0.02075,2.27132,23408.25,98.70312,N/A
20-Nov-18,119.23438,119.29608,3.14182,0.01323,2.30222,23408.25,98.73438,N/A
21-Nov-18,119.20312,119.18643,3.32478,0.00995,2.28737,23408.25,98.64062,N/A
23-Nov-18,119.20312,119.24814,N/A,0.01805,N/A,23408.25,98.6875,N/A
26-Nov-18,119.32812,119.10688,N/A,0.01992,N/A,27807.25,99.35938,N/A
27-Nov-18,119.25,119.21411,N/A,0.01265,N/A,23408.25,98.65625,N/A
28-Nov-18,119.23438,119.35455,N/A,0.0146,N/A,27807.25,99.5625,N/A
29-Nov-18,119.3125,119.40605,N/A,0.02672,N/A,23408.25,98.8125,N/A
30-Nov-18,119.46875,119.56791,N/A,0.05619,N/A,27807.25,99.73438,N/A
03-Dec-18,119.375,119.65767,N/A,0.01013,N/A,23408.25,99.01562,N/A
04-Dec-18,119.85938,120.05899,N/A,0.00646,N/A,27807.25,100.14062,N/A
06-Dec-18,120.10938,120.42254,N/A,0.00368,N/A,27807.25,100.4375,N/A
07-Dec-18,120.35938,120.72587,N/A,-0.00688,N/A,27807.25,100.6875,N/A
10-Dec-18,120.82812,120.64218,N/A,-0.00424,N/A,27807.25,100.625,N/A
11-Dec-18,120.65625,120.40031,N/A,-0.01194,N/A,27807.25,100.42188,N/A
12-Dec-18,120.48438,120.25162,N/A,0.00637,N/A,27807.25,100.29688,N/A
13-Dec-18,120.25,120.25661,N/A,0.00637,N/A,27807.25,100.29688,N/A
14-Dec-18,120.29688,120.45131,N/A,0.01931,N/A,27807.25,100.45312,N/A
17-Dec-18,120.4375,120.70352,N/A,0.00096,N/A,27807.25,100.65625,N/A
18-Dec-18,120.70312,120.94941,N/A,0.00866,N/A,27807.25,100.85938,N/A
19-Dec-18,120.9375,121.15031,3.71881,0.07691,2.59016,30010.25,101.92188,N/A
20-Dec-18,121.26562,120.99237,3.88036,0.02822,2.60076,30009.25,101.78125,N/A
21-Dec-18,120.9375,120.96895,3.9914,0.03886,2.60242,30010.25,101.76562,N/A
24-Dec-18,121.07812,121.35347,4.15174,0.03617,2.59564,30009.25,102.07812,N/A
26-Dec-18,121.53125,120.93598,3.99529,0.00761,2.59989,30010.25,101.73438,N/A
27-Dec-18,120.96875,121.46085,4.2589,0.02486,2.56659,30010.25,102.17188,N/A
28-Dec-18,121.39062,121.54394,4.12076,0.00856,2.56556,30009.25,102.23438,N/A
31-Dec-18,121.67188,121.96068,4.10209,0.02399,2.55906,30009.25,102.57812,N/A
02-Jan-19,121.8125,122.12886,3.93989,0.03578,2.55721,30009.25,102.73438,N/A
03-Jan-19,122.59375,123.10395,4.30031,0.03405,2.551,30009.25,103.54688,N/A
04-Jan-19,123.15625,122.21715,4.14139,0.0376,2.57497,30010.25,102.82812,N/A
07-Jan-19,122.1875,121.95789,4.03595,0.02898,2.56549,30010.25,102.60938,N/A
08-Jan-19,121.95312,121.65594,4.00099,0.0285,2.57122,30010.25,102.35938,N/A
09-Jan-19,121.65625,121.62073,3.77884,0.02352,2.57529,30010.25,102.32812,N/A
10-Jan-19,121.79688,121.6288,3.72724,0.02352,2.57709,30009.25,102.32812,N/A
11-Jan-19,121.625,121.87764,3.75006,0.02965,2.5725,30009.25,102.53125,N/A
14-Jan-19,121.92188,121.84036,3.73848,0.0378,2.57361,30009.25,102.5,N/A
15-Jan-19,121.9375,121.84235,3.58696,0.0378,2.57188,30009.25,102.5,N/A
16-Jan-19,121.84375,121.66959,3.5036,0.05477,2.57989,30010.25,102.35938,N/A
17-Jan-19,121.76562,121.45477,3.55082,0.03799,2.57912,30009.25,102.17188,N/A
18-Jan-19,121.5,121.11772,3.47752,0.04566,2.58175,30010.25,101.89062,N/A
22-Jan-19,121.17188,121.51135,3.81762,0.03234,2.59656,30010.25,102.21875,N/A
23-Jan-19,121.48438,121.34498,3.65234,0.04931,2.59361,30010.25,102.07812,N/A
24-Jan-19,121.48438,121.70815,3.70193,0.04412,2.59266,30009.25,102.375,N/A
25-Jan-19,121.70312,121.37746,3.49066,0.0518,2.59218,30009.25,102.09375,N/A
28-Jan-19,121.34375,121.4538,3.45577,0.0355,2.59551,30009.25,102.15625,N/A
29-Jan-19,121.46875,121.72844,3.51759,0.03348,2.49838,30010.25,102.39062,N/A
30-Jan-19,121.75,121.95412,3.45928,0.03712,2.5061,30010.25,102.57812,N/A
31-Jan-19,122.10938,122.42867,3.3913,0.03377,2.51454,30009.25,102.96875,N/A
01-Feb-19,122.45312,121.90326,3.21203,0.04278,2.51619,30010.25,102.53125,N/A
04-Feb-19,121.98438,121.68126,3.33568,0.03914,2.51222,30010.25,102.34375,N/A
05-Feb-19,121.71875,121.8203,3.24523,0.01719,2.51251,30009.25,102.45312,N/A
06-Feb-19,121.875,121.86927,3.27552,0.03531,2.51139,30010.25,102.48438,N/A
07-Feb-19,121.92188,122.24998,3.32038,0.01948,2.51309,30009.25,102.79688,N/A
08-Feb-19,122.20312,122.35876,3.22958,0.03444,2.50725,30010.25,102.89062,N/A
11-Feb-19,122.32812,122.09925,3.27487,0.02581,2.49579,30010.25,102.67188,N/A
12-Feb-19,122.1875,121.94671,3.39056,0.04137,2.4841,30010.25,102.54297,N/A
13-Feb-19,121.9375,121.72907,2.87027,0.0285,2.47777,30010.25,102.35938,N/A
14-Feb-19,121.78125,122.15921,3.1121,0.03329,2.60654,30010.25,102.71875,N/A
15-Feb-19,122.17188,122.0398,2.65292,0.02898,2.4846,30009.25,102.60938,N/A
19-Feb-19,122.04688,122.22149,3.52502,0.04077,2.48001,30010.25,102.76562,N/A
20-Feb-19,122.29688,122.15414,3.75664,0.0308,2.48163,30009.25,102.70312,N/A
21-Feb-19,122.21875,121.89446,4.03213,0.02217,2.45456,30009.25,102.48438,N/A
22-Feb-19,121.84375,122.15868,N/A,0.04393,N/A,30009.25,102.70312,N/A
25-Feb-19,122.04688,122.03218,N/A,0.04211,N/A,30010.25,102.60938,N/A
26-Feb-19,122.09375,122.31813,N/A,0.02696,N/A,30009.25,102.84375,N/A
27-Feb-19,122.29688,121.92564,N/A,0.04029,N/A,30010.25,102.51562,N/A
28-Feb-19,121.71875,121.77832,N/A,0.05975,N/A,30010.25,102.39062,N/A
01-Mar-19,121.71875,121.4474,N/A,0.04116,N/A,30010.25,102.10938,N/A
04-Mar-19,121.35938,121.67243,N/A,0.03166,N/A,30010.25,102.29688,N/A
05-Mar-19,121.67188,121.67407,N/A,0.01853,N/A,30010.25,102.29688,N/A
06-Mar-19,121.73438,121.94088,N/A,0.02716,N/A,30009.25,102.51562,N/A
07-Mar-19,121.96875,122.40761,N/A,0.01066,N/A,30009.25,102.90625,N/A
08-Mar-19,122.39062,122.50036,N/A,0.00999,N/A,30010.25,102.98438,N/A
11-Mar-19,122.46875,122.3897,N/A,0.00817,N/A,30010.25,102.89062,N/A
12-Mar-19,122.25,122.60027,N/A,0.00932,N/A,30009.25,103.0625,N/A
13-Mar-19,122.5625,122.58299,N/A,0.00683,N/A,30009.25,103.04688,N/A
14-Mar-19,122.5,122.43206,N/A,0.00002,N/A,30010.25,102.92188,N/A
15-Mar-19,122.40625,122.69657,N/A,0.00865,N/A,30010.25,103.14062,N/A
18-Mar-19,122.70312,122.58942,N/A,0.00683,N/A,30009.25,103.04688,N/A
19-Mar-19,122.625,122.47907,N/A,-0.00813,N/A,30009.25,102.95312,N/A
20-Mar-19,122.75,123.35755,3.24444,-0.02045,2.52779,25801.26,101.23438,N/A
21-Mar-19,123.4375,123.31725,3.22608,-0.01324,2.53014,25801.26,101.20312,N/A
22-Mar-19,123.35938,123.98868,3.51246,-0.01764,2.53488,25801.26,101.75,N/A
25-Mar-19,124.0625,124.31721,3.92574,0.0044,2.52592,25801.26,102.01562,N/A
26-Mar-19,124.48438,124.3913,3.84896,-0.01283,2.53184,25812.25,102.0625,N/A
27-Mar-19,124.3125,124.64052,4.01976,-0.04047,2.53166,25812.25,102.26562,N/A
28-Mar-19,124.70312,124.46706,3.91707,-0.02725,2.49309,25812.25,102.125,N/A
29-Mar-19,124.40625,124.18808,3.77352,0.00039,2.49166,25812.25,101.92188,N/A
01-Apr-19,124.15625,123.57052,3.62455,0.00038,2.49241,25812.25,101.42188,N/A
02-Apr-19,123.625,123.7415,3.7103,0.01281,2.48283,25801.26,101.5625,N/A
03-Apr-19,123.8125,123.45941,3.49151,-0.00363,2.48177,25812.25,101.32812,N/A
04-Apr-19,123.4375,123.51329,3.48063,0.00479,2.47797,25801.26,101.375,N/A
05-Apr-19,123.51562,123.5733,3.37955,0.0132,2.47523,25801.26,101.42188,N/A
08-Apr-19,123.625,123.43858,3.36098,0.01921,2.48139,25801.26,101.3125,N/A
09-Apr-19,123.45312,123.61148,3.28884,0.00599,2.48344,25801.26,101.45312,N/A
10-Apr-19,123.59375,123.77101,3.30239,0.00279,2.48563,25812.25,101.57812,N/A
11-Apr-19,123.84375,123.54086,3.14695,0.00759,2.47589,25812.25,101.39062,N/A
12-Apr-19,123.60938,123.07844,3.19188,0.0172,2.48022,25801.26,101.01562,N/A
15-Apr-19,123.04688,123.14132,3.19738,0.0128,2.47783,25801.26,101.0625,N/A
16-Apr-19,123.15625,122.81133,3.39081,0.0164,2.48157,25801.26,100.79688,N/A
17-Apr-19,122.84375,122.83638,3.34377,0.00638,2.48599,25812.25,100.8125,N/A
18-Apr-19,122.85938,123.12101,3.28126,0.00999,2.48007,25801.26,101.04688,N/A
22-Apr-19,123.125,122.92909,3.44711,0.02041,2.48993,25801.26,100.89062,N/A
23-Apr-19,122.95312,123.12193,3.59488,0.02281,2.48709,25801.26,101.04688,N/A
24-Apr-19,123.14062,123.50504,3.43556,0.00198,2.48111,25801.26,101.35938,N/A
25-Apr-19,123.51562,123.3716,3.42739,0.00799,2.47809,25801.26,101.25,N/A
26-Apr-19,123.39062,123.64068,3.22816,-0.00402,2.47964,25801.26,101.46875,N/A
29-Apr-19,123.67188,123.41137,3.39566,0.00078,2.4851,25801.26,101.28125,N/A
30-Apr-19,123.51562,123.64148,3.51759,-0.00402,2.48233,25801.26,101.46875,N/A
01-May-19,123.6875,123.56483,3.34325,0.0104,2.48758,25801.26,101.40625,N/A
02-May-19,123.60938,123.16416,3.2981,0.0156,2.46446,25801.26,101.07812,N/A
03-May-19,123.25,123.34228,3.16757,0.0152,2.46537,25812.25,101.21875,N/A
06-May-19,123.5625,123.62464,3.54184,0.01881,2.46577,25801.26,101.45312,N/A
07-May-19,123.9375,123.99251,4.03003,-0.00482,2.46919,25812.25,101.75,N/A
08-May-19,123.92188,123.73892,3.784,0.01,2.42083,25801.26,101.54688,N/A
09-May-19,123.73438,123.96866,3.97827,0.00519,2.43231,25801.26,101.73438,N/A
10-May-19,124.0625,123.98928,3.6331,0.02082,2.44719,25801.26,101.75,N/A
13-May-19,124.09375,124.42889,4.06726,0.02123,2.44097,25801.26,102.10938,N/A
14-May-19,124.40625,124.3149,3.50473,0.0044,2.43967,25801.26,102.01562,N/A
15-May-19,124.39062,124.64485,3.68221,-0.01202,2.44686,25812.25,102.28125,N/A
16-May-19,124.6875,124.41608,3.4848,0.0056,2.44643,25812.25,102.09375,N/A
17-May-19,124.51562,124.48827,3.29554,0.01682,2.44498,25801.26,102.15625,N/A
20-May-19,124.5,124.28308,3.90889,0.01161,2.43713,25801.26,101.98438,N/A
21-May-19,124.28125,124.13076,3.52142,0.00199,2.4306,25801.26,101.85938,N/A
22-May-19,124.14062,124.43181,3.76679,0.00841,2.4154,25801.26,102.10938,N/A
23-May-19,124.5,125.21491,5.63357,0.02084,2.42491,25801.26,102.75,N/A
24-May-19,124.9375,124.89177,N/A,0.01162,N/A,25801.26,102.48438,N/A
28-May-19,125.01562,125.38869,N/A,0.00762,N/A,25801.26,102.89062,N/A
29-May-19,125.40625,125.59879,N/A,-0.01281,N/A,25801.26,103.0625,N/A
30-May-19,125.375,125.67991,N/A,-0.00159,N/A,25812.25,103.125,N/A
31-May-19,125.75,126.40539,N/A,0.02806,N/A,25812.25,103.71875,N/A
03-Jun-19,126.3125,126.9208,N/A,0.02687,N/A,25812.25,104.14062,N/A
04-Jun-19,126.95312,126.60991,N/A,0.02045,N/A,25812.25,103.89062,N/A
05-Jun-19,126.4375,126.67311,N/A,0.02887,N/A,25812.25,103.9375,N/A
06-Jun-19,126.625,126.63511,N/A,0.02326,N/A,25812.25,103.90625,N/A
07-Jun-19,126.65625,126.90245,N/A,0.01124,N/A,25812.25,104.125,N/A
10-Jun-19,126.57812,126.462,N/A,0.02366,N/A,25801.26,103.76562,N/A
11-Jun-19,126.39062,126.4642,N/A,0.02366,N/A,25812.25,103.76562,N/A
12-Jun-19,126.4375,126.65497,N/A,0.01324,N/A,25812.25,103.92188,N/A
13-Jun-19,126.70312,126.99821,N/A,-0.00038,N/A,25812.25,104.20312,N/A
14-Jun-19,127.07812,126.94134,N/A,0.00403,N/A,25812.25,104.15625,N/A
17-Jun-19,126.875,126.9605,N/A,-0.00598,N/A,25812.25,104.17188,N/A
18-Jun-19,126.90625,127.15115,N/A,0.00924,N/A,25812.25,104.32812,N/A
19-Jun-19,127.51562,127.84987,4.40288,-0.05184,2.35778,23804.26,103.15625,N/A
20-Jun-19,127.875,128.06319,4.25366,-0.04392,2.305,23804.26,103.32812,N/A
21-Jun-19,127.79688,127.51643,4.26952,-0.03999,2.34535,23804.26,102.89062,N/A
24-Jun-19,127.64062,127.94366,4.47147,-0.03678,2.33904,23804.26,103.23438,N/A
25-Jun-19,127.96875,128.09855,4.49908,-0.06313,2.35619,23804.26,103.35938,N/A
26-Jun-19,128.17188,127.55333,4.32693,-0.0718,2.38936,23804.26,102.92188,N/A
27-Jun-19,127.625,127.92209,4.35351,-0.0524,2.3637,23804.26,103.21875,N/A
28-Jun-19,127.85938,127.97828,4.39237,-0.03075,2.3569,23804.26,103.26562,N/A
01-Jul-19,127.60938,127.70532,4.10397,-0.02247,2.3445,23804.26,103.04688,N/A
02-Jul-19,127.75,128.13227,4.17664,-0.04449,2.3251,23804.26,103.39062,N/A
03-Jul-19,128.15625,128.24744,4.14718,-0.03902,2.35073,23804.26,103.48438,N/A
05-Jul-19,128.25,127.46809,3.9546,-0.0334,2.37767,23804.26,102.85938,N/A
08-Jul-19,127.46875,127.46741,3.99349,-0.05862,2.38519,23804.26,102.85938,N/A
09-Jul-19,127.39062,127.29186,3.97268,-0.03529,2.38799,23804.26,102.71875,N/A
10-Jul-19,127.23438,127.43844,3.90424,-0.0238,2.36026,23804.26,102.84375,N/A
11-Jul-19,127.4375,126.9897,3.92093,-0.01741,2.36394,23804.26,102.48438,N/A
12-Jul-19,126.85938,127.1048,3.86479,-0.02456,2.35624,23804.26,102.57812,N/A
15-Jul-19,127,127.18199,3.99571,-0.01251,2.34672,23804.26,102.64062,N/A
16-Jul-19,127.20312,126.92905,3.97485,-0.01384,2.35115,23804.26,102.4375,N/A
17-Jul-19,127.03125,127.37517,4.00315,-0.00761,2.34236,23804.26,102.79688,N/A
18-Jul-19,127.45312,127.66591,4.05136,-0.00026,2.28404,23804.26,103.03125,N/A
19-Jul-19,127.78125,127.52842,3.9768,-0.02135,2.34392,23804.26,102.92188,N/A
22-Jul-19,127.48438,127.58613,4.04606,-0.02492,2.33804,23804.26,102.96875,N/A
23-Jul-19,127.5625,127.37208,4.05308,-0.00761,2.33007,23804.26,102.79688,N/A
24-Jul-19,127.28125,127.50743,4.02654,-0.02436,2.32176,23804.26,102.90625,N/A
25-Jul-19,127.53125,127.27401,3.99971,-0.02268,2.33463,23804.26,102.71875,N/A
26-Jul-19,127.23438,127.21425,3.73761,-0.0191,2.32462,23804.26,102.67188,N/A
29-Jul-19,127.3125,127.44657,3.93791,-0.02079,2.22672,23804.26,102.85938,N/A
30-Jul-19,127.35938,127.36843,3.95584,0.005,2.25038,23804.26,102.79688,N/A
31-Jul-19,127.35938,127.4455,3.85531,0.00444,2.2126,23804.26,102.85938,N/A
01-Aug-19,127.5,128.72526,4.21677,0.01408,2.25713,23804.26,103.89062,N/A
02-Aug-19,128.5625,128.85916,4.23839,-0.01529,2.24877,23804.26,104,N/A
05-Aug-19,128.90625,129.84758,5.4329,-0.013,2.23259,23804.26,104.79688,N/A
06-Aug-19,130.15625,129.76932,4.97159,-0.01244,2.24299,23804.26,104.73438,N/A
07-Aug-19,130.01562,130.15644,5.60076,-0.01525,2.31363,23804.26,105.04688,N/A
08-Aug-19,129.73438,129.92283,5.12701,-0.01356,2.20801,23804.26,104.85938,N/A
09-Aug-19,130,129.6883,4.77878,-0.01188,2.20849,23804.26,104.67188,N/A
12-Aug-19,129.67188,130.38532,5.68728,-0.00432,2.19927,23804.26,105.23438,N/A
13-Aug-19,130.28125,129.86135,5.00488,0.01524,2.19715,23804.26,104.8125,N/A
14-Aug-19,129.67188,130.53884,6.02501,0.00716,2.22398,23804.26,105.35938,N/A
15-Aug-19,130.4375,131.00111,6.56578,0.02901,2.31254,23804.26,105.73438,N/A
16-Aug-19,130.90625,130.92335,5.92793,-0.00826,2.20239,23804.26,105.67188,N/A
19-Aug-19,130.8125,130.45772,6.00823,0.00773,2.21508,23804.26,105.29688,N/A
20-Aug-19,130.35938,130.76675,6.44544,0.01809,2.20633,23804.26,105.54688,N/A
21-Aug-19,130.75,130.55288,6.48119,0.01018,2.13341,23804.26,105.375,N/A
22-Aug-19,130.46875,130.31986,8.30338,0.01186,2.12293,23804.26,105.1875,N/A
23-Aug-19,130.25,130.99541,N/A,0.02901,N/A,23804.26,105.73438,N/A
26-Aug-19,131.3125,130.83974,N/A,0.04275,N/A,23804.26,105.60938,N/A
27-Aug-19,130.85938,131.18752,N/A,0.03391,N/A,23804.26,105.89062,N/A
28-Aug-19,131.25,131.38034,N/A,0.01359,N/A,23804.26,106.04688,N/A
29-Aug-19,131.3125,130.97291,N/A,0.01339,N/A,23804.26,105.71875,N/A
30-Aug-19,131.09375,131.08666,N/A,0.03146,N/A,23804.26,105.8125,N/A
03-Sep-19,131.25,131.47383,N/A,0.01604,N/A,23804.26,106.125,N/A
04-Sep-19,131.48438,131.64806,N/A,0.03054,N/A,23804.26,106.26562,N/A
05-Sep-19,131.53125,130.68171,N/A,0.01865,N/A,23804.26,105.48438,N/A
06-Sep-19,130.67188,130.73822,N/A,0.00246,N/A,23804.26,105.53125,N/A
09-Sep-19,130.64062,130.27362,N/A,0.01845,N/A,23804.26,105.15625,N/A
10-Sep-19,130.07812,129.59608,N/A,0.02652,N/A,23804.26,104.60938,N/A
11-Sep-19,129.375,129.34442,N/A,-0.00003,N/A,23804.26,104.40625,N/A
12-Sep-19,129.29688,128.91988,N/A,0.02199,N/A,23804.26,104.0625,N/A
13-Sep-19,128.95312,128.08613,N/A,0.00596,N/A,23804.26,103.39062,N/A
16-Sep-19,128.375,128.53137,N/A,-0.00042,N/A,23804.26,103.75,N/A
17-Sep-19,128.4375,128.72495,N/A,0.00447,N/A,23804.26,103.90625,N/A
18-Sep-19,128.73438,128.86046,N/A,0.03818,N/A,23804.26,104.01562,N/A
19-Sep-19,129.29688,129.48511,4.85249,-0.14259,2.02237,17807.26,101.03125,N/A
20-Sep-19,129.5,129.63527,4.87866,-0.09078,2.01214,17807.26,101.15625,N/A
23-Sep-19,129.76562,130.0444,4.95536,-0.06762,2.01815,17807.26,101.48438,N/A
24-Sep-19,129.96875,130.66067,5.07158,-0.099,2.03971,17807.26,101.95312,N/A
25-Sep-19,130.57812,129.89667,4.96872,-0.09503,2.04626,17807.26,101.35938,N/A
26-Sep-19,129.92188,130.21856,5.01814,-0.1012,2.02915,17807.26,101.60938,N/A
27-Sep-19,130.21875,130.34945,5.03441,-0.07721,2.01115,17807.26,101.71875,N/A
30-Sep-19,130.21875,130.28299,5.04819,-0.06309,2.01923,17807.26,101.67188,N/A
01-Oct-19,130.375,130.5681,5.25094,-0.06583,2.0016,17806.26,101.9375,N/A
02-Oct-19,130.6875,131.03526,5.32398,-0.08461,1.98549,17806.26,102.29688,N/A
03-Oct-19,131.0625,131.68332,5.20834,-0.06035,1.97088,17807.26,102.79688,N/A
04-Oct-19,131.70312,131.85937,5.03465,-0.04171,1.9765,17806.26,102.9375,N/A
07-Oct-19,131.90625,131.45815,5.00525,-0.04925,1.95798,17806.26,102.625,N/A
08-Oct-19,131.48438,131.63331,5.0367,-0.055,1.96317,17806.26,102.76562,N/A
09-Oct-19,131.75,131.21757,4.97138,-0.05377,1.95057,17806.26,102.4375,N/A
10-Oct-19,131.35938,130.64997,4.92749,-0.03993,1.94721,17806.26,102,N/A
11-Oct-19,130.64062,129.82713,5.07091,-0.03404,1.94355,17806.26,101.35938,N/A
15-Oct-19,130.28125,129.72701,5.07606,-0.02677,1.92641,17806.26,101.28125,N/A
16-Oct-19,129.79688,129.95285,4.97916,-0.02568,1.8996,17806.26,101.45312,N/A
17-Oct-19,130.03125,129.86729,4.99658,-0.02718,1.89459,17806.26,101.39062,N/A
18-Oct-19,129.92188,129.98743,4.97128,-0.03102,1.8938,17806.26,101.48438,N/A
21-Oct-19,130.09375,129.60667,5.10386,-0.01074,1.88079,17806.26,101.1875,N/A
22-Oct-19,129.57812,129.76739,4.95169,-0.03212,1.88134,17806.26,101.3125,N/A
23-Oct-19,129.875,129.82755,4.88454,-0.02184,1.85591,17806.26,101.35938,N/A
24-Oct-19,129.82812,129.79642,4.58821,-0.04089,1.87433,17807.26,101.32812,N/A
25-Oct-19,129.85938,129.46724,4.37406,-0.04692,1.86595,17806.26,101.07812,N/A
28-Oct-19,129.57812,129.11512,4.51656,-0.03541,1.86286,17807.26,100.79688,N/A
29-Oct-19,129.17188,129.19638,4.55602,-0.02705,1.79135,17807.26,100.89062,N/A
30-Oct-19,129.23438,129.43804,4.28322,-0.01033,1.69901,17807.26,101.07812,N/A
31-Oct-19,129.71875,130.28201,4.35103,0.01161,1.88054,17807.26,101.73438,N/A
01-Nov-19,130.26562,130.00296,3.83539,0.01243,1.71516,17807.26,101.51562,N/A
04-Nov-19,130.03125,129.56225,4.01186,0.01023,1.778,17807.26,101.17188,N/A
05-Nov-19,129.625,128.9207,4.14706,0.02257,1.77194,17807.26,100.67188,N/A
06-Nov-19,128.96875,129.32278,3.97284,0.01791,1.89706,17807.26,100.98438,N/A
07-Nov-19,129.20312,128.4001,4.72483,0.03106,1.74354,17807.26,100.26562,N/A
08-Nov-19,128.42188,128.36805,4.26414,-0.00019,1.73176,17807.26,100.23438,N/A
12-Nov-19,128.39062,128.52282,4.42001,0.01503,1.7811,17807.26,100.35938,N/A
13-Nov-19,128.32812,128.88465,4.12704,0.01571,1.78326,17807.26,100.64062,N/A
14-Nov-19,128.73438,129.32649,4.06548,0.00571,1.80407,17807.26,100.98438,N/A
15-Nov-19,129.26562,129.14732,3.56232,0.02366,1.73382,17807.26,100.84375,N/A
18-Nov-19,129.14062,129.32857,4.15805,0.01791,1.72712,17807.26,100.98438,N/A
19-Nov-19,129.26562,129.4494,4.30716,0.02627,1.72873,17807.26,101.07812,N/A
20-Nov-19,129.45312,129.77495,5.07515,-0.0043,1.71257,17806.26,101.32812,N/A
21-Nov-19,129.875,129.47219,4.9082,0.0053,1.68879,17807.26,101.09375,N/A
22-Nov-19,129.46875,129.43365,N/A,-0.00155,N/A,17807.26,101.0625,N/A
25-Nov-19,129.4375,129.51269,N/A,0.01215,N/A,17807.26,101.125,N/A
26-Nov-19,129.54688,129.69358,N/A,0.01859,N/A,17807.26,101.26562,N/A
27-Nov-19,129.67188,129.37856,N/A,0.01256,N/A,17807.26,101.01562,N/A
29-Nov-19,129.35938,129.31496,N/A,0.02668,N/A,17807.26,100.96875,N/A
02-Dec-19,129.17188,128.93483,N/A,0.04696,N/A,17807.26,100.67188,N/A
03-Dec-19,129.03125,130.01747,N/A,0.04902,N/A,17807.26,101.51562,N/A
04-Dec-19,129.90625,129.43672,N/A,0.03504,N/A,17807.26,101.0625,N/A
05-Dec-19,129.48438,129.35706,N/A,0.04573,N/A,17807.26,101,N/A
06-Dec-19,129.21875,128.94188,N/A,0.03477,N/A,17807.26,100.67188,N/A
09-Dec-19,128.90625,129.01869,N/A,0.02407,N/A,17807.26,100.73438,N/A
10-Dec-19,129.07812,128.95938,N/A,0.02599,N/A,17807.26,100.6875,N/A
11-Dec-19,128.90625,129.30083,N/A,0.01106,N/A,17807.26,100.95312,N/A
12-Dec-19,129.26562,128.46291,N/A,0.02572,N/A,17807.26,100.29688,N/A
13-Dec-19,128.14062,129.12304,N/A,0.02901,N/A,17807.26,100.8125,N/A
16-Dec-19,129,128.54472,N/A,0.01503,N/A,17807.26,100.35938,N/A
17-Dec-19,128.73438,128.60521,N/A,0.02531,N/A,17807.26,100.40625,N/A
18-Dec-19,128.64062,128.32527,N/A,0.00173,N/A,17807.26,100.1875,N/A
19-Dec-19,128.23438,128.27356,3.85995,0.04207,1.81878,20011.26,101.0625,N/A
20-Dec-19,128.20312,128.21655,3.80496,0.0444,1.81385,20011.26,101.01562,N/A
23-Dec-19,128.21875,128.05799,3.93129,0.04242,1.82224,20011.26,100.89062,N/A
24-Dec-19,128.14062,128.29912,4.01922,0.05769,1.83999,20011.26,101.07812,N/A
26-Dec-19,128.35938,128.33992,4.01895,0.03974,1.84066,20011.26,101.10938,N/A
27-Dec-19,128.40625,128.6417,3.88699,0.05268,1.79584,20011.26,101.34375,N/A
30-Dec-19,128.60938,128.54296,4.09004,0.07297,1.77522,20011.26,101.26562,N/A
31-Dec-19,128.60938,128.42522,4.00712,0.06533,1.75858,20011.26,101.17188,N/A
02-Jan-20,128.29688,128.62543,3.95223,0.06166,1.74346,20011.26,101.32812,N/A
03-Jan-20,128.65625,129.38536,4.09286,0.05264,1.74074,20011.26,101.92188,N/A
06-Jan-20,129.5,129.24676,4.15492,0.05398,1.7195,20011.26,101.8125,N/A
07-Jan-20,129.23438,129.14802,4.05618,0.04966,1.74627,20011.26,101.73438,N/A
08-Jan-20,129.25,128.77037,4.04727,0.06032,1.71168,20011.26,101.4375,N/A
09-Jan-20,128.76562,128.8908,3.85133,0.05566,1.71351,20011.26,101.53125,N/A
10-Jan-20,128.85938,129.07277,3.53758,0.04867,1.70981,20011.26,101.67188,N/A
13-Jan-20,129.10938,128.91431,3.48725,0.04668,1.71409,20011.26,101.54688,N/A
14-Jan-20,128.92188,129.13429,3.42258,0.04634,1.71421,20011.26,101.71875,N/A
15-Jan-20,129.17188,129.35426,3.5045,0.05829,1.71928,20011.26,101.89062,N/A
16-Jan-20,129.35938,129.17589,3.46303,0.06528,1.70983,20011.26,101.75,N/A
17-Jan-20,129.10938,129.07984,3.38641,0.07327,1.70301,20011.26,101.67188,N/A
21-Jan-20,129.125,129.59841,3.68344,0.06127,1.70632,20011.26,102.07812,N/A
22-Jan-20,129.53125,129.55944,3.64284,0.05462,1.71505,20011.26,102.04688,N/A
23-Jan-20,129.54688,129.7793,3.81196,0.04197,1.7234,20011.26,102.21875,N/A
24-Jan-20,129.8125,130.2795,4.08407,0.03895,1.70336,20011.26,102.60938,N/A
27-Jan-20,130.57812,130.89738,4.62512,0.04356,1.71088,20011.26,103.09375,N/A
28-Jan-20,130.8125,130.61951,4.38106,0.04624,1.71774,20011.26,102.875,N/A
29-Jan-20,130.51562,131.03829,4.59123,0.05452,1.65714,20011.26,103.20312,N/A
30-Jan-20,131.0625,131.35751,4.6196,0.07079,1.65863,20011.26,103.45312,N/A
31-Jan-20,131.01562,131.65831,5.08162,0.03453,1.70413,20011.26,103.6875,N/A
03-Feb-20,131.85938,131.59937,5.02649,0.04917,1.66381,20011.26,103.64062,N/A
04-Feb-20,131.54688,130.92359,4.49304,0.05919,1.66386,20011.26,103.10938,N/A
05-Feb-20,130.92188,130.56623,4.08527,0.04857,1.67132,20011.26,102.82812,N/A
06-Feb-20,130.54688,130.58693,3.84482,0.05189,1.67184,20011.26,102.84375,N/A
07-Feb-20,130.54688,131.08666,4.34284,0.03657,1.66367,20011.26,103.23438,N/A
10-Feb-20,131.09375,131.36592,4.53145,0.03389,1.65788,20011.26,103.45312,N/A
11-Feb-20,131.125,131.02853,4.33799,0.0512,1.65967,20011.26,103.1875,N/A
12-Feb-20,130.89062,130.73095,3.99852,0.06286,1.63,20011.26,102.95312,N/A
13-Feb-20,130.65625,130.79141,3.9472,0.04822,1.66215,20011.26,103,N/A
14-Feb-20,130.73438,131.03318,3.77988,0.0635,1.66289,20011.26,103.1875,N/A
18-Feb-20,130.9375,131.25268,4.75962,0.06316,1.65415,20011.26,103.35938,N/A
19-Feb-20,131.17188,131.09437,4.16369,0.03657,1.64435,20011.26,103.23438,N/A
20-Feb-20,131.09375,131.47292,5.04286,0.05051,1.63195,20011.26,103.53125,N/A
21-Feb-20,131.5,131.91252,N/A,0.06211,N/A,20011.26,103.875,N/A
24-Feb-20,132.20312,132.68853,N/A,0.04411,N/A,20011.26,104.48438,N/A
25-Feb-20,132.73438,133.1663,N/A,0.05006,N/A,20011.26,104.85938,N/A
26-Feb-20,132.90625,133.34586,N/A,0.03077,N/A,20011.26,105,N/A
27-Feb-20,133.09375,133.46578,N/A,0.03841,N/A,20011.26,105.09375,N/A
28-Feb-20,133.70312,134.97811,N/A,0.11877,N/A,20011.26,106.28125,N/A
02-Mar-20,135.03125,135.3364,N/A,0.06787,N/A,20011.26,106.5625,N/A
03-Mar-20,134.54688,136.07221,N/A,0.06782,N/A,20011.26,107.14062,N/A
04-Mar-20,136.14062,136.35092,N/A,0.08975,N/A,20011.26,107.35938,N/A
05-Mar-20,135.75,136.82831,N/A,0.0588,N/A,20011.26,107.73438,N/A
06-Mar-20,136.79688,138.10125,N/A,0.05007,N/A,20011.26,108.73438,N/A
09-Mar-20,138.54688,139.29121,N/A,0.00345,N/A,20011.26,109.67188,N/A
10-Mar-20,137.78125,137.50615,N/A,-0.02503,N/A,20011.26,108.26562,N/A
11-Mar-20,137.625,136.95041,N/A,-0.14269,N/A,20011.26,107.82812,N/A
12-Mar-20,138.46875,136.93102,N/A,0.03851,N/A,20011.26,107.8125,N/A
13-Mar-20,136.125,135.91958,N/A,0.10275,N/A,20011.26,107.01562,N/A
16-Mar-20,136.65625,138.04506,N/A,-0.00911,N/A,20011.26,108.6875,N/A
17-Mar-20,140,136.0795,N/A,0.01862,N/A,20011.26,107.14062,N/A
18-Mar-20,135.875,133.97397,N/A,-0.26219,N/A,20011.26,105.53125,N/A
19-Mar-20,135.14062,135.13085,N/A,-0.09403,N/A,20011.26,106.4375,N/A
20-Mar-20,134.9375,136.39355,13.85579,0.34296,0.86179,21402.27,109.8125,N/A
23-Mar-20,137.5625,137.98651,13.2048,0.40145,0.8754,21402.27,111.04688,N/A
24-Mar-20,138.09375,137.30118,7.77276,0.39253,0.89047,21402.27,110.4375,N/A
25-Mar-20,137.23438,137.15972,5.9387,0.40197,0.91497,21402.27,110.35938,N/A
26-Mar-20,137.25,137.59644,6.87534,0.43298,0.85617,21402.27,110.70312,N/A
27-Mar-20,137.39062,138.18384,7.62495,0.46079,0.89435,21402.27,111.15625,N/A
30-Mar-20,138.92188,138.77705,6.62544,0.4792,0.8681,21402.27,111.625,N/A
31-Mar-20,138.46875,138.61058,6.21326,0.46679,0.86071,21402.27,111.5,N/A
01-Apr-20,138.79688,138.91073,6.15366,0.46348,0.9189,21402.27,111.73438,N/A
02-Apr-20,139.29688,138.8595,5.67879,0.49167,0.83677,21402.27,111.6875,N/A
03-Apr-20,139.01562,139.09624,5.18825,0.46339,0.83134,21402.27,111.85938,N/A
06-Apr-20,138.98438,138.36177,5.10348,0.45758,0.80507,21402.27,111.26562,N/A
07-Apr-20,138.4375,137.86155,3.96268,0.45163,0.77511,21402.27,110.85938,N/A
08-Apr-20,138.0625,137.80545,5.64118,0.45089,0.70261,21402.27,110.80859,N/A
09-Apr-20,137.76562,138.25449,5.42408,0.46158,0.70063,21402.27,111.14453,N/A
13-Apr-20,138.07812,138.06174,5.42812,0.43903,0.70802,21402.27,110.98438,N/A
14-Apr-20,137.96875,138.20084,4.99065,0.43191,0.71109,21402.27,111.08984,N/A
15-Apr-20,138.21875,139.15005,5.38966,0.43526,0.76898,21402.27,111.84375,N/A
16-Apr-20,139.17188,139.2013,5.31172,0.40787,0.66326,21402.27,111.87891,N/A
17-Apr-20,138.84375,138.86705,5.41566,0.39792,0.63843,21402.27,111.59375,N/A
20-Apr-20,139.01562,139.09399,5.46824,0.39857,0.68141,21402.27,111.76953,N/A
21-Apr-20,139.21875,139.39901,5.82983,0.41168,0.61093,21402.27,112.00781,N/A
22-Apr-20,139.42188,139.03546,5.45688,0.39001,0.55685,21402.27,111.71094,N/A
23-Apr-20,139.03125,139.03303,5.25149,0.40722,0.49011,21402.27,111.70312,N/A
24-Apr-20,139.09375,139.08431,4.92708,0.3556,0.40567,21402.27,111.72656,N/A
27-Apr-20,139,138.64756,4.63538,0.3629,0.43739,21402.27,111.37109,N/A
28-Apr-20,138.625,139.01114,4.67251,0.36034,0.42373,21402.27,111.65625,N/A
29-Apr-20,139,138.95991,4.38029,0.35099,0.54735,21402.27,111.60938,N/A
30-Apr-20,138.9375,139.0258,4.12839,0.32281,0.09098,21402.27,111.65625,N/A
01-May-20,138.96875,138.89165,3.86223,0.34792,0.31597,21402.27,111.53125,N/A
04-May-20,139.10938,138.97069,3.93444,0.33027,0.28266,21402.27,111.58865,N/A
05-May-20,138.92188,138.86239,3.97282,0.32528,0.28212,21402.27,111.49609,N/A
06-May-20,138.79688,138.54765,4.25265,0.31765,0.2265,21402.27,111.23828,N/A
07-May-20,138.625,139.31625,4.36839,0.32658,0.19403,21402.27,111.84766,N/A
08-May-20,139.1875,138.97226,4.09918,0.30882,0.20137,21402.27,111.55469,N/A
11-May-20,138.9375,138.638,4.52705,0.29807,0.1945,21402.27,111.28125,N/A
12-May-20,138.71875,138.95764,4.16807,0.28538,0.18402,21402.27,111.53125,N/A
13-May-20,139.07812,139.22849,3.9404,0.28366,0.59507,21402.27,111.74219,N/A
14-May-20,139.20312,139.43101,3.87181,0.27728,0.1883,21402.27,111.89844,N/A
15-May-20,139.375,139.34565,3.53138,0.2664,0.17239,21402.27,111.8125,N/A
18-May-20,139.35938,138.61126,4.81918,0.26059,0.16813,21402.27,111.21875,N/A
19-May-20,138.67188,138.87722,4.42949,0.25497,0.16446,21402.27,111.42578,N/A
20-May-20,139.04688,139.09438,4.3111,0.2478,0.17023,21402.27,111.59375,N/A
21-May-20,139.01562,139.06756,4.21995,0.23297,0.15441,21402.27,111.56641,N/A
22-May-20,139.0625,139.1652,N/A,0.2126,N/A,21402.27,111.62109,N/A
26-May-20,139.1875,138.94807,N/A,0.19553,N/A,21402.27,111.44141,N/A
27-May-20,138.98438,139.13107,N/A,0.19856,N/A,21402.27,111.58203,N/A
28-May-20,139.0625,138.96762,N/A,0.19944,N/A,21402.27,111.44531,N/A
29-May-20,139.0625,139.38974,N/A,0.182,N/A,21402.27,111.76562,N/A
01-Jun-20,139.45312,139.33851,N/A,0.17265,N/A,21402.27,111.71875,N/A
02-Jun-20,139.32812,139.19458,N/A,0.16414,N/A,21402.27,111.59766,N/A
03-Jun-20,139.17188,138.58709,N/A,0.17233,N/A,21402.27,111.10547,N/A
04-Jun-20,138.67188,138.18455,N/A,0.13192,N/A,21402.27,110.77734,N/A
05-Jun-20,138.17188,137.53319,N/A,0.11825,N/A,21402.27,110.23828,N/A
08-Jun-20,137.48438,137.7357,N/A,0.12439,N/A,21402.27,110.39453,N/A
09-Jun-20,137.90625,138.15779,N/A,0.11867,N/A,21402.27,110.72656,N/A
10-Jun-20,138.15625,138.87264,N/A,0.10964,N/A,21402.27,111.29297,N/A
11-Jun-20,139.09375,139.42647,N/A,0.10932,N/A,21402.27,111.73047,N/A
12-Jun-20,139.26562,139.10202,N/A,0.08216,N/A,21402.27,111.45312,N/A
15-Jun-20,139.21875,139.0996,N/A,0.07435,N/A,21402.27,111.44531,N/A
16-Jun-20,138.8125,138.80929,N/A,0.08625,N/A,21402.27,111.20703,N/A
17-Jun-20,138.79688,138.97276,N/A,0.07365,N/A,21402.27,111.33203,N/A
18-Jun-20,139.04688,139.1899,N/A,0.05398,N/A,21402.27,111.5,N/A
19-Jun-20,138.67188,138.74063,3.71659,0.58124,0.19919,23805.27,112.60547,N/A
22-Jun-20,138.92188,138.67079,3.71355,0.58181,0.1943,23805.27,112.54297,N/A
23-Jun-20,138.64062,138.69776,3.62257,0.55959,0.19332,23805.27,112.55859,N/A
24-Jun-20,138.67188,138.82638,3.81459,0.55635,0.18682,23805.27,112.65625,N/A
25-Jun-20,138.875,138.86304,3.63609,0.55456,0.19499,23805.27,112.67969,N/A
26-Jun-20,138.84375,139.17629,3.64597,0.53669,0.18781,23805.27,112.91406,N/A
29-Jun-20,139.23438,139.27103,3.63729,0.51871,0.17605,23805.27,112.98438,N/A
30-Jun-20,139.375,139.12504,3.68051,0.52374,0.17011,23805.27,112.86328,N/A
01-Jul-20,139.15625,138.89551,3.65763,0.50891,0.17584,23805.27,112.67188,N/A
02-Jul-20,138.96875,139.0471,3.57432,0.49306,0.17635,23805.27,112.76953,N/A
06-Jul-20,139.17188,138.9531,3.53407,0.49931,0.17271,23805.27,112.6875,N/A
07-Jul-20,139.01562,139.17372,3.30351,0.49461,0.18369,23805.27,112.85938,N/A
08-Jul-20,139.25,139.14749,N/A,0.47988,-0.09236,23805.27,112.83203,N/A
09-Jul-20,139.07812,139.46007,3.27353,0.47373,0.18374,23805.27,113.07812,N/A
10-Jul-20,139.375,139.19743,3.2052,0.47028,0.18744,23805.27,112.84766,N/A
13-Jul-20,139.15625,139.18572,3.23902,0.45466,0.1837,23805.27,112.83203,N/A
14-Jul-20,139.34375,139.39181,3.26112,0.45085,0.18275,23805.27,112.99219,N/A
15-Jul-20,139.20312,139.31717,3.15852,0.44751,0.1851,23805.27,112.92578,N/A
16-Jul-20,139.3125,139.44099,3.1753,0.42774,0.18434,23805.27,113.01953,N/A
17-Jul-20,139.4375,139.33808,3.11427,0.42708,0.18469,23805.27,112.91797,N/A
20-Jul-20,139.35938,139.35056,3.16826,0.40576,0.15121,23805.27,112.92188,N/A
21-Jul-20,139.46875,139.48405,3.13215,0.40642,0.18234,23805.27,113.02344,N/A
22-Jul-20,139.54688,139.53042,3.03265,0.39984,0.18985,23805.27,113.05469,N/A
23-Jul-20,139.53125,139.60099,2.97125,0.40017,0.17991,23805.27,113.10547,N/A
24-Jul-20,139.625,139.54648,2.88246,0.37551,0.17826,23805.27,113.04297,N/A
27-Jul-20,139.5625,139.44764,3.0043,0.37786,0.17138,23805.27,112.95703,N/A
28-Jul-20,139.42188,139.66825,2.89518,0.36054,0.17467,23805.27,113.12891,N/A
29-Jul-20,139.70312,139.72429,2.90371,0.36177,0.15934,23805.27,113.16797,N/A
30-Jul-20,139.78125,139.99814,2.90648,0.3622,0.15657,23805.27,113.38281,N/A
31-Jul-20,139.96875,140.07431,2.96544,0.35472,0.15648,23805.27,113.42578,N/A
03-Aug-20,140.15625,139.91739,3.01873,0.33542,0.15787,23805.27,113.29297,N/A
04-Aug-20,140.03125,140.30255,3.16014,0.32479,0.15094,23805.27,113.59766,N/A
05-Aug-20,140.39062,140.07304,2.99496,0.33519,0.15631,23805.27,113.40625,N/A
06-Aug-20,140.03125,140.13876,3.1535,0.319,0.15271,23805.27,113.45312,N/A
07-Aug-20,140.14062,139.94874,3.06817,0.31109,0.15896,23805.27,113.28125,N/A
10-Aug-20,139.9375,139.8741,3.02072,0.30774,0.16141,23805.27,113.21484,N/A
11-Aug-20,139.875,139.24773,3.39929,0.30052,0.15273,23805.27,112.70312,N/A
12-Aug-20,139.35938,139.18277,3.39329,0.29238,0.16353,23805.27,112.64453,N/A
13-Aug-20,139.125,138.95327,3.42416,0.27755,0.14416,23805.27,112.45312,N/A
14-Aug-20,138.90625,139.11656,N/A,0.26471,-0.18628,23805.27,112.56641,N/A
17-Aug-20,139.15625,139.30812,3.58747,0.24918,0.16236,23805.27,112.71484,N/A
18-Aug-20,139.29688,139.37868,3.45628,0.24951,0.15979,23805.27,112.76562,N/A
19-Aug-20,139.42188,139.37665,3.99314,0.25431,0.17409,23805.27,112.75781,N/A
20-Aug-20,139.3125,139.54884,3.65543,0.23578,0,23805.27,112.89062,N/A
21-Aug-20,139.5,139.54274,N/A,0.21234,N/A,23805.27,112.86719,N/A
24-Aug-20,139.60938,139.50198,N/A,0.21111,N/A,23805.27,112.82812,N/A
25-Aug-20,139.46875,139.31604,N/A,0.21882,N/A,23805.27,112.67188,N/A
26-Aug-20,139.26562,139.31885,N/A,0.21492,N/A,23805.27,112.66797,N/A
27-Aug-20,139.32812,138.96352,N/A,0.19942,N/A,23805.27,112.375,N/A
28-Aug-20,138.90625,139.24779,N/A,0.18334,N/A,23805.27,112.58594,N/A
31-Aug-20,139.34375,139.42483,N/A,0.19393,N/A,23805.27,112.72266,N/A
01-Sep-20,139.34375,139.5825,N/A,0.17629,N/A,23805.27,112.84375,N/A
02-Sep-20,139.59375,139.68209,N/A,0.14961,N/A,23805.27,112.91797,N/A
03-Sep-20,139.71875,139.92688,N/A,0.16444,N/A,23805.27,113.10938,N/A
04-Sep-20,139.84375,139.20732,N/A,0.13914,N/A,23805.27,112.50391,N/A
08-Sep-20,139.28125,139.54405,N/A,0.11468,N/A,23805.27,112.76953,N/A
09-Sep-20,139.6875,139.44039,N/A,0.10051,N/A,23805.27,112.67969,N/A
10-Sep-20,139.46875,139.59322,N/A,0.1168,N/A,23805.27,112.79688,N/A
11-Sep-20,139.60938,139.75166,N/A,0.08744,N/A,23805.27,112.90625,N/A
14-Sep-20,139.76562,139.72542,N/A,0.08532,N/A,23805.27,112.87891,N/A
15-Sep-20,139.73438,139.65564,N/A,0.07327,N/A,23805.27,112.81641,N/A
16-Sep-20,139.73438,139.63424,N/A,0.07506,N/A,23805.27,112.79297,N/A
17-Sep-20,139.5625,139.64673,N/A,0.07896,N/A,23805.27,112.79688,N/A
18-Sep-20,139.70312,139.58255,N/A,0.03388,N/A,23805.27,112.72656,N/A
21-Sep-20,139.39062,139.53734,3.39261,0.56314,0.15715,21408.27,112.29688,N/A
22-Sep-20,139.57812,139.58367,3.41498,0.54435,0.15802,21408.27,112.32812,N/A
23-Sep-20,139.54688,139.47383,3.38248,0.55068,0.15177,21408.27,112.23438,N/A
24-Sep-20,139.51562,139.53968,3.37271,0.535,0.14656,21408.27,112.28125,N/A
25-Sep-20,139.54688,139.60058,3.46706,0.51622,0.15139,21408.27,112.3125,N/A
28-Sep-20,139.64062,139.59811,3.52914,0.52091,0.15353,21408.27,112.30469,N/A
29-Sep-20,139.70312,139.75181,3.38885,0.51301,0.14998,21408.27,112.42188,N/A
30-Sep-20,139.73438,139.50044,3.53121,0.50613,0.15083,21408.27,112.21484,N/A
01-Oct-20,139.46875,139.51965,3.5275,0.50316,0.14424,21408.27,112.22439,N/A
02-Oct-20,139.51562,139.39782,3.67893,0.47571,0.14367,21408.27,112.10938,N/A
05-Oct-20,139.375,138.88781,3.92891,0.47446,0.14461,21408.27,111.69531,N/A
06-Oct-20,138.76562,139.02198,3.81191,0.47595,0.14316,21408.27,111.79688,N/A
07-Oct-20,139.125,138.70718,4.04571,0.48083,0.14604,21408.27,111.53906,N/A
08-Oct-20,138.70312,138.89504,3.81693,0.46274,0.15029,21408.27,111.68359,N/A
09-Oct-20,138.79688,138.79243,3.84971,0.43233,0.14633,21408.27,111.57812,N/A
13-Oct-20,138.90625,139.19012,3.85858,0.4446,0.14912,21408.27,111.89062,N/A
14-Oct-20,139.20312,139.19741,3.95028,0.43209,0.11275,21408.27,111.89062,N/A
15-Oct-20,139.20312,139.09246,4.02739,0.41731,0.15446,21408.27,111.80078,N/A
16-Oct-20,139.09375,139.03624,4.09319,0.40484,0.15546,21408.27,111.73828,N/A
19-Oct-20,139.03125,138.88737,4.32883,0.39243,0.09178,21408.27,111.61328,N/A
20-Oct-20,138.82812,138.67506,4.48268,0.39178,0.151,21408.27,111.4375,N/A
21-Oct-20,138.75,138.55218,4.3858,0.38766,0.15033,21408.27,111.33331,N/A
22-Oct-20,138.5,138.30822,4.24568,0.3867,0.15416,21408.27,111.13219,N/A
23-Oct-20,138.26562,138.3455,4.22545,0.37402,0.1583,21408.27,111.14453,N/A
26-Oct-20,138.34375,138.61378,4.25338,0.35776,0.15512,21408.27,111.35344,N/A
27-Oct-20,138.625,138.82635,4.28555,0.35946,0.1492,21408.27,111.51776,N/A
28-Oct-20,138.89062,138.78705,4.66596,0.35969,0.14262,21408.27,111.48047,N/A
29-Oct-20,138.8125,138.3688,4.83366,0.33179,0.144,21408.27,111.13984,N/A
30-Oct-20,138.46875,138.20134,5.08054,0.33035,0.13768,21408.27,110.98828,N/A
02-Nov-20,138.17188,138.28182,5.54862,0.3264,0.13584,21408.27,111.04688,N/A
03-Nov-20,138.3125,138.06758,5.51473,0.31168,0.13454,21408.27,110.86954,N/A
04-Nov-20,137.95312,138.96006,3.5676,0.30723,0.13028,21408.27,111.57812,N/A
05-Nov-20,138.96875,138.85023,3.16853,0.30105,0.11338,21408.27,111.48438,N/A
06-Nov-20,138.96875,138.53006,2.95561,0.28994,0.11066,21408.27,111.21057,N/A
09-Nov-20,138.5,137.56673,3.34797,0.28855,0.10366,21408.27,110.43359,N/A
10-Nov-20,137.8125,137.42533,3.43291,0.27627,0.13853,21408.27,110.30873,N/A
12-Nov-20,137.625,138.15953,3.22303,0.28273,0.32049,21408.27,110.89062,N/A
13-Nov-20,138.20312,138.08868,3.12422,0.24604,0.14921,21408.27,110.81641,N/A
16-Nov-20,138.07812,138.02766,3.24691,0.2539,0.13411,21408.27,110.76172,N/A
17-Nov-20,138.03125,138.27893,3.5747,0.23655,0.14624,21408.27,110.95703,N/A
18-Nov-20,138.35938,138.15935,3.39154,0.22256,0.13529,21408.27,110.85547,N/A
19-Nov-20,138.21875,138.34231,3.75931,0.22558,0,21408.27,110.99609,N/A
20-Nov-20,138.51562,138.48617,N/A,0.21065,N/A,21408.27,111.09375,N/A
23-Nov-20,138.53125,138.28363,N/A,0.19279,N/A,21408.27,110.92578,N/A
24-Nov-20,138.32812,138.20218,N/A,0.1718,N/A,21408.27,110.85474,N/A
25-Nov-20,138.25,138.26158,N/A,0.19517,N/A,21408.27,110.89062,N/A
27-Nov-20,138.25,138.52255,N/A,0.1614,N/A,21408.27,111.08203,N/A
30-Nov-20,138.53125,138.53472,N/A,0.17782,N/A,21408.27,111.08594,N/A
01-Dec-20,138.53125,137.84417,N/A,0.16959,N/A,21408.27,110.52729,N/A
02-Dec-20,137.98438,137.85115,N/A,0.16934,N/A,21408.27,110.52704,N/A
03-Dec-20,137.95312,138.06863,N/A,0.14997,N/A,21408.27,110.69531,N/A
04-Dec-20,138.14062,137.80561,N/A,0.13455,N/A,21408.27,110.46724,N/A
07-Dec-20,137.8125,138.15128,N/A,0.14275,N/A,21408.27,110.73813,N/A
08-Dec-20,138.1875,138.24335,N/A,0.14807,N/A,21408.27,110.806,N/A
09-Dec-20,138.125,138.0343,N/A,0.11248,N/A,21408.27,110.63281,N/A
10-Dec-20,138.125,138.30291,N/A,0.10903,N/A,21408.27,110.84202,N/A
11-Dec-20,138.29688,138.49284,N/A,0.09346,N/A,21408.27,110.97656,N/A
14-Dec-20,138.35938,138.50989,N/A,0.10128,N/A,21408.27,110.98438,N/A
15-Dec-20,138.48438,138.29995,N/A,0.08999,N/A,21408.27,110.81047,N/A
16-Dec-20,138.42188,138.32441,N/A,0.07872,N/A,21408.27,110.82422,N/A
17-Dec-20,138.29688,138.29267,N/A,0.07249,N/A,21408.27,110.79297,N/A
18-Dec-20,138.35938,138.20719,N/A,0.06161,N/A,21408.27,110.70703,N/A
21-Dec-20,137.75,137.73612,3.37404,0.56422,0.14942,21411.27,110.85938,N/A
22-Dec-20,137.79688,137.94851,3.21384,0.55315,0.14728,21411.27,111.02344,N/A
23-Dec-20,137.79688,137.73144,3.41353,0.54859,0.15093,21411.27,110.84375,N/A
24-Dec-20,137.79688,137.87336,3.22711,0.55087,0.14703,21411.27,110.93359,N/A
28-Dec-20,137.92188,137.89542,3.23925,0.52506,0.14781,21411.27,110.94531,N/A
29-Dec-20,137.96875,137.90283,3.34554,0.52506,0.1439,21411.27,110.94531,N/A
30-Dec-20,137.89062,137.93953,3.41842,0.51097,0.14435,21411.27,110.96875,N/A
31-Dec-20,137.96875,138.06193,3.48653,0.49762,0.14215,21411.27,111.04297,N/A
04-Jan-21,137.96875,138.10351,3.58873,0.48744,0.14093,21411.27,111.07031,N/A
05-Jan-21,138.15625,137.81811,3.3832,0.47823,0.1342,21411.27,110.83594,N/A
06-Jan-21,137.82812,137.19599,3.47235,0.48721,0.13473,21411.27,110.33203,N/A
07-Jan-21,137.23438,136.93012,3.37414,0.46861,0.13453,21411.27,110.11328,N/A
08-Jan-21,136.875,136.65501,3.45124,0.46826,0.13068,21411.27,109.87525,N/A
11-Jan-21,136.5625,136.41315,3.64146,0.45637,0.12905,21411.27,109.67572,N/A
12-Jan-21,136.3125,136.3814,3.50696,0.45003,0.13309,21411.27,109.64436,N/A
13-Jan-21,136.42188,136.76601,3.23726,0.45173,0.12837,21411.27,109.94629,N/A
14-Jan-21,136.79688,136.57214,3.46958,0.45322,0.13196,21411.27,109.78516,N/A
15-Jan-21,136.53125,136.87066,3.17097,0.43073,0.13764,21411.27,110.00035,N/A
19-Jan-21,136.92188,136.93132,3.13738,0.41081,0.13707,21411.27,110.04297,N/A
20-Jan-21,136.95312,136.94188,2.89239,0.3883,0.13336,21411.27,110.04548,N/A
21-Jan-21,137,136.89248,2.9811,0.40537,0.1326,21411.27,110,N/A
22-Jan-21,136.875,137.0221,2.99317,0.37872,0.12938,21411.27,110.08594,N/A
25-Jan-21,137.03125,137.37111,2.92064,0.37695,0.1325,21411.27,110.35938,N/A
26-Jan-21,137.42188,137.36389,2.98085,0.36523,0.12739,21411.27,110.34766,N/A
27-Jan-21,137.375,137.535,3.29046,0.37498,0.12726,21411.27,110.4825,N/A
28-Jan-21,137.5,137.23724,3.25554,0.3558,0.12204,21411.27,110.23815,N/A
29-Jan-21,137.26562,136.99639,3.33684,0.32012,0.11791,21411.27,110.02734,N/A
01-Feb-21,137.17188,137.1698,3.33684,0.32784,0.1089,21411.27,110.16016,N/A
02-Feb-21,137.15625,136.93331,3.30704,0.33268,0.11797,21411.27,109.96484,N/A
03-Feb-21,137.01562,136.77001,3.34821,0.30855,0.11815,21411.27,109.82812,N/A
04-Feb-21,136.73438,136.77751,3.31651,0.30855,0.11491,21411.27,109.82812,N/A
05-Feb-21,136.76562,136.65632,3.06405,0.28109,0.11768,21411.27,109.71311,N/A
08-Feb-21,136.67188,136.67414,3.12547,0.28936,0.13467,21411.27,109.72137,N/A
09-Feb-21,136.625,136.70276,3.11307,0.28125,0.1273,21411.27,109.73828,N/A
10-Feb-21,136.70312,136.90544,2.80027,0.27488,0.12945,21411.27,109.89453,N/A
11-Feb-21,136.98438,136.86902,N/A,0.28976,-0.24562,21411.27,109.85938,N/A
12-Feb-21,136.8125,136.56207,2.78661,0.27022,0.11133,21411.27,109.58965,N/A
16-Feb-21,136.45312,135.7842,4.44917,0.25447,0.10937,21411.27,108.96094,N/A
17-Feb-21,135.65625,135.72221,4.67759,0.22385,0.11715,21411.27,108.9053,N/A
18-Feb-21,135.95312,135.848,4.41969,0.23098,0,21411.27,109,N/A
19-Feb-21,135.82812,135.45085,N/A,0.22029,N/A,21411.27,108.66406,N/A
22-Feb-21,135.42188,135.3088,N/A,0.20064,N/A,21411.27,108.54434,N/A
23-Feb-21,135.34375,135.39754,N/A,0.19062,N/A,21411.27,108.60938,N/A
24-Feb-21,135.54688,135.14642,N/A,0.19625,N/A,21411.27,108.40234,N/A
25-Feb-21,135.23438,133.64617,N/A,0.17761,N/A,21411.27,107.19531,N/A
26-Feb-21,133.70312,133.81994,N/A,0.19863,N/A,21411.27,107.31641,N/A
01-Mar-21,134.42188,134.26171,N/A,0.15849,N/A,21411.27,107.66406,N/A
02-Mar-21,134.73438,134.60589,N/A,0.14031,N/A,21411.27,107.93359,N/A
03-Mar-21,134.73438,134.13661,N/A,0.15892,N/A,21411.27,107.5519,N/A
04-Mar-21,134.0625,133.49375,N/A,0.15115,N/A,21411.27,107.03125,N/A
05-Mar-21,133.4375,133.45282,N/A,0.1379,N/A,21411.27,106.98047,N/A
08-Mar-21,133.14062,133.00166,N/A,0.14599,N/A,21411.27,106.61328,N/A
09-Mar-21,132.96875,133.38908,N/A,0.11238,N/A,21411.27,106.91742,N/A
10-Mar-21,133.48438,133.64123,N/A,0.13311,N/A,21411.27,107.11328,N/A
11-Mar-21,133.57812,133.70728,N/A,0.10493,N/A,21411.27,107.16016,N/A
12-Mar-21,133.60938,132.94422,N/A,0.12651,N/A,21411.27,106.53125,N/A
15-Mar-21,133.10938,133.09322,N/A,0.10218,N/A,21411.27,106.64453,N/A
16-Mar-21,133.1875,133.08608,N/A,0.09047,N/A,21411.27,106.63281,N/A
17-Mar-21,133.01562,133.23997,N/A,0.08256,N/A,21411.27,106.75,N/A
18-Mar-21,133.14062,132.44727,N/A,0.07991,N/A,21411.27,106.10938,N/A
19-Mar-21,132.53125,132.3722,N/A,0.06433,N/A,21411.27,106.03125,N/A
22-Mar-21,131.29688,131.55272,5.18005,0.73577,0.10697,23402.28,109.55134,N/A
23-Mar-21,131.48438,131.91521,4.68793,0.71798,0.11352,23402.28,109.84375,N/A
24-Mar-21,132.01562,132.09417,4.83572,0.71642,0.11141,23402.28,109.98438,N/A
25-Mar-21,132.125,132.15977,4.91053,0.72452,0.11371,23402.28,110.03125,N/A
26-Mar-21,131.95312,131.77296,4.94804,0.69267,0.11191,23402.28,109.68919,N/A
29-Mar-21,131.64062,131.39255,5.19568,0.70671,0.10987,23402.28,109.36719,N/A
30-Mar-21,131.39062,131.2031,5.2924,0.68483,0.10844,23402.28,109.20312,N/A
31-Mar-21,131.29688,130.99005,5.3614,0.70803,0.10908,23402.28,109.01953,N/A
01-Apr-21,130.98438,131.40988,4.86993,0.6472,0.12126,23402.28,109.35938,N/A
02-Apr-21,131.46875,130.96006,4.8575,0.64077,0.11123,23402.28,108.96519,N/A
05-Apr-21,130.95312,131.12915,4.66849,0.64398,0.10772,23402.28,109.09766,N/A
06-Apr-21,131.28125,131.71901,4.64657,0.64623,0.11343,23402.28,109.57812,N/A
07-Apr-21,131.67188,131.85073,4.64772,0.63146,0.11173,23402.28,109.67969,N/A
08-Apr-21,131.65625,132.03913,4.67011,0.63772,0.11292,23402.28,109.82812,N/A
09-Apr-21,132.04688,131.76364,4.84252,0.60745,0.11226,23402.28,109.57812,N/A
12-Apr-21,131.73438,131.65922,4.82038,0.60418,0.11419,23402.28,109.48438,N/A
13-Apr-21,131.70312,132.12155,4.45695,0.60435,0.11463,23402.28,109.85938,N/A
14-Apr-21,132.10938,131.951,4.51949,0.58516,0.11594,23402.28,109.71094,N/A
15-Apr-21,131.90625,132.70615,4.69045,0.59488,0.11944,23402.28,110.32812,N/A
16-Apr-21,132.39062,132.40232,4.57611,0.55409,0.11893,23402.28,110.05469,N/A
19-Apr-21,132.34375,132.25588,4.92168,0.54191,0.11359,23402.28,109.92618,N/A
20-Apr-21,132.20312,132.58547,4.86684,0.53571,0.10552,23402.28,110.19141,N/A
21-Apr-21,132.57812,132.56134,4.64046,0.53421,0.10741,23402.28,110.16406,N/A
22-Apr-21,132.53125,132.57971,4.56116,0.5291,0.10623,23402.28,110.17188,N/A
23-Apr-21,132.64062,132.45535,4.48217,0.49457,0.10942,23402.28,110.04688,N/A
26-Apr-21,132.39062,132.38871,4.50749,0.48378,0.10825,23402.28,109.98438,N/A
27-Apr-21,132.35938,132.05287,4.74469,0.48297,0.11039,23402.28,109.69922,N/A
28-Apr-21,132.01562,132.11374,4.48294,0.47424,0.10986,23402.28,109.74219,N/A
29-Apr-21,132.17188,132.00932,4.29215,0.47096,0.10734,23402.28,109.64844,N/A
30-Apr-21,131.96875,132.06444,4.20587,0.45563,0.10621,23402.28,109.67188,N/A
03-May-21,132.04688,132.34219,4.32645,0.4324,0.10933,23402.28,109.89422,N/A
04-May-21,132.32812,132.45066,4.44611,0.43719,0.10303,23402.28,109.97656,N/A
05-May-21,132.42188,132.58238,4.44497,0.43535,0.10527,23402.28,110.07812,N/A
06-May-21,132.625,132.70003,4.43242,0.42188,0.09227,23402.28,110.16805,N/A
07-May-21,132.57812,132.77393,3.91783,0.39623,0.09775,23402.28,110.20703,N/A
10-May-21,132.70312,132.64117,4.3156,0.39537,0.09824,23402.28,110.08984,N/A
11-May-21,132.60938,132.4848,4.37246,0.3879,0.09585,23402.28,109.95312,N/A
12-May-21,132.45312,131.92338,4.42738,0.35561,0.09574,23402.28,109.48138,N/A
13-May-21,131.92188,132.2004,4.19122,0.35763,0.11427,23402.28,109.70312,N/A
14-May-21,132.21875,132.43063,3.81058,0.34497,0.09263,23402.28,109.87141,N/A
17-May-21,132.42188,132.37778,4.18886,0.34556,0.09351,23402.28,109.82031,N/A
18-May-21,132.25,132.3994,3.97472,0.32632,0.09262,23402.28,109.83984,N/A
19-May-21,132.39062,132.0308,4.80049,0.31109,0.08828,23402.28,109.52734,N/A
20-May-21,132.09375,132.47916,4.23118,0.29955,0,23402.28,109.89062,N/A
21-May-21,132.5,132.43587,N/A,0.27973,N/A,23402.28,109.83203,N/A
24-May-21,132.53125,132.62922,N/A,0.27698,N/A,23402.28,109.98438,N/A
25-May-21,132.625,132.97841,N/A,0.27387,N/A,23402.28,110.26562,N/A
26-May-21,132.98438,132.93093,N/A,0.2787,N/A,23402.28,110.21875,N/A
27-May-21,132.84375,132.69455,N/A,0.25653,N/A,23402.28,110.01562,N/A
28-May-21,132.6875,132.84934,N/A,0.21201,N/A,23402.28,110.11328,N/A
01-Jun-21,132.73438,132.74047,N/A,0.21775,N/A,23402.28,110.01562,N/A
02-Jun-21,132.71875,132.87716,N/A,0.21982,N/A,23402.28,110.12109,N/A
03-Jun-21,132.85938,132.53689,N/A,0.20218,N/A,23402.28,109.83203,N/A
04-Jun-21,132.54688,133.12167,N/A,0.17197,N/A,23402.28,110.29297,N/A
07-Jun-21,133.09375,133.02696,N/A,0.16358,N/A,23402.28,110.20703,N/A
08-Jun-21,133.0625,133.33365,N/A,0.13825,N/A,23402.28,110.45312,N/A
09-Jun-21,133.29688,133.61672,N/A,0.13216,N/A,23402.28,110.67969,N/A
10-Jun-21,133.67188,133.79584,N/A,0.14348,N/A,23402.28,110.82025,N/A
11-Jun-21,133.9375,133.71485,N/A,0.13124,N/A,23402.28,110.73047,N/A
14-Jun-21,133.76562,133.38875,N/A,0.08655,N/A,23402.28,110.45312,N/A
15-Jun-21,133.46875,133.39793,N/A,0.07362,N/A,23402.28,110.45312,N/A
16-Jun-21,133.46875,132.64714,N/A,0.05244,N/A,23402.28,109.82447,N/A
17-Jun-21,132.5625,132.88269,N/A,0.07167,N/A,23402.28,110.01172,N/A
18-Jun-21,132.84375,133.15107,N/A,0.06409,N/A,23402.28,110.21094,N/A
21-Jun-21,132.40625,132.17344,4.59028,0.75341,0.10614,27805.28,110.98438,N/A
22-Jun-21,132.17188,132.32801,4.20263,0.74422,0.09347,27805.28,111.10547,N/A
23-Jun-21,132.39062,132.15224,4.13386,0.7332,0.09652,27805.28,110.95114,N/A
24-Jun-21,132.15625,132.16396,4.20403,0.74822,0.10031,27805.28,110.95312,N/A
25-Jun-21,132.10938,131.85464,3.5297,0.72753,0.10094,27805.28,110.67188,N/A
28-Jun-21,131.92188,132.2622,4.10189,0.72083,0.10414,27805.28,111.00391,N/A
29-Jun-21,132.25,132.24811,4.13647,0.7013,0.10227,27805.28,110.98438,N/A
30-Jun-21,132.28125,132.50106,4.22863,0.709,0.1,27805.28,111.1875,N/A
01-Jul-21,132.3125,132.24803,4.28374,0.68567,0.10566,27805.28,110.96875,N/A
02-Jul-21,132.375,132.6789,4.02317,0.67507,0.10597,27805.28,111.29688,N/A
06-Jul-21,132.75,133.21764,4.11057,0.66049,0.10226,27805.28,111.73828,N/A
07-Jul-21,133.34375,133.54086,4.43484,0.64862,0.10275,27805.28,112,N/A
08-Jul-21,133.57812,133.863,4.46047,0.62281,0.10402,27805.28,112.26081,N/A
09-Jul-21,133.79688,133.40017,4.36443,0.6044,0.10685,27805.28,111.85156,N/A
12-Jul-21,133.39062,133.38139,4.29639,0.59399,0.10318,27805.28,111.82812,N/A
13-Jul-21,133.40625,132.97844,4.32136,0.602,0.09531,27805.28,111.48438,N/A
14-Jul-21,132.96875,133.4469,4.01499,0.59397,0.09731,27805.28,111.86719,N/A
15-Jul-21,133.5,133.78887,4.19719,0.5847,0.09396,27805.28,112.14453,N/A
16-Jul-21,133.78125,133.7747,4.11302,0.56257,0.089,27805.28,112.10938,N/A
19-Jul-21,133.84375,134.68355,4.79036,0.55694,0.08888,27805.28,112.85938,N/A
20-Jul-21,134.59375,134.6554,4.72056,0.53872,0.09823,27805.28,112.82812,N/A
21-Jul-21,134.53125,134.08904,4.44513,0.52773,0.09462,27805.28,112.34812,N/A
22-Jul-21,134.04688,134.22431,4.41717,0.51548,0.09581,27805.28,112.45312,N/A
23-Jul-21,134.125,134.12113,4.47018,0.4973,0.09201,27805.28,112.34375,N/A
26-Jul-21,134.1875,134.18668,4.6815,0.49206,0.09042,27805.28,112.39062,N/A
27-Jul-21,134.10938,134.46305,4.79812,0.49324,0.09561,27805.28,112.61328,N/A
28-Jul-21,134.39062,134.24282,4.42805,0.4712,0.09719,27805.28,112.42188,N/A
29-Jul-21,134.45312,134.20531,4.34858,0.47122,0.09287,27805.28,112.38281,N/A
30-Jul-21,134.1875,134.45818,4.36395,0.4633,0.08994,27805.28,112.57031,N/A
02-Aug-21,134.53125,134.99691,4.43563,0.44872,0.08952,27805.28,113.01172,N/A
03-Aug-21,134.90625,134.9875,4.64028,0.43309,0.09171,27805.28,112.99609,N/A
04-Aug-21,134.98438,134.82349,4.68424,0.43187,0.08911,27805.28,112.85156,N/A
05-Aug-21,134.82812,134.47208,4.6273,0.40468,0.09603,27805.28,112.55078,N/A
06-Aug-21,134.42188,133.99879,4.38814,0.40361,0.0973,27805.28,112.13281,N/A
09-Aug-21,133.90625,133.76451,4.74724,0.38288,0.09699,27805.28,111.92969,N/A
10-Aug-21,133.70312,133.53959,4.68809,0.38299,0.07054,27805.28,111.73438,N/A
11-Aug-21,133.51562,133.57703,4.26505,0.38037,0.09934,27805.28,111.75781,N/A
12-Aug-21,133.59375,133.44941,3.97826,0.36741,0.08977,27805.28,111.64062,N/A
13-Aug-21,133.51562,133.95168,3.80356,0.34895,0.09113,27805.28,112.03906,N/A
16-Aug-21,134.125,134.3077,4.10394,0.32533,0.09103,27805.28,112.32812,N/A
17-Aug-21,134.23438,134.26549,4.14269,0.33448,0.09721,27805.28,112.28516,N/A
18-Aug-21,134.21875,134.13896,3.96363,0.32542,0.09271,27805.28,112.17188,N/A
19-Aug-21,134.21875,134.3029,4.02081,0.29799,0.08841,27805.28,112.30078,N/A
20-Aug-21,134.29688,134.10602,3.94878,0.27986,0.08543,27805.28,112.11328,N/A
23-Aug-21,134.14062,134.19499,4.45548,0.26809,0.08732,27805.28,112.17969,N/A
24-Aug-21,134.20312,133.97476,4.67488,0.27211,0.08392,27805.28,111.98828,N/A
25-Aug-21,133.9375,133.61399,4.98769,0.26316,0.03907,27805.28,111.67969,N/A
26-Aug-21,133.60938,133.57647,6.01649,0.25016,0,27805.28,111.64062,N/A
27-Aug-21,133.51562,133.89025,N/A,0.2409,N/A,27805.28,111.87891,N/A
30-Aug-21,133.90625,134.13383,N/A,0.24079,N/A,27805.28,112.07422,N/A
31-Aug-21,134.14062,134.05883,N/A,0.23562,N/A,27805.28,112.00391,N/A
01-Sep-21,134,134.05879,N/A,0.22781,N/A,27805.28,111.99609,N/A
02-Sep-21,134.0625,134.12903,N/A,0.21345,N/A,27805.28,112.04688,N/A
03-Sep-21,134.1875,133.97896,N/A,0.16143,N/A,27805.28,111.89062,N/A
07-Sep-21,133.96875,133.64161,N/A,0.18504,N/A,27805.28,111.60156,N/A
08-Sep-21,133.60938,133.84771,N/A,0.15368,N/A,27805.28,111.76562,N/A
09-Sep-21,133.875,134.09129,N/A,0.15357,N/A,27805.28,111.96094,N/A
10-Sep-21,134.04688,133.7726,N/A,0.1381,N/A,27805.28,111.67188,N/A
13-Sep-21,133.79688,133.90374,N/A,0.10938,N/A,27805.28,111.77344,N/A
14-Sep-21,133.90625,134.19417,N/A,0.10925,N/A,27805.28,112.00781,N/A
15-Sep-21,134.14062,133.99736,N/A,0.10674,N/A,27805.28,111.83594,N/A
16-Sep-21,133.98438,133.71623,N/A,0.11208,N/A,27805.28,111.59375,N/A
17-Sep-21,133.6875,133.42097,N/A,0.09009,N/A,27805.28,111.32422,N/A
20-Sep-21,133.375,133.866,N/A,0.08858,N/A,27805.28,111.6875,N/A
21-Sep-21,133.21875,133.18763,4.14104,0.76858,0.09114,27808.28,111.82031,N/A
22-Sep-21,133.17188,133.04509,4.01449,0.81159,0.09036,27808.28,111.69397,N/A
23-Sep-21,133.1875,132.35729,4.2337,0.73901,0.09109,27808.28,111.11328,N/A
24-Sep-21,132.20312,132.01013,4.32248,0.72615,0.09332,27808.28,110.80078,N/A
27-Sep-21,132.07812,131.77895,4.26983,0.70542,0.09357,27808.28,110.59766,N/A
28-Sep-21,131.75,131.46016,4.44722,0.70557,0.09385,27808.28,110.32422,N/A
29-Sep-21,131.4375,131.46936,4.33579,0.70557,0.08649,27808.28,110.32422,N/A
30-Sep-21,131.65625,131.59985,4.32888,0.68988,0.08524,27808.28,110.42578,N/A
01-Oct-21,131.89062,132.15219,4.19025,0.65837,0.0837,27808.28,110.86328,N/A
04-Oct-21,132.1875,132.06762,4.1636,0.65842,0.08021,27808.28,110.78516,N/A
05-Oct-21,132.07812,131.71344,4.27271,0.64425,0.09146,27808.28,110.48438,N/A
06-Oct-21,131.73438,131.7157,4.27801,0.64947,0.09087,27808.28,110.47656,N/A
07-Oct-21,131.71875,131.38708,4.30325,0.64181,0.08868,27808.28,110.19531,N/A
08-Oct-21,131.34375,131.13798,4.2736,0.61198,0.08595,27808.28,109.95703,N/A
12-Oct-21,130.84375,131.13307,4.28879,0.60026,0.09279,27808.28,109.94531,N/A
13-Oct-21,131.10938,131.2172,4.19027,0.59762,0.09303,27808.28,110.00781,N/A
14-Oct-21,131.3125,131.49779,3.99321,0.58967,0.08929,27808.28,110.23438,N/A
15-Oct-21,131.51562,130.9621,4.32061,0.56388,0.08463,27808.28,109.76562,N/A
18-Oct-21,130.90625,130.74643,4.50035,0.54575,0.09447,27808.28,109.57812,N/A
19-Oct-21,130.64062,130.56644,4.37006,0.55886,0.08899,27808.28,109.42188,N/A
20-Oct-21,130.51562,130.6272,4.3697,0.53669,0.08658,27808.28,109.46484,N/A
21-Oct-21,130.4375,130.17696,4.58042,0.53169,0.09572,27808.28,109.08203,N/A
22-Oct-21,130,130.33592,4.54353,0.51079,0.0923,27808.28,109.19141,N/A
25-Oct-21,130.48438,130.55336,4.35632,0.50027,0.09005,27808.28,109.36328,N/A
26-Oct-21,130.59375,130.61881,4.2641,0.50806,0.08982,27808.28,109.41016,N/A
27-Oct-21,130.64062,131.16215,4.31776,0.48436,0.09306,27808.28,109.85547,N/A
28-Oct-21,130.98438,130.74034,4.57125,0.47674,0.08938,27808.28,109.49609,N/A
29-Oct-21,130.6875,130.70244,4.70564,0.46114,0.08488,27808.28,109.44141,N/A
01-Nov-21,130.64062,130.64608,4.80309,0.44554,0.08132,27808.28,109.38672,N/A
02-Nov-21,130.73438,130.96453,4.43191,0.44279,0.07656,27808.28,109.64453,N/A
03-Nov-21,130.92188,130.75355,4.23738,0.42856,0.08425,27808.28,109.46094,N/A
04-Nov-21,130.59375,131.30541,4.007,0.42179,0.08599,27808.28,109.91016,N/A
05-Nov-21,131.21875,131.82589,4.39318,0.40593,0.08545,27808.28,110.32422,N/A
08-Nov-21,131.71875,131.31038,4.36516,0.41138,0.09143,27808.28,109.88672,N/A
09-Nov-21,131.34375,131.8362,4.39567,0.38899,0.09458,27808.28,110.32031,N/A
10-Nov-21,131.75,130.73507,4.50838,0.3804,0.08256,27808.28,109.38672,N/A
12-Nov-21,130.35938,130.52871,4.75021,0.35445,0.09594,27808.28,109.19141,N/A
15-Nov-21,130.625,130.29439,4.75977,0.34675,0.09091,27808.28,108.98828,N/A
16-Nov-21,130.3125,130.18188,4.62144,0.34941,0.09385,27808.28,108.88672,N/A
17-Nov-21,130.15625,130.45822,4.10511,0.33756,0.07857,27808.28,109.10938,N/A
18-Nov-21,130.51562,130.58464,3.93256,0.33099,0.09913,27808.28,109.20703,N/A
19-Nov-21,130.57812,130.88426,3.82739,0.31002,0.10394,27808.28,109.43359,N/A
22-Nov-21,130.75,130.00341,4.89338,0.29741,0.08483,27808.28,108.69141,N/A
23-Nov-21,129.96875,129.78795,4.65487,0.2924,0.03938,27808.28,108.50401,N/A
24-Nov-21,129.76562,129.83453,4.20351,0.27665,0,27808.28,108.52734,N/A
26-Nov-21,129.84375,131.21638,N/A,0.28514,N/A,27808.28,109.65625,N/A
29-Nov-21,130.96875,131.06638,N/A,0.25655,N/A,27808.28,109.52344,N/A
30-Nov-21,131.29688,131.56402,N/A,0.2459,N/A,27808.28,109.92969,N/A
01-Dec-21,131.46875,131.65293,N/A,0.23414,N/A,27808.28,109.99609,N/A
02-Dec-21,131.73438,131.3155,N/A,0.21867,N/A,27808.28,109.70703,N/A
03-Dec-21,131.46875,132.1163,N/A,0.18574,N/A,27808.28,110.35156,N/A
06-Dec-21,131.92188,131.3338,N/A,0.17699,N/A,27808.28,109.69141,N/A
07-Dec-21,131.4375,131.03385,N/A,0.17974,N/A,27808.28,109.43359,N/A
08-Dec-21,131.1875,130.91193,N/A,0.16156,N/A,27808.28,109.32422,N/A
09-Dec-21,130.875,131.0711,N/A,0.15628,N/A,27808.28,109.44922,N/A
10-Dec-21,131.04688,131.08885,N/A,0.13544,N/A,27808.28,109.44141,N/A
13-Dec-21,131.125,131.47294,N/A,0.09618,N/A,27808.28,109.75391,N/A
14-Dec-21,131.46875,131.28547,N/A,0.11451,N/A,27808.28,109.58984,N/A
15-Dec-21,131.34375,131.11674,N/A,0.08332,N/A,27808.28,109.44141,N/A
16-Dec-21,131.20312,131.73508,N/A,0.08304,N/A,27808.28,109.94922,N/A
17-Dec-21,131.71875,131.78639,N/A,0.05046,N/A,27808.28,109.96875,N/A
20-Dec-21,131.98438,131.79063,N/A,0.04655,N/A,27808.28,109.96484,N/A
21-Dec-21,131.10938,130.54272,5.00149,0.82238,0.11313,31811.28,111.42188,N/A
22-Dec-21,130.75,130.71402,4.90893,0.81351,0.11294,31811.28,111.55859,N/A
23-Dec-21,130.73438,130.48831,4.82338,0.77312,0.10652,31811.28,111.35938,N/A
24-Dec-21,N/A,N/A,N/A,N/A,N/A,N/A,N/A,N/A
27-Dec-21,130.5,130.54681,4.80403,0.77551,0.11053,31811.28,111.375,N/A
28-Dec-21,130.59375,130.59833,4.72629,0.77095,0.11249,31811.28,111.41016,N/A
29-Dec-21,130.625,130.20249,4.89412,0.7581,0.10444,31811.28,111.06641,N/A
30-Dec-21,130.1875,130.39203,4.62197,0.75162,0.1044,31811.28,111.21875,N/A
31-Dec-21,130.4375,130.46347,4.75335,0.73383,0.10196,31811.28,111.25391,N/A
03-Jan-22,130.32812,129.41392,5.11353,0.71287,0.10125,31811.28,110.35938,N/A
04-Jan-22,129.5,129.26257,5.06592,0.70851,0.10209,31811.28,110.22266,N/A
05-Jan-22,129.39062,128.86386,4.97764,0.70802,0.10092,31811.28,109.85156,N/A
06-Jan-22,128.84375,128.53528,4.9741,0.71102,0.1046,31811.28,109.58984,N/A
07-Jan-22,128.625,128.29513,4.70017,0.67909,0.10712,31811.28,109.35938,N/A
10-Jan-22,128.32812,128.13393,4.80865,0.66692,0.10772,31811.28,109.21484,N/A
11-Jan-22,128.26562,128.38727,4.67266,0.66232,0.10757,31811.28,109.42202,N/A
12-Jan-22,128.46875,128.57241,4.63969,0.65178,0.10274,31811.28,109.57031,N/A
13-Jan-22,128.375,128.70582,4.62493,0.63813,0.1195,31811.28,109.67578,N/A
14-Jan-22,128.75,128.17788,4.81723,0.60768,0.10586,31811.28,109.19531,N/A
18-Jan-22,128.03125,127.35978,5.26452,0.59283,0.11081,31811.28,108.49219,N/A
19-Jan-22,127.29688,127.665,5.28168,0.59134,0.11253,31811.28,108.74219,N/A
20-Jan-22,127.34375,127.68895,5.25325,0.57659,0.11078,31811.28,108.75391,N/A
21-Jan-22,127.90625,128.29996,5.15126,0.55258,0.10505,31811.28,109.24609,N/A
24-Jan-22,128.21875,128.49383,5.4172,0.53676,0.10492,31811.28,109.40234,N/A
25-Jan-22,128.20312,128.10271,5.23114,0.52781,0.10513,31811.28,109.0625,N/A
26-Jan-22,128.20312,127.51337,5.32486,0.5362,0.11632,31811.28,108.55469,N/A
27-Jan-22,127.34375,127.64876,4.99003,0.50818,0.09688,31811.28,108.64578,N/A
28-Jan-22,127.67188,127.92686,4.9118,0.482,0.08891,31811.28,108.87109,N/A
31-Jan-22,127.90625,127.94127,5.09958,0.47267,0.09441,31811.28,108.875,N/A
01-Feb-22,128.01562,127.84354,5.08855,0.46224,0.0945,31811.28,108.78516,N/A
02-Feb-22,127.875,128.08885,4.94169,0.44969,0.0889,31811.28,108.98438,N/A
03-Feb-22,128.03125,127.60555,4.90092,0.44203,0.09477,31811.28,108.56641,N/A
04-Feb-22,127.57812,126.74131,4.97116,0.42543,0.09652,31811.28,107.80859,N/A
07-Feb-22,126.84375,126.86588,5.13799,0.40325,0.09553,31811.28,107.90554,N/A
08-Feb-22,126.89062,126.56327,5.31827,0.4163,0.09469,31811.28,107.64062,N/A
09-Feb-22,126.48438,126.73941,5.31454,0.41132,0.10994,31811.28,107.78125,N/A
10-Feb-22,126.64062,125.75808,5.35981,0.37887,0.1946,31811.28,106.94141,N/A
11-Feb-22,125.75,126.34644,6.57104,0.34856,0.14125,31811.28,107.41406,N/A
14-Feb-22,126.51562,125.95998,7.57394,0.35676,0.08397,31811.28,107.07812,N/A
15-Feb-22,126.03125,125.70265,7.0443,0.34197,0.09559,31811.28,106.85156,N/A
16-Feb-22,125.70312,125.79578,6.6992,0.34611,0.08172,31811.28,106.92188,N/A
17-Feb-22,125.79688,126.38694,6.70316,0.32209,0,31811.28,107.41406,N/A
18-Feb-22,126.48438,126.64879,N/A,0.29782,N/A,31811.28,107.60156,N/A
22-Feb-22,126.79688,126.45602,N/A,0.29801,N/A,31811.28,107.42969,N/A
23-Feb-22,126.51562,126.2711,N/A,0.29162,N/A,31811.28,107.26447,N/A
24-Feb-22,126.1875,126.43938,N/A,0.26676,N/A,31811.28,107.39844,N/A
25-Feb-22,126.45312,126.24841,N/A,0.26456,N/A,31811.28,107.21094,N/A
28-Feb-22,126.98438,127.4575,N/A,0.26102,N/A,31811.28,108.22656,N/A
01-Mar-22,127.5,128.7127,N/A,0.2436,N/A,31811.28,109.28125,N/A
02-Mar-22,128.45312,127.31635,N/A,0.24343,N/A,31811.28,108.08984,N/A
03-Mar-22,127.375,127.52477,N/A,0.19962,N/A,31811.28,108.25781,N/A
04-Mar-22,127.54688,128.51,N/A,0.17977,N/A,31811.28,109.05859,N/A
07-Mar-22,128.73438,128.03432,N/A,0.15346,N/A,31811.28,108.64844,N/A
08-Mar-22,127.95312,127.14371,N/A,0.15942,N/A,31811.28,107.88672,N/A
09-Mar-22,127.375,126.58064,N/A,0.16478,N/A,31811.28,107.40234,N/A
10-Mar-22,126.65625,126.07561,N/A,0.15473,N/A,31811.28,106.96875,N/A
11-Mar-22,126.40625,125.98959,N/A,0.12326,N/A,31811.28,106.87109,N/A
14-Mar-22,126.20312,124.93445,N/A,0.12096,N/A,31811.28,105.96875,N/A
15-Mar-22,124.9375,124.79237,N/A,0.11117,N/A,31811.28,105.83984,N/A
16-Mar-22,124.9375,124.38534,N/A,0.05232,N/A,31811.28,105.47656,N/A
17-Mar-22,124.75,124.4776,N/A,0.06969,N/A,31811.28,105.54688,N/A
18-Mar-22,124.67188,124.78633,N/A,0.05649,N/A,31811.28,105.78516,N/A
21-Mar-22,124.84375,123.38907,N/A,0.02984,N/A,31811.28,104.59375,N/A
22-Mar-22,123.29688,122.73825,7.04781,0.53363,0.59104,25802.29,101.25,N/A
23-Mar-22,122.64062,123.15268,7.14833,0.54515,0.57877,25802.29,101.58203,N/A
24-Mar-22,123.29688,122.94688,7.62514,0.54885,0.57053,25802.29,101.40625,N/A
25-Mar-22,122.6875,121.58417,8.19646,0.54032,0.57771,25802.29,100.26953,N/A
28-Mar-22,121.67188,121.73715,8.23918,0.53321,0.59172,25802.29,100.39062,N/A
29-Mar-22,121.75,122.3478,7.50157,0.51259,0.54311,25802.29,100.88281,N/A
30-Mar-22,122.32812,122.67525,7.09805,0.53072,0.53266,25802.29,101.14453,N/A
31-Mar-22,122.70312,122.9239,7.06097,0.52481,0.53242,25802.29,101.34375,N/A
01-Apr-22,122.65625,122.27025,7.29774,0.4984,0.52024,25802.29,100.7917,N/A
04-Apr-22,122.07812,122.13031,7.23596,0.48614,0.55067,25802.29,100.66406,N/A
05-Apr-22,122.14062,120.95056,7.70602,0.47501,0.54784,25802.29,99.69141,N/A
06-Apr-22,120.9375,120.72944,7.94617,0.47591,0.53597,25802.29,99.5,N/A
07-Apr-22,120.76562,120.58495,8.00759,0.46629,0.55231,25802.29,99.375,N/A
08-Apr-22,120.46875,120.1469,8.08024,0.43744,0.5723,25802.29,99,N/A
11-Apr-22,120,119.77494,8.28029,0.43262,0.58471,25802.29,98.6875,N/A
12-Apr-22,119.71875,120.51381,7.76328,0.41881,0.51834,25802.29,99.28906,N/A
13-Apr-22,120.42188,120.8309,7.36571,0.43304,0.61791,25802.29,99.54688,N/A
14-Apr-22,120.67188,119.97441,7.80259,0.40378,0.63821,25802.29,98.8125,N/A
18-Apr-22,119.79688,119.65042,7.90679,0.37789,0.63363,25802.29,98.54302,N/A
19-Apr-22,119.60938,119.14401,8.07201,0.39185,0.62756,25802.29,98.12109,N/A
20-Apr-22,118.92188,119.53512,8.00932,0.38384,0.6459,25802.29,98.43359,N/A
21-Apr-22,119.51562,118.77615,8.39079,0.36401,0.67238,25802.29,97.79839,N/A
22-Apr-22,118.71875,118.96883,8.44464,0.34928,0.67329,25802.29,97.9375,N/A
25-Apr-22,118.95312,119.63284,8.44883,0.33707,0.66691,25802.29,98.47656,N/A
26-Apr-22,119.53125,120.07812,8.34059,0.33748,0.67382,25802.29,98.83594,N/A
27-Apr-22,120.4375,119.83487,8.27664,0.33948,0.63814,25802.29,98.63281,N/A
28-Apr-22,119.6875,119.40827,8.75759,0.33126,0.78244,25802.29,98.26562,N/A
29-Apr-22,119.65625,119.18801,8.49361,0.2987,0.79886,25802.29,98.06641,N/A
02-May-22,118.75,118.35744,9.0941,0.28177,0.7959,25802.29,97.38281,N/A
03-May-22,118.39062,118.54794,8.81115,0.28918,0.78319,25802.29,97.53125,N/A
04-May-22,118.375,119.17873,7.68587,0.27917,0.76072,25802.29,98.04688,N/A
05-May-22,118.92188,118.08892,7.85786,0.27816,0.80072,25802.29,97.14844,N/A
06-May-22,118.1875,117.8313,8.06836,0.27344,0.81777,25802.29,96.92578,N/A
09-May-22,117.625,118.20287,8.20551,0.25372,0.81309,25802.29,97.22656,N/A
10-May-22,118.45312,118.80008,8.17157,0.25092,0.75252,25802.29,97.71094,N/A
11-May-22,118.76562,119.27698,7.84686,0.24021,0.86352,25802.29,98.09766,N/A
12-May-22,119.1875,120.01322,7.71919,0.23922,0.60531,25802.29,98.69922,N/A
13-May-22,119.71875,119.18155,7.22405,0.22338,0.78354,25802.29,98.00391,N/A
16-May-22,119.20312,119.68434,7.94864,0.21548,0.81846,25802.29,98.40625,N/A
17-May-22,119.67188,118.8699,8.12158,0.21026,0.81526,25802.29,97.73438,N/A
18-May-22,118.71875,119.46813,8.3883,0.22028,0.84437,25802.29,98.21875,N/A
19-May-22,119.42188,119.74205,8.40686,0.22109,0,25802.29,98.4375,N/A
20-May-22,119.82812,120.14155,N/A,0.18744,N/A,25802.29,98.75,N/A
23-May-22,120.10938,119.58742,N/A,0.17912,N/A,25802.29,98.29297,N/A
24-May-22,119.65625,120.38388,N/A,0.16981,N/A,25802.29,98.9375,N/A
25-May-22,120.40625,120.60494,N/A,0.16611,N/A,25802.29,99.11328,N/A
26-May-22,120.59375,120.62391,N/A,0.17322,N/A,25802.29,99.12039,N/A
27-May-22,120.60938,120.49579,N/A,0.14257,N/A,25802.29,99,N/A
31-May-22,120.51562,119.84977,N/A,0.13695,N/A,25802.29,98.46875,N/A
01-Jun-22,119.79688,119.05387,N/A,0.13454,N/A,25802.29,97.8125,N/A
02-Jun-22,119.20312,119.27489,N/A,0.12192,N/A,25802.29,97.99219,N/A
03-Jun-22,119.26562,119.027,N/A,0.09938,N/A,25802.29,97.77734,N/A
06-Jun-22,119.125,118.44396,N/A,0.09046,N/A,25802.29,97.28125,N/A
07-Jun-22,118.45312,118.94881,N/A,0.09037,N/A,25802.29,97.69141,N/A
08-Jun-22,118.89062,118.60029,N/A,0.08335,N/A,25802.29,97.40234,N/A
09-Jun-22,118.54688,118.41118,N/A,0.08095,N/A,25802.29,97.24609,N/A
10-Jun-22,118.45312,117.28385,N/A,0.05369,N/A,25802.29,96.30859,N/A
13-Jun-22,117.03125,115.73578,N/A,0.02382,N/A,25802.29,95.03516,N/A
14-Jun-22,115.875,114.9071,N/A,0.0197,N/A,25802.29,94.35156,N/A
15-Jun-22,114.9375,115.63544,N/A,0.02372,N/A,25802.29,94.94531,N/A
16-Jun-22,115.85938,116.32659,N/A,0.02823,N/A,25802.29,95.48828,N/A
17-Jun-22,116.75,116.69486,N/A,0.03525,N/A,25802.29,95.77734,N/A
21-Jun-22,116.07812,115.77878,8.8087,0.25618,1.97905,27804.29,96.80762,N/A
22-Jun-22,115.92188,116.94882,8.24323,0.2423,1.94789,27804.29,97.75781,N/A
23-Jun-22,116.875,117.66072,8.29755,0.23801,1.96651,27804.29,98.33979,N/A
24-Jun-22,117.53125,117.31915,8.21618,0.21738,2.02792,27804.29,98.05859,N/A
27-Jun-22,117.26562,116.78639,8.45137,0.21111,1.97299,27804.29,97.60938,N/A
28-Jun-22,116.75,116.69286,8.41354,0.20715,1.97055,27804.29,97.51422,N/A
29-Jun-22,116.89062,117.48076,8.01247,0.19907,1.95005,27804.29,98.18359,N/A
30-Jun-22,117.54688,118.52435,8.13973,0.21161,2.02185,27804.29,99.04297,N/A
01-Jul-22,118.28125,119.23287,9.44384,0.18523,1.99065,27804.29,99.62891,N/A
05-Jul-22,119.46875,119.89469,9.76193,0.15367,2.01737,27804.29,100.14453,N/A
06-Jul-22,119.89062,119.04716,9.58113,0.1684,2.03188,27804.29,99.42969,N/A
07-Jul-22,118.85938,118.25729,9.44759,0.15575,2.05911,27804.29,98.76562,N/A
08-Jul-22,118.35938,117.6158,9.02461,0.14693,2.07581,27804.29,98.22266,N/A
11-Jul-22,117.6875,118.39312,8.96575,0.1583,2.10597,27804.29,98.85938,N/A
12-Jul-22,118.29688,118.66345,9.23747,0.14254,2.1121,27804.29,99.07812,N/A
13-Jul-22,118.54688,118.934,8.79653,0.10857,2.1966,27804.29,99.26562,N/A
14-Jul-22,118.78125,118.50892,8.59547,0.11657,2.20255,27804.29,98.92188,N/A
15-Jul-22,118.42188,118.65913,8.14594,0.12432,2.19466,27804.29,99.04688,N/A
18-Jul-22,118.65625,118.46134,7.90895,0.09966,2.21345,27804.29,98.87891,N/A
19-Jul-22,118.1875,117.94374,7.73669,0.09078,2.26212,27804.29,98.45312,N/A
20-Jul-22,117.90625,117.77045,7.93227,0.09477,2.32622,27804.29,98.30078,N/A
21-Jul-22,117.8125,118.90775,7.88107,0.09034,2.37174,27804.29,99.23438,N/A
22-Jul-22,119.125,119.8975,7.76591,0.08988,2.3391,27804.29,100.05469,N/A
25-Jul-22,120.0625,119.64825,7.86134,0.07848,2.39696,27804.29,99.84786,N/A
26-Jul-22,119.82812,119.85152,7.92057,0.07688,2.41905,27804.29,100.01562,N/A
27-Jul-22,119.71875,120.41874,7.67023,0.07662,2.4003,27804.29,100.48438,N/A
28-Jul-22,120,120.9926,7.65364,0.07635,2.35136,27804.29,100.95312,N/A
29-Jul-22,120.96875,121.1463,7.41867,0.07107,2.34567,27804.29,101.07812,N/A
01-Aug-22,121.0625,121.36897,7.5936,0.07227,2.33641,27804.29,101.26172,N/A
02-Aug-22,121.60938,120.13124,7.75697,0.06915,2.33103,27804.29,100.22937,N/A
03-Aug-22,120.125,120.06912,7.67539,0.04161,2.34641,27804.29,100.17578,N/A
04-Aug-22,120.375,120.74681,7.74249,0.06605,2.33357,27804.29,100.73438,N/A
05-Aug-22,120.60938,119.38051,7.65717,0.05887,2.33292,27804.29,99.59375,N/A
08-Aug-22,119.3125,119.85357,8.02406,0.05344,2.3306,27804.29,99.99219,N/A
09-Aug-22,119.875,119.48158,8.13652,0.05362,2.3238,27804.29,99.67969,N/A
10-Aug-22,119.5625,119.74913,8.38641,0.05479,2.32779,27804.29,99.90234,N/A
11-Aug-22,119.76562,119.08612,7.30183,0.05119,2.33115,27804.29,99.35156,N/A
12-Aug-22,119.0625,119.26127,6.79945,0.04851,2.33625,27804.29,99.49219,N/A
15-Aug-22,119.34375,119.70465,7.07043,0.05091,2.32208,27804.29,99.85938,N/A
16-Aug-22,119.78125,119.40525,7.21705,0.06147,2.31874,27804.29,99.60938,N/A
17-Aug-22,119.40625,118.76778,7.88265,0.05135,2.29913,27804.29,99.07812,N/A
18-Aug-22,118.71875,118.86315,8.00569,0.06433,2.30645,27804.29,99.15625,N/A
19-Aug-22,118.89062,118.13461,7.76286,0.06728,2.32258,27804.29,98.54688,N/A
22-Aug-22,118.25,117.73575,9.21764,0.06095,2.31689,27804.29,98.21484,N/A
23-Aug-22,117.84375,117.65254,9.10702,0.06881,2.32573,27804.29,98.14453,N/A
24-Aug-22,117.6875,117.26893,10.83417,0.06117,2.33968,27804.29,97.82422,N/A
25-Aug-22,117.21875,117.80112,13.33885,0.05962,2.30472,27804.29,98.26562,N/A
26-Aug-22,117.79688,117.59904,N/A,0.05711,N/A,27804.29,98.09375,N/A
29-Aug-22,117.45312,117.04758,N/A,0.05216,N/A,27804.29,97.63281,N/A
30-Aug-22,117.04688,117.02093,N/A,0.05477,N/A,27804.29,97.60938,N/A
31-Aug-22,117.03125,116.88524,N/A,0.04572,N/A,27804.29,97.49609,N/A
01-Sep-22,116.4375,115.97631,N/A,0.03442,N/A,27804.29,96.74219,N/A
02-Sep-22,115.9375,116.65859,N/A,0.0328,N/A,27804.29,97.30078,N/A
06-Sep-22,116.53125,115.61497,N/A,0.03459,N/A,27804.29,96.42969,N/A
07-Sep-22,115.57812,116.17896,N/A,0.03433,N/A,27804.29,96.89844,N/A
08-Sep-22,116.15625,115.96388,N/A,0.02378,N/A,23405.29,95.95312,N/A
09-Sep-22,115.76562,115.72752,N/A,0.02021,N/A,27804.29,96.51953,N/A
12-Sep-22,115.76562,115.58236,N/A,0.01637,N/A,27804.29,96.39844,N/A
13-Sep-22,115.78125,114.91073,N/A,0.01408,N/A,27804.29,95.83594,N/A
14-Sep-22,114.92188,114.95033,N/A,0.01927,N/A,27804.29,95.86719,N/A
15-Sep-22,114.875,114.46614,N/A,0.00165,N/A,23405.29,94.70312,N/A
16-Sep-22,114.5625,114.7264,N/A,-0.00277,N/A,27804.29,95.67578,N/A
19-Sep-22,114.71875,114.36747,N/A,0.00653,N/A,27804.29,95.35938,N/A
20-Sep-22,114.5,113.84866,N/A,0.00423,N/A,23405.29,94.17578,N/A
21-Sep-22,113.85938,114.13467,7.96173,-0.0166,3.35761,31211.29,98.54482,N/A
22-Sep-22,113.90625,112.59049,8.32654,-0.07291,3.40887,33411.29,98.75247,N/A
23-Sep-22,112.70312,112.60533,8.8434,-0.02251,3.41927,31406.29,96.13672,N/A
26-Sep-22,112.70312,111.12188,9.89624,-0.11333,3.41475,40011.29,99.01878,N/A
27-Sep-22,111.0625,110.62409,10.02419,-0.14005,3.43683,40011.29,98.57478,N/A
28-Sep-22,111.01562,112.82076,9.57854,-0.06246,3.35381,31406.29,96.29688,N/A
29-Sep-22,112.625,112.42538,9.52634,-0.04297,3.38349,31406.29,95.96951,N/A
30-Sep-22,112.09375,112.03249,9.60186,-0.04678,3.4187,31406.29,95.63219,N/A
03-Oct-22,111.82812,113.20217,9.53336,-0.03058,3.44827,31406.29,96.62225,N/A
04-Oct-22,113.23438,113.49705,9.1908,-0.03906,3.45668,31406.29,96.86724,N/A
05-Oct-22,113.29688,112.53419,9.548,-0.03125,3.50989,31406.29,96.04793,N/A
06-Oct-22,112.54688,111.92997,9.59484,-0.03516,3.52374,31406.29,95.53708,N/A
07-Oct-22,111.90625,111.47338,9.20311,-0.03732,3.52639,31406.29,95.14804,N/A
11-Oct-22,111.09375,111.13857,9.93087,-0.03249,3.55468,31406.29,94.85938,N/A
12-Oct-22,111.0625,111.47247,11.13125,-0.03906,3.58316,31406.29,95.1463,N/A
13-Oct-22,111.51562,111.00056,9.75914,-0.04688,3.65569,31406.29,94.73827,N/A
14-Oct-22,111.04688,110.59804,9.96316,-0.03041,3.63274,31406.29,94.39453,N/A
17-Oct-22,110.70312,110.70774,9.71836,-0.03786,3.63963,31406.29,94.48047,N/A
18-Oct-22,110.71875,110.90983,9.00585,-0.03906,3.64398,31406.29,94.65269,N/A
19-Oct-22,110.82812,109.99881,9.54408,-0.03906,3.64047,31406.29,93.87894,N/A
20-Oct-22,109.9375,109.34732,10.00569,-0.04492,3.70233,31406.29,93.32611,N/A
21-Oct-22,109.39062,109.79718,9.63207,-0.03516,3.72519,31406.29,93.70942,N/A
24-Oct-22,109.78125,109.73141,9.61712,-0.03516,3.72834,31406.29,93.65605,N/A
25-Oct-22,109.65625,110.54101,9.27074,-0.03516,3.74763,31406.29,94.36311,N/A
26-Oct-22,110.5625,111.08801,9.25278,-0.04545,3.74063,31406.29,94.80639,N/A
27-Oct-22,111.125,111.69285,9.35762,-0.03906,3.70277,31406.29,95.31973,N/A
28-Oct-22,111.84375,110.99909,9.33004,-0.03906,3.79155,31406.29,94.73274,N/A
31-Oct-22,110.90625,110.62793,9.49787,-0.02173,3.80336,31406.29,94.40322,N/A
01-Nov-22,110.73438,110.59204,9.48744,-0.03516,3.81356,31406.29,94.37645,N/A
02-Nov-22,110.5625,110.62599,9.03665,-0.04147,3.83523,31406.29,94.41016,N/A
03-Nov-22,110.25,110.02695,8.72238,-0.02778,3.79451,31808.29,93.17969,N/A
04-Nov-22,109.89062,110.03839,7.9576,-0.0254,3.79494,31808.29,93.19531,N/A
07-Nov-22,110.09375,109.64424,8.12595,-0.02132,3.75325,31406.29,93.58984,N/A
08-Nov-22,109.625,110.27447,8.08035,-0.03371,3.77421,31406.29,94.12442,N/A
09-Nov-22,110.29688,110.32777,8.06476,-0.02628,3.67831,31406.29,94.17188,N/A
10-Nov-22,110.67188,112.52161,6.62327,-0.02344,3.7318,31406.29,96.0424,N/A
14-Nov-22,112.125,112.13885,7.22288,-0.01562,3.79252,31406.29,95.7167,N/A
15-Nov-22,112.14062,112.58464,7.78318,-0.01172,3.78082,31406.29,96.09414,N/A
16-Nov-22,112.67188,113.23555,7.60533,-0.00179,3.78841,31406.29,96.65104,N/A
17-Nov-22,113.15625,112.65709,7.48462,0.00093,3.76342,31406.29,96.16016,N/A
18-Nov-22,112.625,112.32068,6.67545,0.00997,3.79347,31406.29,95.88904,N/A
21-Nov-22,112.26562,112.32514,7.31657,-0.00569,3.72036,31406.29,95.88672,N/A
22-Nov-22,112.23438,112.63576,7.41156,0.00648,3.60306,31406.29,96.15237,N/A
23-Nov-22,112.57812,112.94695,7.24151,-0.0175,3.55231,31406.29,96.42188,N/A
25-Nov-22,113,113.04503,N/A,0.00564,N/A,31406.29,96.51172,N/A
28-Nov-22,113.125,112.98319,N/A,0.04826,N/A,31406.29,96.46095,N/A
29-Nov-22,112.98438,112.75199,N/A,0.02636,N/A,31406.29,96.26562,N/A
30-Nov-22,112.71875,113.25995,N/A,0.03305,N/A,31406.29,96.69922,N/A
01-Dec-22,113.76562,114.36567,N/A,0.05005,N/A,31406.29,97.63672,N/A
02-Dec-22,114.39062,114.40876,N/A,0.03965,N/A,31406.29,97.67969,N/A
05-Dec-22,114.32812,113.63592,N/A,0.03319,N/A,31406.29,97.01953,N/A
06-Dec-22,113.73438,114.13455,N/A,0.03207,N/A,31406.29,97.44531,N/A
07-Dec-22,114.07812,114.91227,N/A,0.04244,N/A,31406.29,98.10938,N/A
08-Dec-22,114.64062,114.25357,N/A,0.04968,N/A,31406.29,97.54297,N/A
09-Dec-22,114.26562,113.88757,N/A,0.04792,N/A,31406.29,97.23438,N/A
12-Dec-22,113.75,113.5993,N/A,0.00194,N/A,31406.29,96.98828,N/A
13-Dec-22,113.67188,114.56074,N/A,0.02181,N/A,31406.29,97.80859,N/A
14-Dec-22,114.5625,114.48763,N/A,0.02602,N/A,31406.29,97.74609,N/A
15-Dec-22,114.48438,114.74315,N/A,0.0235,N/A,31406.29,97.95703,N/A
16-Dec-22,114.53125,114.66164,N/A,-0.01232,N/A,31406.29,97.89453,N/A
19-Dec-22,114.39062,114.03016,N/A,-0.01775,N/A,31406.29,97.35547,N/A
20-Dec-22,114.14062,113.51062,7.69291,-0.15534,4.6303,37809.29,100.54688,N/A
21-Dec-22,113.5,113.53484,7.66595,-0.13143,4.62177,40010.29,101.35938,N/A
22-Dec-22,113.67188,113.51463,7.68456,-0.16467,4.64599,37809.29,100.55141,N/A
23-Dec-22,113.42188,113.05278,7.60775,-0.14795,4.65148,37809.29,100.15234,N/A
27-Dec-22,113.1875,112.29673,7.89929,-0.12202,4.65912,40010.29,100.26562,N/A
28-Dec-22,112.48438,112.1518,7.84645,-0.14313,4.62713,37809.29,99.36719,N/A
29-Dec-22,112.21875,112.41582,7.72452,-0.12863,4.57729,37809.29,99.60344,N/A
30-Dec-22,112.5,112.26743,7.65319,-0.10786,4.60444,40010.29,100.25185,N/A
03-Jan-23,112.5625,112.61993,7.74075,-0.12313,4.61321,37809.29,99.7891,N/A
04-Jan-23,112.89062,113.16603,7.53909,-0.12935,4.61082,37809.29,100.26797,N/A
05-Jan-23,113.32812,112.98383,7.39947,-0.13158,4.61709,37809.29,100.11328,N/A
06-Jan-23,113.01562,114.21129,7.14304,-0.10891,4.6019,37809.29,101.20312,N/A
09-Jan-23,114.23438,114.60132,7.16142,-0.12525,4.5848,37809.29,101.54713,N/A
