"Date","Libor 10 Years Mid Rate","10 year note Current Mid Yield"
11-Jan-18,2.5203,2.53031
12-Jan-18,2.542,2.55074
16-Jan-18,2.54596,2.54348
17-Jan-18,2.58277,2.57662
18-Jan-18,2.61857,2.60988
19-Jan-18,2.67545,2.6379
22-Jan-18,2.70833,2.66212
23-Jan-18,2.6476,2.62142
24-Jan-18,2.67793,2.65303
25-Jan-18,2.63981,2.61976
26-Jan-18,2.68224,2.66087
29-Jan-18,2.7186,2.69732
30-Jan-18,2.74462,2.72455
31-Jan-18,2.74517,2.71905
01-Feb-18,2.80432,2.77173
02-Feb-18,2.88288,2.85155
05-Feb-18,2.81049,2.79301
06-Feb-18,2.79243,2.76486
07-Feb-18,2.85511,2.82751
08-Feb-18,2.86848,2.84846
09-Feb-18,2.83659,2.83032
12-Feb-18,2.86277,2.85391
13-Feb-18,2.84565,2.83939
14-Feb-18,2.926,2.9122
15-Feb-18,2.90611,2.89215
16-Feb-18,2.89355,2.87585
20-Feb-18,2.90735,2.89229
21-Feb-18,2.96719,2.93992
22-Feb-18,2.93147,2.91521
23-Feb-18,2.8756,2.87052
26-Feb-18,2.85909,2.85778
27-Feb-18,2.92207,2.90714
28-Feb-18,2.88059,2.86694
01-Mar-18,2.8089,2.80147
02-Mar-18,2.86616,2.85608
05-Mar-18,2.88697,2.87803
06-Mar-18,2.89118,2.87622
07-Mar-18,2.90169,2.88174
08-Mar-18,2.89403,2.8653
09-Mar-18,2.91798,2.89285
12-Mar-18,2.89916,2.86905
13-Mar-18,2.89471,2.84713
14-Mar-18,2.85957,2.81613
15-Mar-18,2.86241,2.82344
16-Mar-18,2.89283,2.84723
19-Mar-18,2.88007,2.84359
20-Mar-18,2.9166,2.88026
21-Mar-18,2.95184,2.90511
22-Mar-18,2.87475,2.83084
23-Mar-18,2.86421,2.82541
26-Mar-18,2.87274,2.84006
27-Mar-18,2.81111,2.7871
28-Mar-18,2.79614,2.77344
29-Mar-18,2.77865,2.74343
02-Apr-18,2.76447,2.73072
03-Apr-18,2.80793,2.78166
04-Apr-18,2.82047,2.78897
05-Apr-18,2.86485,2.83107
06-Apr-18,2.80567,2.77439
09-Apr-18,2.80911,2.78535
10-Apr-18,2.82132,2.79633
11-Apr-18,2.82398,2.78902
12-Apr-18,2.8718,2.83303
13-Apr-18,2.86642,2.82757
16-Apr-18,2.86128,2.83127
17-Apr-18,2.84918,2.81291
18-Apr-18,2.89513,2.86632
19-Apr-18,2.93761,2.91262
20-Apr-18,2.98492,2.94992
23-Apr-18,2.99981,2.97236
24-Apr-18,3.00547,2.98175
25-Apr-18,3.05557,3.02304
26-Apr-18,3.01936,2.98935
27-Apr-18,2.9859,2.95586
30-Apr-18,2.9667,2.93538
01-May-18,3.00225,2.97466
02-May-18,2.9961,2.96348
03-May-18,2.97748,2.94485
04-May-18,2.97597,2.94312
07-May-18,2.98752,2.94877
08-May-18,3.00389,2.96754
09-May-18,3.03211,2.99326
10-May-18,3.0142,2.97042
11-May-18,3.00155,2.97042
14-May-18,3.01949,2.99327
15-May-18,3.10797,3.07786
16-May-18,3.12491,3.0936
17-May-18,3.13968,3.10846
18-May-18,3.09727,3.06605
21-May-18,3.10176,3.06425
22-May-18,3.09432,3.06429
23-May-18,3.03656,3.00172
24-May-18,3.01339,2.97974
25-May-18,2.97158,2.93407
29-May-18,2.80499,2.76747
30-May-18,2.8808,2.84318
31-May-18,2.87271,2.82146
01-Jun-18,2.94653,2.89399
04-Jun-18,2.99229,2.93596
05-Jun-18,2.97514,2.91769
06-Jun-18,3.03189,2.97448
07-Jun-18,2.991,2.93233
08-Jun-18,2.99535,2.93419
11-Jun-18,3.01862,2.9562
12-Jun-18,3.01741,2.95621
13-Jun-18,3.03952,2.97829
14-Jun-18,3.00775,2.94523
15-Jun-18,2.98453,2.92326
18-Jun-18,2.9892,2.92418
19-Jun-18,2.95874,2.89124
20-Jun-18,2.98834,2.92694
21-Jun-18,2.96008,2.8949
22-Jun-18,2.96462,2.89948
25-Jun-18,2.94142,2.87388
26-Jun-18,2.9469,2.87935
27-Jun-18,2.89902,2.82646
28-Jun-18,2.91775,2.84648
29-Jun-18,2.92513,2.8501
02-Jul-18,2.94407,2.86653
03-Jul-18,2.9148,2.8373
05-Jul-18,2.91917,2.83911
06-Jul-18,2.91004,2.82995
09-Jul-18,2.93924,2.85918
10-Jul-18,2.9495,2.87199
11-Jul-18,2.9153,2.8427
12-Jul-18,2.9219,2.85184
13-Jul-18,2.89728,2.82986
16-Jul-18,2.91583,2.85455
17-Jul-18,2.92588,2.86096
18-Jul-18,2.94138,2.87381
19-Jul-18,2.91503,2.84628
20-Jul-18,2.95468,2.8922
23-Jul-18,3.01804,2.9643
24-Jul-18,3.00315,2.94948
25-Jul-18,2.98851,2.93468
26-Jul-18,3.02365,2.97365
27-Jul-18,3.01826,2.9607
30-Jul-18,3.03754,2.97373
31-Jul-18,3.02889,2.9626
01-Aug-18,3.07058,3.00173
02-Aug-18,3.05626,2.98498
03-Aug-18,3.02529,2.95154
06-Aug-18,3.00923,2.9367
07-Aug-18,3.03441,2.97206
08-Aug-18,3.02394,2.96521
09-Aug-18,2.99277,2.93396
10-Aug-18,2.91905,2.85783
13-Aug-18,2.93585,2.8759
14-Aug-18,2.96022,2.89401
15-Aug-18,2.9155,2.8506
16-Aug-18,2.93794,2.87046
17-Aug-18,2.94344,2.87225
20-Aug-18,2.89664,2.82166
21-Aug-18,2.91329,2.8433
22-Aug-18,2.89499,2.82253
23-Aug-18,2.89226,2.81981
24-Aug-18,2.90012,2.82516
27-Aug-18,2.92619,2.84865
28-Aug-18,2.95569,2.88309
29-Aug-18,2.9566,2.88127
30-Aug-18,2.93456,2.85948
31-Aug-18,2.92218,2.85219
04-Sep-18,2.96627,2.90127
05-Sep-18,2.9624,2.90127
06-Sep-18,2.93708,2.87578
07-Sep-18,3.00535,2.9415
10-Sep-18,2.99732,2.93602
11-Sep-18,3.04571,2.97825
12-Sep-18,3.02878,2.96172
13-Sep-18,3.03228,2.96357
14-Sep-18,3.06069,2.99309
17-Sep-18,3.06545,3.00049
18-Sep-18,3.10425,3.04679
19-Sep-18,3.13813,3.08213
20-Sep-18,3.14265,3.07659
21-Sep-18,3.1263,3.06742
24-Sep-18,3.13076,3.07677
25-Sep-18,3.15613,3.10106
26-Sep-18,3.11968,3.0601
27-Sep-18,3.11578,3.05456
28-Sep-18,3.11471,3.05467
01-Oct-18,3.13272,3.07894
02-Oct-18,3.10964,3.05475
03-Oct-18,3.20577,3.15964
04-Oct-18,3.23779,3.1927
05-Oct-18,3.26615,3.22612
09-Oct-18,3.25468,3.20725
10-Oct-18,3.2679,3.22438
11-Oct-18,3.1787,3.13004
12-Oct-18,3.18345,3.13962
15-Oct-18,3.20984,3.16231
16-Oct-18,3.21338,3.15483
17-Oct-18,3.24269,3.17756
18-Oct-18,3.24403,3.17385
19-Oct-18,3.26814,3.20058
22-Oct-18,3.25675,3.19307
23-Oct-18,3.23205,3.16473
24-Oct-18,3.19181,3.12326
25-Oct-18,3.19712,3.13464
26-Oct-18,3.1369,3.07457
29-Oct-18,3.1524,3.08495
30-Oct-18,3.17719,3.10853
31-Oct-18,3.22519,3.1577
01-Nov-18,3.21025,3.14263
02-Nov-18,3.27331,3.21309
05-Nov-18,3.25934,3.19793
06-Nov-18,3.26939,3.212
07-Nov-18,3.27079,3.21237
08-Nov-18,3.28476,3.23086
09-Nov-18,3.24711,3.18838
13-Nov-18,3.20284,3.14425
14-Nov-18,3.18106,3.11859
15-Nov-18,3.18176,3.11675
16-Nov-18,3.13533,3.07286
19-Nov-18,3.11467,3.05735
20-Nov-18,3.11358,3.04731
21-Nov-18,3.12613,3.06001
23-Nov-18,3.1164,3.05265
26-Nov-18,3.13031,3.06905
27-Nov-18,3.10878,3.05625
28-Nov-18,3.08323,3.04346
29-Nov-18,3.07682,3.03432
30-Nov-18,3.05621,3.01239
03-Dec-18,3.04802,2.99055
04-Dec-18,2.9841,2.92168
06-Dec-18,2.94344,2.87481
07-Dec-18,2.90181,2.84948
10-Dec-18,2.88351,2.8548
11-Dec-18,2.91108,2.87989
12-Dec-18,2.94089,2.90505
13-Dec-18,2.94525,2.91041
14-Dec-18,2.92243,2.88858
17-Dec-18,2.89121,2.85611
18-Dec-18,2.8421,2.82193
19-Dec-18,2.80353,2.77446
20-Dec-18,2.82544,2.78777
21-Dec-18,2.83254,2.79109
24-Dec-18,2.77335,2.75073
26-Dec-18,2.81372,2.79621
27-Dec-18,2.76069,2.74163
28-Dec-18,2.75577,2.73688
31-Dec-18,2.72043,2.69042
02-Jan-19,2.69176,2.66017
03-Jan-19,2.56993,2.55257
04-Jan-19,2.68825,2.65794
07-Jan-19,2.70713,2.68089
08-Jan-19,2.74231,2.7146
09-Jan-19,2.75145,2.72699
10-Jan-19,2.75421,2.73046
11-Jan-19,2.72296,2.69804
14-Jan-19,2.73361,2.70864
15-Jan-19,2.73557,2.70675
16-Jan-19,2.75935,2.72809
17-Jan-19,2.77825,2.7459
18-Jan-19,2.81395,2.78147
22-Jan-19,2.76232,2.73109
23-Jan-19,2.78439,2.75432
24-Jan-19,2.74236,2.7112
25-Jan-19,2.78152,2.75036
28-Jan-19,2.77055,2.74308
29-Jan-19,2.74071,2.71069
30-Jan-19,2.72213,2.69447
31-Jan-19,2.65862,2.6337
01-Feb-19,2.718,2.69047
04-Feb-19,2.7464,2.72265
05-Feb-19,2.7278,2.70281
06-Feb-19,2.72293,2.70162
07-Feb-19,2.67805,2.65184
08-Feb-19,2.65611,2.63126
11-Feb-19,2.68364,2.6599
12-Feb-19,2.70571,2.68324
13-Feb-19,2.72769,2.70482
14-Feb-19,2.68661,2.65811
15-Feb-19,2.69392,2.6653
19-Feb-19,2.66877,2.64377
20-Feb-19,2.67205,2.65095
21-Feb-19,2.69559,2.6869
22-Feb-19,2.6657,2.65454
25-Feb-19,2.67875,2.67253
26-Feb-19,2.63831,2.6348
27-Feb-19,2.69611,2.69237
28-Feb-19,2.71911,2.71045
01-Mar-19,2.76266,2.75401
04-Mar-19,2.72754,2.72137
05-Mar-19,2.73293,2.72049
06-Mar-19,2.70815,2.69065
07-Mar-19,2.65467,2.63478
08-Mar-19,2.64276,2.62399
11-Mar-19,2.65952,2.64017
12-Mar-19,2.61922,2.60422
13-Mar-19,2.62094,2.6096
14-Mar-19,2.64181,2.62937
15-Mar-19,2.60903,2.59161
18-Mar-19,2.61432,2.60058
19-Mar-19,2.61893,2.61135
20-Mar-19,2.54243,2.53607
21-Mar-19,2.53547,2.53783
22-Mar-19,2.43777,2.45408
25-Mar-19,2.37055,2.41686
26-Mar-19,2.37165,2.4115
27-Mar-19,2.34343,2.37089
28-Mar-19,2.37852,2.38844
29-Mar-19,2.41429,2.413
01-Apr-19,2.49643,2.49645
02-Apr-19,2.46855,2.47858
03-Apr-19,2.4973,2.51603
04-Apr-19,2.49262,2.50885
05-Apr-19,2.48329,2.49714
08-Apr-19,2.50267,2.51768
09-Apr-19,2.48051,2.49796
10-Apr-19,2.45784,2.47649
11-Apr-19,2.48822,2.50327
12-Apr-19,2.54526,2.55794
15-Apr-19,2.54286,2.55162
16-Apr-19,2.58166,2.59309
17-Apr-19,2.58374,2.59128
18-Apr-19,2.54825,2.55691
22-Apr-19,2.57195,2.58942
23-Apr-19,2.54985,2.56861
24-Apr-19,2.50326,2.52082
25-Apr-19,2.52091,2.5334
26-Apr-19,2.48891,2.50273
29-Apr-19,2.5151,2.5351
30-Apr-19,2.49132,2.50626
01-May-19,2.50495,2.50983
02-May-19,2.54141,2.55129
03-May-19,2.51463,2.52955
06-May-19,2.47882,2.49888
07-May-19,2.42668,2.44676
08-May-19,2.4607,2.48142
09-May-19,2.4356,2.45561
10-May-19,2.43383,2.45383
13-May-19,2.37415,2.40416
14-May-19,2.38328,2.41833
15-May-19,2.33262,2.37764
16-May-19,2.35802,2.40416
17-May-19,2.34555,2.39178
20-May-19,2.36466,2.41215
21-May-19,2.37675,2.42547
22-May-19,2.34669,2.39178
23-May-19,2.23967,2.29482
24-May-19,2.27429,2.32815
28-May-19,2.22034,2.26664
29-May-19,2.18766,2.23513
30-May-19,2.18459,2.22461
31-May-19,2.09276,2.14102
03-Jun-19,2.03642,2.08051
04-Jun-19,2.09,2.12013
05-Jun-19,2.10057,2.12093
06-Jun-19,2.10677,2.12173
07-Jun-19,2.07285,2.08352
10-Jun-19,2.12048,2.14054
11-Jun-19,2.10763,2.13875
12-Jun-19,2.08348,2.12654
13-Jun-19,2.03354,2.09013
14-Jun-19,2.02379,2.09337
17-Jun-19,2.02707,2.08466
18-Jun-19,1.99848,2.05696
19-Jun-19,1.96487,2.02588
20-Jun-19,1.93642,2.00003
21-Jun-19,1.99551,2.06519
24-Jun-19,1.94855,2.01856
25-Jun-19,1.9153,1.99098
26-Jun-19,1.97803,2.04768
27-Jun-19,1.9407,2.00453
28-Jun-19,1.9553,1.99909
01-Jul-19,1.99088,2.03173
02-Jul-19,1.93284,1.97656
03-Jul-19,1.9069,1.95406
05-Jul-19,1.9947,2.04246
08-Jul-19,1.97416,2.03286
09-Jul-19,1.99281,2.05528
10-Jul-19,2.006,2.0604
11-Jul-19,2.06967,2.11948
12-Jul-19,2.04632,2.10533
15-Jul-19,2.02513,2.09132
16-Jul-19,2.05445,2.11916
17-Jul-19,1.99495,2.05985
18-Jul-19,1.96671,2.03894
19-Jul-19,1.98136,2.04824
22-Jul-19,1.97594,2.04208
23-Jul-19,2.00083,2.07331
24-Jul-19,1.97501,2.04887
25-Jul-19,1.9871,2.07316
26-Jul-19,2.0049,2.07992
29-Jul-19,1.97362,2.05368
30-Jul-19,1.97585,2.06057
31-Jul-19,1.95009,2.0196
01-Aug-19,1.80978,1.89091
02-Aug-19,1.77318,1.85456
05-Aug-19,1.61729,1.73536
06-Aug-19,1.6389,1.73859
07-Aug-19,1.55592,1.68605
08-Aug-19,1.58379,1.71461
09-Aug-19,1.61871,1.7335
12-Aug-19,1.53137,1.63945
13-Aug-19,1.5779,1.67867
14-Aug-19,1.46964,1.58007
15-Aug-19,1.41112,1.52607
16-Aug-19,1.42855,1.53863
19-Aug-19,1.49563,1.59696
20-Aug-19,1.45807,1.558
21-Aug-19,1.48111,1.57575
22-Aug-19,1.52643,1.60882
23-Aug-19,1.43663,1.5258
26-Aug-19,1.45906,1.54266
27-Aug-19,1.39918,1.48785
28-Aug-19,1.36322,1.46681
29-Aug-19,1.41112,1.51557
30-Aug-19,1.39022,1.50448
03-Sep-19,1.33959,1.46489
04-Sep-19,1.34228,1.45728
05-Sep-19,1.45156,1.56449
06-Sep-19,1.43078,1.54831
09-Sep-19,1.51106,1.61983
10-Sep-19,1.58648,1.70138
11-Sep-19,1.61458,1.73248
12-Sep-19,1.67098,1.7889
13-Sep-19,1.78878,1.89846
16-Sep-19,1.7251,1.84233
17-Sep-19,1.69198,1.81177
18-Sep-19,1.66096,1.78217
19-Sep-19,1.64395,1.77176
20-Sep-19,1.63489,1.75186
23-Sep-19,1.58923,1.7068
24-Sep-19,1.50459,1.63438
25-Sep-19,1.6004,1.73024
26-Sep-19,1.55912,1.68437
27-Sep-19,1.56611,1.67145
30-Sep-19,1.56758,1.67146
01-Oct-19,1.54455,1.643
02-Oct-19,1.50036,1.59659
03-Oct-19,1.43803,1.535
04-Oct-19,1.4283,1.51192
07-Oct-19,1.47121,1.55113
08-Oct-19,1.45217,1.53744
09-Oct-19,1.49721,1.58622
10-Oct-19,1.56526,1.65513
11-Oct-19,1.6759,1.75168
15-Oct-19,1.69646,1.76833
16-Oct-19,1.66468,1.74388
17-Oct-19,1.67682,1.7544
18-Oct-19,1.68535,1.74837
21-Oct-19,1.72645,1.79137
22-Oct-19,1.69634,1.76508
23-Oct-19,1.68167,1.7581
24-Oct-19,1.68639,1.76515
25-Oct-19,1.71799,1.80043
28-Oct-19,1.7703,1.8517
29-Oct-19,1.749,1.83406
30-Oct-19,1.70848,1.79527
31-Oct-19,1.59668,1.68924
01-Nov-19,1.64333,1.72688
04-Nov-19,1.7057,1.78579
05-Nov-19,1.7807,1.8646
06-Nov-19,1.7308,1.80949
07-Nov-19,1.83917,1.92163
08-Nov-19,1.84083,1.93207
12-Nov-19,1.81266,1.90772
13-Nov-19,1.77024,1.86784
14-Nov-19,1.71929,1.81433
15-Nov-19,1.73701,1.83334
18-Nov-19,1.7041,1.80664
19-Nov-19,1.67893,1.78515
20-Nov-19,1.63086,1.73715
21-Nov-19,1.65809,1.77056
22-Nov-19,1.67086,1.77315
25-Nov-19,1.66908,1.76285
26-Nov-19,1.65254,1.73883
27-Nov-19,1.69009,1.76629
29-Nov-19,1.70363,1.7749
02-Dec-19,1.75661,1.83536
03-Dec-19,1.63032,1.70795
04-Dec-19,1.70503,1.78008
05-Dec-19,1.72386,1.79389
06-Dec-19,1.77363,1.84242
09-Dec-19,1.76196,1.82942
10-Dec-19,1.75658,1.83031
11-Dec-19,1.71573,1.78876
12-Dec-19,1.83474,1.89828
13-Dec-19,1.75112,1.81998
16-Dec-19,1.83303,1.88793
17-Dec-19,1.83598,1.88709
18-Dec-19,1.87208,1.92304
19-Dec-19,1.85756,1.90729
20-Dec-19,1.87397,1.91618
23-Dec-19,1.89025,1.9338
24-Dec-19,1.86733,1.90665
26-Dec-19,1.86102,1.90405
27-Dec-19,1.83391,1.8726
30-Dec-19,1.86113,1.89367
31-Dec-19,1.88246,1.90868
02-Jan-20,1.85026,1.88149
03-Jan-20,1.7523,1.78723
06-Jan-20,1.74992,1.80988
07-Jan-20,1.76901,1.82386
08-Jan-20,1.81625,1.8729
09-Jan-20,1.7997,1.85715
10-Jan-20,1.77064,1.82482
13-Jan-20,1.79412,1.84673
14-Jan-20,1.77184,1.81699
15-Jan-20,1.75039,1.78645
16-Jan-20,1.76271,1.80741
17-Jan-20,1.79362,1.83461
21-Jan-20,1.73063,1.76818
22-Jan-20,1.72419,1.76906
23-Jan-20,1.68789,1.73772
24-Jan-20,1.62481,1.6796
27-Jan-20,1.54496,1.60373
28-Jan-20,1.58738,1.63983
29-Jan-20,1.54694,1.5925
30-Jan-20,1.49905,1.5539
31-Jan-20,1.46282,1.51787
03-Feb-20,1.47214,1.51952
04-Feb-20,1.55525,1.59999
05-Feb-20,1.60731,1.64824
06-Feb-20,1.60082,1.64303
07-Feb-20,1.53106,1.57485
10-Feb-20,1.49275,1.54649
11-Feb-20,1.53198,1.58938
12-Feb-20,1.58287,1.62518
13-Feb-20,1.56512,1.61635
14-Feb-20,1.53106,1.5874
18-Feb-20,1.49256,1.55508
19-Feb-20,1.51135,1.5687
20-Feb-20,1.46212,1.52454
21-Feb-20,1.39258,1.46873
24-Feb-20,1.30383,1.37635
25-Feb-20,1.26704,1.32961
26-Feb-20,1.25483,1.30961
27-Feb-20,1.24656,1.29793
28-Feb-20,1.08601,1.1249
02-Mar-20,1.07539,1.08652
03-Mar-20,0.98681,1.0151
04-Mar-20,0.98355,0.99158
05-Mar-20,0.92371,0.92399
06-Mar-20,0.77064,0.7057
09-Mar-20,0.5966,0.49538
10-Mar-20,0.78814,0.74928
11-Mar-20,0.82554,0.81943
12-Mar-20,0.83037,0.84707
13-Mar-20,0.94914,0.94902
16-Mar-20,0.75069,0.72292
17-Mar-20,0.94008,0.99311
18-Mar-20,1.12986,1.25443
19-Mar-20,0.97738,1.12397
20-Mar-20,0.79907,0.93433
23-Mar-20,0.66222,0.76416
24-Mar-20,0.71529,0.81476
25-Mar-20,0.80529,0.85286
26-Mar-20,0.72847,0.80645
27-Mar-20,0.6866,0.74243
30-Mar-20,0.66711,0.66971
31-Mar-20,0.72957,0.69703
01-Apr-20,0.70904,0.6332
02-Apr-20,0.68484,0.62515
03-Apr-20,0.64761,0.58695
06-Apr-20,0.72059,0.67608
07-Apr-20,0.78847,0.73353
08-Apr-20,0.8238,0.76349
09-Apr-20,0.78909,0.72064
13-Apr-20,0.81333,0.74822
14-Apr-20,0.82033,0.74961
15-Apr-20,0.70592,0.64027
16-Apr-20,0.68183,0.61019
17-Apr-20,0.72442,0.65514
20-Apr-20,0.6909,0.62499
21-Apr-20,0.63921,0.56984
22-Apr-20,0.67086,0.61745
23-Apr-20,0.64837,0.61015
24-Apr-20,0.62767,0.5953
27-Apr-20,0.67044,0.65338
28-Apr-20,0.61929,0.60899
29-Apr-20,0.6371,0.6253
30-Apr-20,0.63486,0.62428
01-May-20,0.64242,0.6394
04-May-20,0.63027,0.63601
05-May-20,0.6512,0.65636
06-May-20,0.67414,0.71098
07-May-20,0.59666,0.63059
08-May-20,0.6397,0.67988
11-May-20,0.66603,0.72512
12-May-20,0.63736,0.68866
13-May-20,0.6133,0.64924
14-May-20,0.58683,0.61774
15-May-20,0.61707,0.63874
18-May-20,0.72157,0.74042
19-May-20,0.689,0.71023
20-May-20,0.66147,0.67769
21-May-20,0.66397,0.67526
22-May-20,0.65573,0.65824
26-May-20,0.68977,0.69733
27-May-20,0.66559,0.67534
28-May-20,0.69419,0.7039
29-May-20,0.64023,0.64366
01-Jun-20,0.65533,0.66156
02-Jun-20,0.66948,0.6795
03-Jun-20,0.74993,0.75981
04-Jun-20,0.8134,0.81845
05-Jun-20,0.88545,0.90433
08-Jun-20,0.86639,0.88269
09-Jun-20,0.81283,0.82783
10-Jun-20,0.74192,0.74688
11-Jun-20,0.6442,0.65186
12-Jun-20,0.68779,0.69769
15-Jun-20,0.68982,0.70099
16-Jun-20,0.73866,0.75367
17-Jun-20,0.70457,0.73227
18-Jun-20,0.66776,0.69284
19-Jun-20,0.67647,0.69782
22-Jun-20,0.68773,0.70277
23-Jun-20,0.69394,0.70773
24-Jun-20,0.67228,0.6831
25-Jun-20,0.66383,0.67326
26-Jun-20,0.62658,0.63643
29-Jun-20,0.61556,0.63562
30-Jun-20,0.63442,0.652
01-Jul-20,0.66172,0.68156
02-Jul-20,0.64632,0.6701
06-Jul-20,0.65498,0.68246
07-Jul-20,0.61882,0.6463
08-Jul-20,0.62193,0.65205
09-Jul-20,0.58427,0.60453
10-Jul-20,0.61758,0.63237
13-Jul-20,0.62135,0.63894
14-Jul-20,0.59017,0.61269
15-Jul-20,0.60907,0.62909
16-Jul-20,0.5935,0.61105
17-Jul-20,0.61245,0.62745
20-Jul-20,0.59548,0.61924
21-Jul-20,0.58608,0.6061
22-Jul-20,0.57707,0.59462
23-Jul-20,0.57033,0.5815
24-Jul-20,0.57968,0.5872
27-Jul-20,0.60009,0.60772
28-Jul-20,0.57351,0.5798
29-Jul-20,0.57471,0.57979
30-Jul-20,0.53424,0.5405
31-Jul-20,0.52804,0.53552
03-Aug-20,0.55164,0.56169
04-Aug-20,0.50561,0.5118
05-Aug-20,0.53596,0.542
06-Aug-20,0.53688,0.53543
07-Aug-20,0.57564,0.56158
10-Aug-20,0.59055,0.57307
11-Aug-20,0.65982,0.65727
12-Aug-20,0.66298,0.68387
13-Aug-20,0.69438,0.71501
14-Aug-20,0.70584,0.70854
17-Aug-20,0.66998,0.68252
18-Aug-20,0.653,0.66792
19-Aug-20,0.65578,0.67443
20-Aug-20,0.63374,0.64361
21-Aug-20,0.63772,0.63876
24-Aug-20,0.63536,0.64525
25-Aug-20,0.67726,0.68101
26-Aug-20,0.68561,0.68592
27-Aug-20,0.74491,0.74479
28-Aug-20,0.73031,0.72767
31-Aug-20,0.6963,0.69252
01-Sep-20,0.67722,0.6697
02-Sep-20,0.66515,0.65017
03-Sep-20,0.63727,0.62094
04-Sep-20,0.72588,0.72214
08-Sep-20,0.68533,0.68285
09-Sep-20,0.70752,0.70251
10-Sep-20,0.69036,0.68288
11-Sep-20,0.67273,0.66657
14-Sep-20,0.67572,0.66822
15-Sep-20,0.68429,0.67805
16-Sep-20,0.6875,0.68625
17-Sep-20,0.68633,0.68135
18-Sep-20,0.70033,0.69288
21-Sep-20,0.67743,0.66994
22-Sep-20,0.67325,0.6634
23-Sep-20,0.68744,0.67488
24-Sep-20,0.68717,0.66342
25-Sep-20,0.6849,0.65853
28-Sep-20,0.6968,0.66182
29-Sep-20,0.67801,0.64298
30-Sep-20,0.70322,0.67579
01-Oct-20,0.70169,0.67663
02-Oct-20,0.71605,0.69231
05-Oct-20,0.77722,0.76096
06-Oct-20,0.76067,0.73944
07-Oct-20,0.80813,0.7843
08-Oct-20,0.79521,0.76522
09-Oct-20,0.80703,0.77452
13-Oct-20,0.76256,0.72638
14-Oct-20,0.75508,0.72144
15-Oct-20,0.76734,0.73224
16-Oct-20,0.77071,0.74313
19-Oct-20,0.79522,0.76146
20-Oct-20,0.82654,0.79655
21-Oct-20,0.84374,0.81502
22-Oct-20,0.87198,0.84697
23-Oct-20,0.86916,0.84042
26-Oct-20,0.82937,0.80186
27-Oct-20,0.80432,0.77679
28-Oct-20,0.80887,0.78018
29-Oct-20,0.86189,0.8356
30-Oct-20,0.88148,0.85769
02-Nov-20,0.85765,0.84763
03-Nov-20,0.8873,0.87979
04-Nov-20,0.79322,0.76707
05-Nov-20,0.80591,0.77716
06-Nov-20,0.84178,0.81931
09-Nov-20,0.96936,0.95679
10-Nov-20,0.97941,0.98763
12-Nov-20,0.8795,0.88564
13-Nov-20,0.88725,0.89219
16-Nov-20,0.90531,0.90531
17-Nov-20,0.86717,0.87091
18-Nov-20,0.87857,0.87991
19-Nov-20,0.8558,0.85455
20-Nov-20,0.82718,0.8284
23-Nov-20,0.85526,0.8578
24-Nov-20,0.88325,0.88074
25-Nov-20,0.88109,0.87745
27-Nov-20,0.84511,0.84139
30-Nov-20,0.84515,0.84138
01-Dec-20,0.9235,0.93348
02-Dec-20,0.93255,0.94507
03-Dec-20,0.9153,0.92029
04-Dec-20,0.97586,0.96837
07-Dec-20,0.93239,0.92613
08-Dec-20,0.91837,0.91209
09-Dec-20,0.9463,0.94023
10-Dec-20,0.90592,0.90715
11-Dec-20,0.8836,0.88983
14-Dec-20,0.89443,0.89066
15-Dec-20,0.92421,0.92043
16-Dec-20,0.91893,0.91879
17-Dec-20,0.9313,0.92875
18-Dec-20,0.94712,0.94707
21-Dec-20,0.94302,0.94043
22-Dec-20,0.92228,0.9172
23-Dec-20,0.95875,0.95378
24-Dec-20,0.93802,0.92889
28-Dec-20,0.9436,0.93223
29-Dec-20,0.94643,0.93391
30-Dec-20,0.93812,0.9256
31-Dec-20,0.91729,0.90984
04-Jan-21,0.91689,0.91567
05-Jan-21,0.95026,0.95405
06-Jan-21,1.02779,1.0414
07-Jan-21,1.06635,1.07017
08-Jan-21,1.1134,1.10595
11-Jan-21,1.13694,1.13325
12-Jan-21,1.14662,1.13673
13-Jan-21,1.09622,1.08744
14-Jan-21,1.13571,1.12834
15-Jan-21,1.10112,1.09623
19-Jan-21,1.09366,1.09119
20-Jan-21,1.09454,1.08954
21-Jan-21,1.11786,1.10663
22-Jan-21,1.11267,1.08892
25-Jan-21,1.0701,1.03886
26-Jan-21,1.0718,1.03805
27-Jan-21,1.05244,1.01354
28-Jan-21,1.09684,1.05427
29-Jan-21,1.1352,1.09274
01-Feb-21,1.12285,1.07659
02-Feb-21,1.15694,1.10567
03-Feb-21,1.19228,1.12971
04-Feb-21,1.21085,1.13836
05-Feb-21,1.24242,1.16868
08-Feb-21,1.23552,1.15929
09-Feb-21,1.22589,1.15592
10-Feb-21,1.20993,1.14991
11-Feb-21,1.22471,1.15735
12-Feb-21,1.27268,1.19901
16-Feb-21,1.3872,1.29721
17-Feb-21,1.37355,1.29725
18-Feb-21,1.36381,1.28633
19-Feb-21,1.43023,1.34399
22-Feb-21,1.45283,1.36784
23-Feb-21,1.44443,1.36194
24-Feb-21,1.45227,1.38841
25-Feb-21,1.5576,1.51386
26-Feb-21,1.51214,1.45466
01-Mar-21,1.52028,1.44529
02-Mar-21,1.48199,1.41449
03-Mar-21,1.53366,1.46869
04-Mar-21,1.61552,1.54926
05-Mar-21,1.60093,1.5522
08-Mar-21,1.62331,1.59329
09-Mar-21,1.56202,1.54198
10-Mar-21,1.52778,1.51777
11-Mar-21,1.54314,1.52569
12-Mar-21,1.64683,1.63435
15-Mar-21,1.61888,1.6064
16-Mar-21,1.62484,1.62232
17-Mar-21,1.65501,1.64003
18-Mar-21,1.71983,1.72856
19-Mar-21,1.74832,1.73082
22-Mar-21,1.69883,1.68131
23-Mar-21,1.65117,1.63732
24-Mar-21,1.63291,1.61281
25-Mar-21,1.64669,1.61294
26-Mar-21,1.6892,1.65918
29-Mar-21,1.74709,1.71963
30-Mar-21,1.75017,1.72513
31-Mar-21,1.78273,1.74489
01-Apr-21,1.72255,1.67746
02-Apr-21,1.76214,1.72146
05-Apr-21,1.75704,1.71894
06-Apr-21,1.69264,1.65514
07-Apr-21,1.68639,1.65262
08-Apr-21,1.6583,1.63064
09-Apr-21,1.69367,1.66471
12-Apr-21,1.69482,1.67462
13-Apr-21,1.63245,1.62246
14-Apr-21,1.6263,1.63498
15-Apr-21,1.51441,1.52939
16-Apr-21,1.5544,1.5719
19-Apr-21,1.57978,1.59848
20-Apr-21,1.55158,1.56157
21-Apr-21,1.55719,1.56344
22-Apr-21,1.54975,1.55475
23-Apr-21,1.56442,1.56567
26-Apr-21,1.56057,1.56932
27-Apr-21,1.61327,1.62076
28-Apr-21,1.6167,1.61912
29-Apr-21,1.64017,1.6388
30-Apr-21,1.63162,1.63031
03-May-21,1.60434,1.60469
04-May-21,1.58721,1.59151
05-May-21,1.57528,1.58278
06-May-21,1.54903,1.55901
07-May-21,1.56047,1.57795
10-May-21,1.57237,1.60114
11-May-21,1.59448,1.62262
12-May-21,1.66485,1.70048
13-May-21,1.61181,1.66672
14-May-21,1.59941,1.63435
17-May-21,1.59634,1.63946
18-May-21,1.60492,1.64116
19-May-21,1.6444,1.68129
20-May-21,1.60307,1.6318
21-May-21,1.60072,1.63009
24-May-21,1.57588,1.60711
25-May-21,1.52613,1.56298
26-May-21,1.53437,1.57313
27-May-21,1.57185,1.60879
28-May-21,1.56048,1.59175
01-Jun-21,1.59017,1.61388
02-Jun-21,1.56254,1.59003
03-Jun-21,1.59833,1.62582
04-Jun-21,1.53227,1.55853
07-Jun-21,1.54016,1.56956
08-Jun-21,1.49841,1.52712
09-Jun-21,1.46193,1.48822
10-Jun-21,1.43359,1.45786
11-Jun-21,1.43738,1.4611
14-Jun-21,1.47485,1.49988
15-Jun-21,1.47123,1.49815
16-Jun-21,1.54273,1.56772
17-Jun-21,1.47872,1.50994
18-Jun-21,1.409,1.449
21-Jun-21,1.44566,1.48441
22-Jun-21,1.43773,1.47085
23-Jun-21,1.45862,1.48603
24-Jun-21,1.45725,1.48599
25-Jun-21,1.49642,1.53514
28-Jun-21,1.44485,1.47738
29-Jun-21,1.45466,1.47904
30-Jun-21,1.41797,1.44348
01-Jul-21,1.46083,1.47896
02-Jul-21,1.41019,1.43142
06-Jul-21,1.34598,1.36907
07-Jul-21,1.29861,1.32044
08-Jul-21,1.27637,1.28699
09-Jul-21,1.3528,1.35531
12-Jul-21,1.3557,1.36196
13-Jul-21,1.40911,1.41411
14-Jul-21,1.35004,1.3551
15-Jul-21,1.282,1.2964
16-Jul-21,1.28446,1.29699
19-Jul-21,1.15597,1.17971
20-Jul-21,1.19315,1.20691
21-Jul-21,1.27566,1.28002
22-Jul-21,1.26824,1.26574
23-Jul-21,1.28258,1.28384
26-Jul-21,1.2779,1.2754
27-Jul-21,1.23672,1.23359
28-Jul-21,1.28287,1.26101
29-Jul-21,1.29723,1.26844
30-Jul-21,1.26377,1.23809
02-Aug-21,1.20026,1.17148
03-Aug-21,1.19367,1.17302
04-Aug-21,1.20286,1.18286
05-Aug-21,1.23975,1.21601
06-Aug-21,1.31078,1.28765
09-Aug-21,1.33052,1.31616
10-Aug-21,1.3521,1.34139
11-Aug-21,1.34861,1.35666
12-Aug-21,1.36966,1.36655
13-Aug-21,1.30059,1.29596
16-Aug-21,1.25894,1.255
17-Aug-21,1.26751,1.25751
18-Aug-21,1.28348,1.27255
19-Aug-21,1.25593,1.24082
20-Aug-21,1.27194,1.25835
23-Aug-21,1.26284,1.25417
24-Aug-21,1.29844,1.28934
25-Aug-21,1.35523,1.34321
26-Aug-21,1.35399,1.34239
27-Aug-21,1.33238,1.31126
30-Aug-21,1.30096,1.28268
31-Aug-21,1.31853,1.30118
01-Sep-21,1.31976,1.30119
02-Sep-21,1.30778,1.29279
03-Sep-21,1.33869,1.3215
07-Sep-21,1.38735,1.37064
08-Sep-21,1.35702,1.33338
09-Sep-21,1.32662,1.29961
10-Sep-21,1.36799,1.34024
13-Sep-21,1.34517,1.32247
14-Sep-21,1.30515,1.27773
15-Sep-21,1.33773,1.30306
16-Sep-21,1.36693,1.3293
17-Sep-21,1.41051,1.3693
20-Sep-21,1.34102,1.3082
21-Sep-21,1.34747,1.32346
22-Sep-21,1.35456,1.32942
23-Sep-21,1.43712,1.40871
24-Sep-21,1.48894,1.45948
27-Sep-21,1.51148,1.48281
28-Sep-21,1.56212,1.5348
29-Sep-21,1.555,1.53835
30-Sep-21,1.54657,1.52627
01-Oct-21,1.4838,1.4659
04-Oct-21,1.48914,1.47977
05-Oct-21,1.53842,1.5301
06-Oct-21,1.53024,1.52322
07-Oct-21,1.58558,1.57032
08-Oct-21,1.62579,1.60391
12-Oct-21,1.59774,1.57947
13-Oct-21,1.56172,1.54811
14-Oct-21,1.53134,1.51857
15-Oct-21,1.58298,1.57465
18-Oct-21,1.58563,1.58305
19-Oct-21,1.63831,1.63279
20-Oct-21,1.64305,1.63377
21-Oct-21,1.68348,1.67407
22-Oct-21,1.66916,1.65404
25-Oct-21,1.66195,1.63427
26-Oct-21,1.64964,1.61761
27-Oct-21,1.55195,1.5282
28-Oct-21,1.57862,1.56767
29-Oct-21,1.56032,1.55476
01-Nov-21,1.58516,1.5724
02-Nov-21,1.57635,1.54615
03-Nov-21,1.60415,1.57696
04-Nov-21,1.55548,1.52353
05-Nov-21,1.47341,1.4522
08-Nov-21,1.52275,1.49583
09-Nov-21,1.45849,1.4477
10-Nov-21,1.59064,1.55704
12-Nov-21,1.63875,1.58271
15-Nov-21,1.66806,1.62054
16-Nov-21,1.68383,1.63266
17-Nov-21,1.65315,1.60346
18-Nov-21,1.62782,1.58635
19-Nov-21,1.57905,1.53512
22-Nov-21,1.68274,1.62442
23-Nov-21,1.72039,1.66337
24-Nov-21,1.69548,1.64275
26-Nov-21,1.53151,1.48334
29-Nov-21,1.5805,1.5286
30-Nov-21,1.51198,1.44005
01-Dec-21,1.50639,1.43329
02-Dec-21,1.51805,1.44772
03-Dec-21,1.42111,1.34045
06-Dec-21,1.52401,1.43336
07-Dec-21,1.57683,1.47932
08-Dec-21,1.583,1.50839
09-Dec-21,1.55792,1.48534
10-Dec-21,1.57766,1.48799
13-Dec-21,1.5081,1.42326
14-Dec-21,1.52058,1.43772
15-Dec-21,1.53563,1.45989
16-Dec-21,1.48959,1.42159
17-Dec-21,1.46119,1.40124
20-Dec-21,1.48265,1.41739
21-Dec-21,1.56372,1.48653
22-Dec-21,1.53772,1.45747
23-Dec-21,1.56699,1.49173
24-Dec-21,N/A,N/A
27-Dec-21,1.55326,1.47984
28-Dec-21,1.55017,1.48073
29-Dec-21,1.61248,1.54184
30-Dec-21,1.57976,1.5143
31-Dec-21,1.5587,1.49719
03-Jan-22,1.68635,1.62886
04-Jan-22,1.71448,1.66561
05-Jan-22,1.75801,1.70253
06-Jan-22,1.79751,1.73254
07-Jan-22,1.83231,1.76817
10-Jan-22,1.84835,1.77891
11-Jan-22,1.81704,1.74537
12-Jan-22,1.78151,1.72427
13-Jan-22,1.76716,1.70849
14-Jan-22,1.83176,1.77077
18-Jan-22,1.92785,1.8672
19-Jan-22,1.87781,1.82618
20-Jan-22,1.88546,1.83344
21-Jan-22,1.8089,1.74654
24-Jan-22,1.7933,1.73422
25-Jan-22,1.84394,1.78406
26-Jan-22,1.90755,1.84402
27-Jan-22,1.86887,1.80746
28-Jan-22,1.85071,1.77925
31-Jan-22,1.85264,1.78114
01-Feb-22,1.8597,1.79909
02-Feb-22,1.82921,1.76531
03-Feb-22,1.88632,1.82527
04-Feb-22,1.99975,1.93111
07-Feb-22,1.98355,1.91495
08-Feb-22,2.02363,1.955
09-Feb-22,1.99902,1.92492
10-Feb-22,2.11328,2.02848
11-Feb-22,2.02529,1.95014
14-Feb-22,2.07467,1.99533
15-Feb-22,2.1266,2.04426
16-Feb-22,2.1183,2.0443
17-Feb-22,2.04979,1.97277
18-Feb-22,2.00462,1.92943
22-Feb-22,2.0292,1.9468
23-Feb-22,2.05956,1.97639
24-Feb-22,2.05643,1.97031
25-Feb-22,2.07045,1.98346
28-Feb-22,1.92593,1.83791
01-Mar-22,1.7789,1.70881
02-Mar-22,1.95329,1.86374
03-Mar-22,1.93411,1.84304
04-Mar-22,1.81424,1.72135
07-Mar-22,1.83481,1.74861
08-Mar-22,1.95418,1.86976
09-Mar-22,2.03499,1.94703
10-Mar-22,2.093,2.00739
11-Mar-22,2.09103,2.00486
14-Mar-22,2.22938,2.13922
15-Mar-22,2.25294,2.15888
16-Mar-22,2.29752,2.18574
17-Mar-22,2.29755,2.19119
18-Mar-22,2.25795,2.14674
21-Mar-22,2.42327,2.31591
22-Mar-22,2.46598,2.37517
23-Mar-22,2.39953,2.31976
24-Mar-22,2.42164,2.33987
25-Mar-22,2.5735,2.49161
28-Mar-22,2.56409,2.47514
29-Mar-22,2.48251,2.39893
30-Mar-22,2.42805,2.35699
31-Mar-22,2.37665,2.32429
01-Apr-22,2.43387,2.37393
04-Apr-22,2.46406,2.41074
05-Apr-22,2.59898,2.55342
06-Apr-22,2.64862,2.60688
07-Apr-22,2.69,2.65311
08-Apr-22,2.7714,2.71326
11-Apr-22,2.84415,2.78008
12-Apr-22,2.77293,2.72507
13-Apr-22,2.73779,2.68831
14-Apr-22,2.85652,2.80731
18-Apr-22,2.90992,2.86138
19-Apr-22,2.97704,2.91383
20-Apr-22,2.8909,2.83491
21-Apr-22,2.96977,2.9163
22-Apr-22,2.96196,2.90546
25-Apr-22,2.87896,2.82651
26-Apr-22,2.83674,2.77109
27-Apr-22,2.89199,2.81738
28-Apr-22,2.95374,2.86197
29-Apr-22,2.97917,2.88402
02-May-22,3.07635,2.99538
03-May-22,3.03182,2.95654
04-May-22,2.99859,2.91393
05-May-22,3.14149,3.06709
06-May-22,3.18486,3.1235
09-May-22,3.12655,3.07722
10-May-22,3.05211,2.99179
11-May-22,2.9828,2.90875
12-May-22,2.90165,2.81638
13-May-22,3.01119,2.93215
16-May-22,2.94662,2.8768
17-May-22,3.03248,2.96864
18-May-22,2.94458,2.88313
19-May-22,2.91961,2.85416
20-May-22,2.84468,2.78563
23-May-22,2.90907,2.85774
24-May-22,2.8148,2.75866
25-May-22,2.81337,2.74608
26-May-22,2.83509,2.7568
27-May-22,2.82295,2.7477
31-May-22,2.92728,2.84226
01-Jun-22,3.00774,2.93045
02-Jun-22,2.99465,2.91403
03-Jun-22,3.03429,2.95428
06-Jun-22,3.1229,3.03711
07-Jun-22,3.05002,2.96898
08-Jun-22,3.10077,3.02701
09-Jun-22,3.11379,3.04091
10-Jun-22,3.2205,3.15644
13-Jun-22,3.44014,3.36938
14-Jun-22,3.55792,3.48199
15-Jun-22,3.45438,3.39259
16-Jun-22,3.35645,3.30391
17-Jun-22,3.3041,3.23791
21-Jun-22,3.37282,3.3044
22-Jun-22,3.23186,3.15518
23-Jun-22,3.1401,3.06835
24-Jun-22,3.20841,3.12356
27-Jun-22,3.27025,3.19219
28-Jun-22,3.28281,3.20642
29-Jun-22,3.17466,3.09192
30-Jun-22,3.05053,2.9731
01-Jul-22,2.9822,2.90226
05-Jul-22,2.88634,2.80904
06-Jul-22,2.99288,2.91053
07-Jul-22,3.09606,3.00659
08-Jul-22,3.19017,3.09901
11-Jul-22,3.07333,2.99
12-Jul-22,3.03437,2.95669
13-Jul-22,2.98752,2.90505
14-Jul-22,3.03699,2.95765
15-Jul-22,2.99997,2.92904
18-Jul-22,3.02623,2.95864
19-Jul-22,3.08318,3.01718
20-Jul-22,3.10524,3.03493
21-Jul-22,2.98043,2.90694
22-Jul-22,2.852,2.78041
25-Jul-22,2.89465,2.81875
26-Jul-22,2.86308,2.78584
27-Jul-22,2.81419,2.7303
28-Jul-22,2.76074,2.68046
29-Jul-22,2.71383,2.63971
01-Aug-22,2.66459,2.60458
02-Aug-22,2.81128,2.74009
03-Aug-22,2.82281,2.74734
04-Aug-22,2.73878,2.67379
05-Aug-22,2.90191,2.83785
08-Aug-22,2.81319,2.76178
09-Aug-22,2.84837,2.79651
10-Aug-22,2.83158,2.77959
11-Aug-22,2.94038,2.88666
12-Aug-22,2.8999,2.84846
15-Aug-22,2.8287,2.79054
16-Aug-22,2.86625,2.8231
17-Aug-22,2.94381,2.89403
18-Aug-22,2.92804,2.87947
19-Aug-22,3.04103,2.98774
22-Aug-22,3.09727,3.03399
23-Aug-22,3.13225,3.0526
24-Aug-22,3.18555,3.10479
25-Aug-22,3.11101,3.02306
26-Aug-22,3.11331,3.03436
29-Aug-22,3.19771,3.10892
30-Aug-22,3.20259,3.10806
31-Aug-22,3.22095,3.13154
01-Sep-22,3.35582,3.2637
02-Sep-22,3.28463,3.18936
06-Sep-22,3.41879,3.33871
07-Sep-22,3.3426,3.2644
08-Sep-22,3.36389,3.29023
09-Sep-22,3.39275,3.32023
12-Sep-22,3.43075,3.36064
13-Sep-22,3.48917,3.42248
14-Sep-22,3.48027,3.41007
15-Sep-22,3.53392,3.45768
16-Sep-22,3.52028,3.44652
19-Sep-22,3.55941,3.48753
20-Sep-22,3.63856,3.57089
21-Sep-22,3.57653,3.51032
22-Sep-22,3.75772,3.70586
23-Sep-22,3.7389,3.69558
26-Sep-22,3.89669,3.87869
27-Sep-22,3.95328,3.96143
28-Sep-22,3.75644,3.70521
29-Sep-22,3.79398,3.74642
30-Sep-22,3.85767,3.80341
03-Oct-22,3.6896,3.64957
04-Oct-22,3.61819,3.61607
05-Oct-22,3.78473,3.75786
06-Oct-22,3.84466,3.82257
07-Oct-22,3.89418,3.88344
11-Oct-22,3.9508,3.93778
12-Oct-22,3.92333,3.9013
13-Oct-22,3.95432,3.95269
14-Oct-22,4.00379,4.00495
17-Oct-22,4.00431,4.01247
18-Oct-22,3.98587,3.99627
19-Oct-22,4.12458,4.12829
20-Oct-22,4.24088,4.22511
21-Oct-22,4.22057,4.21142
24-Oct-22,4.23866,4.23074
25-Oct-22,4.13367,4.10938
26-Oct-22,4.02847,4.01415
27-Oct-22,3.94565,3.93719
28-Oct-22,4.04502,4.00813
31-Oct-22,4.11948,4.07588
01-Nov-22,4.10251,4.0502
02-Nov-22,4.11685,4.05883
03-Nov-22,4.17777,4.12278
04-Nov-22,4.20134,4.15734
07-Nov-22,4.23054,4.21246
08-Nov-22,4.1378,4.12653
09-Nov-22,4.14799,4.14015
10-Nov-22,3.83696,3.82838
14-Nov-22,3.8593,3.86581
15-Nov-22,3.78506,3.79751
16-Nov-22,3.66531,3.69265
17-Nov-22,3.74501,3.7722
18-Nov-22,3.80199,3.81668
21-Nov-22,3.8177,3.82595
22-Nov-22,3.72455,3.75593
23-Nov-22,3.68022,3.70843
25-Nov-22,3.67436,3.7007
28-Nov-22,3.67349,3.7006
29-Nov-22,3.70447,3.7469
30-Nov-22,3.66064,3.70039
01-Dec-22,3.48905,3.52483
02-Dec-22,3.46136,3.50163
05-Dec-22,3.56532,3.59836
06-Dec-22,3.46123,3.51225
07-Dec-22,3.376,3.40695
08-Dec-22,3.46559,3.49193
09-Dec-22,3.54905,3.56638
12-Dec-22,3.59395,3.61035
13-Dec-22,3.48233,3.50119
14-Dec-22,3.48304,3.50196
15-Dec-22,3.44079,3.44905
16-Dec-22,3.4718,3.4804
19-Dec-22,3.55391,3.58185
20-Dec-22,3.63324,3.68341
21-Dec-22,3.64509,3.6833
22-Dec-22,3.64083,3.66926
23-Dec-22,3.71328,3.74622
27-Dec-22,3.81037,3.85718
28-Dec-22,3.84432,3.88459
29-Dec-22,3.80089,3.83341
30-Dec-22,3.78732,3.82933
03-Jan-23,3.73573,3.79058
04-Jan-23,3.65957,3.70794
05-Jan-23,3.67409,3.72093
06-Jan-23,3.51636,3.56909
09-Jan-23,3.45965,3.51646
10-Jan-23,3.55975,3.61789
11-Jan-23,3.51022,3.55485
