Date,iPCA,DATE,FEDFUNDS,DATE,WALCL
1/9/18,0.91792459,1/1/18,2.41,1/3/18,4443718
1/10/18,0.917723468,2/1/18,2.42,1/10/18,4446062
1/11/18,0.910258108,3/1/18,2.51,1/17/18,4439145
1/12/18,0.910228715,4/1/18,2.69,1/24/18,4441317
1/16/18,0.910595592,5/1/18,2.7,1/31/18,4419225
1/17/18,0.910857793,6/1/18,2.82,2/7/18,4420745
1/18/18,0.911293195,7/1/18,2.91,2/14/18,4434863
1/19/18,0.909871777,8/1/18,2.91,2/21/18,4411660
1/22/18,0.90684756,9/1/18,2.95,2/28/18,4393401
1/23/18,0.909404205,10/1/18,3.19,3/7/18,4396097
1/24/18,0.909312812,11/1/18,3.2,3/14/18,4407258
1/25/18,0.913697377,12/1/18,3.27,3/21/18,4401222
1/26/18,0.911604175,1/1/19,3.4,3/28/18,4392198
1/29/18,0.914158735,2/1/19,3.4,4/4/18,4386104
1/30/18,0.914245714,3/1/19,3.41,4/11/18,4383684
1/31/18,0.913662777,4/1/19,3.42,4/18/18,4385903
2/1/18,0.912675435,5/1/19,3.39,4/25/18,4372886
2/2/18,0.885518673,6/1/19,3.38,5/2/18,4356129
2/5/18,0.903678036,7/1/19,3.4,5/9/18,4358207
2/6/18,0.911119537,8/1/19,3.13,5/16/18,4337609
2/7/18,0.906348845,9/1/19,3.04,5/23/18,4337301
2/8/18,0.9062496,10/1/19,2.83,5/30/18,4327519
2/9/18,0.906973763,11/1/19,2.55,6/6/18,4319191
2/12/18,0.908881895,12/1/19,2.55,6/13/18,4324906
2/13/18,0.911416841,1/1/20,2.55,6/20/18,4315896
2/14/18,0.908689857,2/1/20,2.58,6/27/18,4305491
2/15/18,0.908248411,3/1/20,1.65,7/4/18,4289764
2/16/18,0.90796411,4/1/20,1.05,7/11/18,4291201
2/20/18,0.919683423,5/1/20,1.05,7/18/18,4291615
2/21/18,0.919789622,6/1/20,1.08,7/25/18,4277681
2/22/18,0.916475498,7/1/20,1.09,8/1/18,4255653
2/23/18,0.917915894,8/1/20,1.1,8/8/18,4258030
2/26/18,0.916028206,9/1/20,1.09,8/15/18,4228924
2/27/18,0.916795031,10/1/20,1.09,8/22/18,4228818
2/28/18,0.920249397,11/1/20,1.09,8/29/18,4218914
3/1/18,0.921597142,12/1/20,1.09,9/5/18,4208496
3/2/18,0.921089095,1/1/21,1.09,9/12/18,4210812
3/5/18,0.926392943,2/1/21,1.08,9/19/18,4208059
3/6/18,0.923943372,3/1/21,1.07,9/26/18,4192909
3/7/18,0.923405314,4/1/21,1.07,10/3/18,4174704
3/8/18,0.925163737,5/1/21,1.06,10/10/18,4176906
3/9/18,0.929940364,6/1/21,1.08,10/17/18,4175446
3/12/18,0.93063848,7/1/21,1.1,10/24/18,4173070
3/13/18,0.932409019,8/1/21,1.09,10/31/18,4139731
3/14/18,0.931646848,9/1/21,1.08,11/7/18,4141936
3/15/18,0.931099066,10/1/21,1.08,11/14/18,4145892
3/16/18,0.930614037,11/1/21,1.08,11/21/18,4106198
3/19/18,0.930730968,12/1/21,1.08,11/28/18,4097170
3/20/18,0.931015446,1/1/22,1.08,12/5/18,4086044
3/21/18,0.93122866,2/1/22,1.08,12/12/18,4088314
3/22/18,0.929453625,3/1/22,1.2,12/19/18,4084274
3/23/18,0.924442386,4/1/22,1.33,12/26/18,4075636
3/26/18,0.928145636,5/1/22,1.77,1/2/19,4058378
3/27/18,0.92756918,6/1/22,2.21,1/9/19,4056563
3/28/18,0.928667719,7/1/22,2.68,1/16/19,4050044
3/29/18,0.929901286,8/1/22,3.33,1/23/19,4047052
4/2/18,0.928471108,9/1/22,3.56,1/30/19,4039678
4/3/18,0.928409974,10/1/22,4.08,2/6/19,4026350
4/4/18,0.927869308,11/1/22,4.78,2/13/19,4028431
4/5/18,0.92821268,12/1/22,5.1,2/20/19,3981420
4/6/18,0.926793821,,,2/27/19,3974590
4/9/18,0.927062306,,,3/6/19,3969134
4/10/18,0.927454481,,,3/13/19,3971559
4/11/18,0.927546973,,,3/20/19,3962748
4/12/18,0.928607687,,,3/27/19,3955617
4/13/18,0.929103958,,,4/3/19,3935509
4/16/18,0.930640653,,,4/10/19,3936784
4/17/18,0.931590767,,,4/17/19,3931827
4/18/18,0.931975765,,,4/24/19,3928273
4/19/18,0.931543749,,,5/1/19,3889691
4/20/18,0.930667386,,,5/8/19,3892216
4/23/18,0.931729443,,,5/15/19,3864749
4/24/18,0.931268409,,,5/22/19,3860435
4/25/18,0.933141971,,,5/29/19,3851444
4/26/18,0.93232113,,,6/5/19,3847645
4/27/18,0.92519083,,,6/12/19,3849955
4/30/18,0.930275456,,,6/19/19,3844016
5/1/18,0.930464409,,,6/26/19,3826817
5/2/18,0.930044845,,,7/3/19,3813198
5/3/18,0.932503467,,,7/10/19,3815038
5/4/18,0.932882348,,,7/17/19,3808110
5/7/18,0.932589366,,,7/24/19,3803436
5/8/18,0.932990722,,,7/31/19,3779102
5/9/18,0.932924096,,,8/7/19,3781543
5/10/18,0.934136855,,,8/14/19,3786018
5/11/18,0.938204381,,,8/21/19,3764866
5/14/18,0.933728616,,,8/28/19,3759946
5/15/18,0.933719589,,,9/4/19,3761508
5/16/18,0.933842235,,,9/11/19,3769673
5/17/18,0.933403842,,,9/18/19,3844695
5/18/18,0.933642774,,,9/25/19,3857715
5/21/18,0.933211341,,,10/2/19,3945831
5/22/18,0.933407467,,,10/9/19,3949955
5/23/18,0.933184546,,,10/16/19,3966471
5/24/18,0.932592272,,,10/23/19,3968700
5/25/18,0.93181053,,,10/30/19,4019823
5/29/18,0.929214601,,,11/6/19,4039443
5/30/18,0.929930503,,,11/13/19,4047882
5/31/18,0.929807723,,,11/20/19,4030249
6/1/18,0.93116732,,,11/27/19,4052875
6/4/18,0.932010787,,,12/4/19,4065696
6/5/18,0.931895162,,,12/11/19,4095491
6/6/18,0.931661364,,,12/18/19,4137052
6/7/18,0.932334278,,,12/25/19,4165591
6/8/18,0.931833419,,,1/1/20,4173626
6/11/18,0.932162303,,,1/8/20,4149544
6/12/18,0.932172871,,,1/15/20,4175850
6/13/18,0.933292242,,,1/22/20,4145912
6/14/18,0.934055726,,,1/29/20,4151630
6/15/18,0.931774832,,,2/5/20,4166707
6/18/18,0.932848275,,,2/12/20,4182689
6/19/18,0.932591349,,,2/19/20,4171570
6/20/18,0.931843573,,,2/26/20,4158637
6/21/18,0.932932908,,,3/4/20,4241507
6/22/18,0.933244836,,,3/11/20,4311911
6/25/18,0.932737637,,,3/18/20,4668212
6/26/18,0.931940443,,,3/25/20,5254278
6/27/18,0.93164225,,,4/1/20,5811607
6/28/18,0.932534755,,,4/8/20,6083141
6/29/18,0.932216714,,,4/15/20,6367887
7/2/18,0.932334514,,,4/22/20,6573136
7/3/18,0.932085038,,,4/29/20,6655929
7/5/18,0.932284107,,,5/6/20,6721420
7/6/18,0.932271768,,,5/13/20,6934227
7/9/18,0.934156229,,,5/20/20,7037258
7/10/18,0.933884524,,,5/27/20,7097316
7/11/18,0.933880928,,,6/3/20,7165217
7/12/18,0.933459719,,,6/10/20,7168936
7/13/18,0.935555551,,,6/17/20,7094690
7/16/18,0.935871008,,,6/24/20,7082302
7/17/18,0.936063655,,,7/1/20,7009040
7/18/18,0.936368966,,,7/8/20,6920716
7/19/18,0.936103225,,,7/15/20,6958604
7/20/18,0.936330823,,,7/22/20,6964755
7/23/18,0.93665162,,,7/29/20,6949032
7/24/18,0.936980369,,,8/5/20,6945237
7/25/18,0.93621125,,,8/12/20,6957277
7/26/18,0.936282906,,,8/19/20,7010637
7/27/18,0.936502714,,,8/26/20,6990418
7/30/18,0.936870392,,,9/2/20,7017492
7/31/18,0.937399524,,,9/9/20,7010614
8/1/18,0.937629078,,,9/16/20,7064475
8/2/18,0.93846544,,,9/23/20,7093161
8/3/18,0.938180641,,,9/30/20,7056129
8/6/18,0.939102724,,,10/7/20,7074649
8/7/18,0.940119077,,,10/14/20,7151426
8/8/18,0.942590474,,,10/21/20,7177265
8/9/18,0.939941263,,,10/28/20,7146306
8/10/18,0.937811698,,,11/4/20,7157479
8/13/18,0.937437192,,,11/11/20,7175417
8/14/18,0.939028936,,,11/18/20,7243080
8/15/18,0.938395009,,,11/25/20,7216480
8/16/18,0.939406381,,,12/2/20,7222414
8/17/18,0.939277031,,,12/9/20,7242658
8/20/18,0.936683855,,,12/16/20,7362592
8/21/18,0.936835181,,,12/23/20,7404039
8/22/18,0.935132827,,,12/30/20,7363351
8/23/18,0.937151143,,,1/6/21,7334809
8/24/18,0.937898237,,,1/13/21,7333968
8/27/18,0.93757055,,,1/20/21,7414942
8/28/18,0.937183837,,,1/27/21,7404926
8/29/18,0.938610192,,,2/3/21,7410598
8/30/18,0.940210392,,,2/10/21,7442225
8/31/18,0.938748949,,,2/17/21,7557402
9/4/18,0.938361148,,,2/24/21,7590111
9/5/18,0.939783034,,,3/3/21,7557524
9/6/18,0.94029033,,,3/10/21,7579901
9/7/18,0.944018978,,,3/17/21,7693506
9/10/18,0.944056148,,,3/24/21,7719622
9/11/18,0.944858576,,,3/31/21,7688988
9/12/18,0.945444742,,,4/7/21,7708882
9/13/18,0.945878321,,,4/14/21,7793104
9/14/18,0.946004433,,,4/21/21,7820948
9/17/18,0.948171555,,,4/28/21,7780962
9/18/18,0.945792632,,,5/5/21,7810486
9/19/18,0.945071032,,,5/12/21,7830663
9/20/18,0.945881144,,,5/19/21,7922883
9/21/18,0.945956073,,,5/26/21,7903541
9/24/18,0.946010562,,,6/2/21,7935703
9/25/18,0.946316598,,,6/9/21,7952327
9/26/18,0.947424064,,,6/16/21,8064257
9/27/18,0.947446413,,,6/23/21,8101945
9/28/18,0.946061527,,,6/30/21,8078544
10/1/18,0.94637586,,,7/7/21,8097773
10/2/18,0.946787459,,,7/14/21,8201651
10/3/18,0.944332941,,,7/21/21,8240530
10/4/18,0.944894433,,,7/28/21,8221473
10/5/18,0.948894767,,,8/4/21,8235073
10/9/18,0.949967665,,,8/11/21,8257159
10/10/18,0.952611171,,,8/18/21,8342598
10/11/18,0.951151658,,,8/25/21,8332743
10/12/18,0.950402516,,,9/1/21,8349173
10/15/18,0.950782719,,,9/8/21,8357314
10/16/18,0.951014908,,,9/15/21,8448770
10/17/18,0.95021149,,,9/22/21,8489824
10/18/18,0.950042435,,,9/29/21,8447981
10/19/18,0.949920663,,,10/6/21,8464032
10/22/18,0.949747388,,,10/13/21,8480942
10/23/18,0.94786335,,,10/20/21,8564943
10/24/18,0.94682168,,,10/27/21,8556181
10/25/18,0.947719031,,,11/3/21,8574871
10/26/18,0.94549978,,,11/10/21,8663117
10/29/18,0.950217296,,,11/17/21,8674970
10/30/18,0.948268866,,,11/24/21,8681771
10/31/18,0.947939494,,,12/1/21,8650402
11/1/18,0.948035113,,,12/8/21,8664524
11/2/18,0.951038251,,,12/15/21,8756666
11/5/18,0.953662474,,,12/22/21,8790495
11/6/18,0.951492852,,,12/29/21,8757460
11/7/18,0.952380348,,,1/5/22,8765721
11/8/18,0.952841092,,,1/12/22,8788278
11/9/18,0.952365912,,,1/19/22,8867834
11/13/18,0.95203779,,,1/26/22,8860485
11/14/18,0.949742893,,,2/2/22,8873211
11/15/18,0.960887745,,,2/9/22,8878009
11/16/18,0.95915415,,,2/16/22,8911033
11/19/18,0.95208576,,,2/23/22,8928129
11/20/18,0.953731062,,,3/2/22,8904455
11/21/18,0.954979478,,,3/9/22,8910748
11/23/18,0.949359012,,,3/16/22,8954306
11/26/18,0.952439492,,,3/23/22,8962474
11/27/18,0.952852261,,,3/30/22,8937142
11/28/18,0.95230345,,,4/6/22,8937592
11/29/18,0.952839176,,,4/13/22,8965487
11/30/18,0.952288039,,,4/20/22,8955851
12/3/18,0.953468981,,,4/27/22,8939199
12/4/18,0.954610048,,,5/4/22,8939972
12/6/18,0.951673855,,,5/11/22,8942008
12/7/18,0.949224145,,,5/18/22,8945898
12/10/18,0.950492109,,,5/25/22,8914281
12/11/18,0.950940314,,,6/1/22,8915050
12/12/18,0.950744007,,,6/8/22,8918254
12/13/18,0.948317989,,,6/15/22,8932420
12/14/18,0.947256387,,,6/22/22,8934346
12/17/18,0.946158306,,,6/29/22,8913553
12/18/18,0.944550516,,,7/6/22,8891851
12/19/18,0.946272978,,,7/13/22,8895867
12/20/18,0.935518944,,,7/20/22,8899213
12/21/18,0.938115307,,,7/27/22,8890004
12/24/18,0.936389515,,,8/3/22,8874620
12/26/18,0.935763565,,,8/10/22,8879138
12/27/18,0.934351508,,,8/17/22,8849762
12/28/18,0.940481697,,,8/24/22,8851436
12/31/18,0.937748871,,,8/31/22,8826093
1/2/19,0.929160921,,,9/7/22,8822401
1/3/19,0.923524508,,,9/14/22,8832759
1/4/19,0.929663286,,,9/21/22,8816802
1/7/19,0.93490687,,,9/28/22,8795567
1/8/19,0.931514432,,,10/5/22,8759053
1/9/19,0.931577084,,,10/12/22,8758969
1/10/19,0.932109302,,,10/19/22,8743922
1/11/19,0.931471053,,,10/26/22,8723090
1/14/19,0.93103747,,,11/2/22,8676870
1/15/19,0.930818959,,,11/9/22,8678886
1/16/19,0.929292193,,,11/16/22,8625620
1/17/19,0.930757672,,,11/23/22,8621390
1/18/19,0.931821465,,,11/30/22,8584576
1/22/19,0.93241367,,,12/7/22,8582735
1/23/19,0.935755415,,,12/14/22,8583413
1/24/19,0.935478129,,,12/21/22,8564411
1/25/19,0.935705139,,,12/28/22,8551169
1/28/19,0.939601607,,,1/4/23,8507429
1/29/19,0.93963992,,,,
1/30/19,0.935565586,,,,
1/31/19,0.93114344,,,,
2/1/19,0.937005524,,,,
2/4/19,0.937181531,,,,
2/5/19,0.937288399,,,,
2/6/19,0.93893954,,,,
2/7/19,0.942381147,,,,
2/8/19,0.940549787,,,,
2/11/19,0.942603075,,,,
2/12/19,0.942533733,,,,
2/13/19,0.945958663,,,,
2/14/19,0.951071692,,,,
2/15/19,0.950829288,,,,
2/19/19,0.948205175,,,,
2/20/19,0.947896746,,,,
2/21/19,0.946440792,,,,
2/22/19,0.944904267,,,,
2/25/19,0.945550377,,,,
2/26/19,0.945284138,,,,
2/27/19,0.944600636,,,,
2/28/19,0.944701749,,,,
3/1/19,0.945028886,,,,
3/4/19,0.945236636,,,,
3/5/19,0.945649576,,,,
3/6/19,0.945429673,,,,
3/7/19,0.944132527,,,,
3/8/19,0.943774304,,,,
3/11/19,0.944231288,,,,
3/12/19,0.943986123,,,,
3/13/19,0.943658542,,,,
3/14/19,0.94315775,,,,
3/15/19,0.943438546,,,,
3/18/19,0.943470421,,,,
3/19/19,0.943315227,,,,
3/20/19,0.941815789,,,,
3/21/19,0.942053981,,,,
3/22/19,0.940523729,,,,
3/25/19,0.937544464,,,,
3/26/19,0.939005008,,,,
3/27/19,0.938087748,,,,
3/28/19,0.939972537,,,,
3/29/19,0.942594994,,,,
4/1/19,0.941249435,,,,
4/2/19,0.940724703,,,,
4/3/19,0.940491301,,,,
4/4/19,0.942707499,,,,
4/5/19,0.943065249,,,,
4/8/19,0.94277671,,,,
4/9/19,0.942281308,,,,
4/10/19,0.941337249,,,,
4/11/19,0.941644467,,,,
4/12/19,0.942521958,,,,
4/15/19,0.942595382,,,,
4/16/19,0.942861661,,,,
4/17/19,0.942110272,,,,
4/18/19,0.941914377,,,,
4/22/19,0.941356893,,,,
4/23/19,0.94100942,,,,
4/24/19,0.938719348,,,,
4/25/19,0.940301138,,,,
4/26/19,0.939065202,,,,
4/29/19,0.938201783,,,,
4/30/19,0.937870105,,,,
5/1/19,0.94109181,,,,
5/2/19,0.94311159,,,,
5/3/19,0.944055025,,,,
5/6/19,0.942877517,,,,
5/7/19,0.942381792,,,,
5/8/19,0.941841118,,,,
5/9/19,0.941041806,,,,
5/10/19,0.941003537,,,,
5/13/19,0.938723339,,,,
5/14/19,0.941217942,,,,
5/15/19,0.940269625,,,,
5/16/19,0.94064655,,,,
5/17/19,0.940741918,,,,
5/20/19,0.941432052,,,,
5/21/19,0.942252396,,,,
5/22/19,0.942088677,,,,
5/23/19,0.94050857,,,,
5/24/19,0.945451781,,,,
5/28/19,0.944367031,,,,
5/29/19,0.943737671,,,,
5/30/19,0.947899914,,,,
5/31/19,0.944894559,,,,
6/3/19,0.941019101,,,,
6/4/19,0.934967238,,,,
6/5/19,0.932759292,,,,
6/6/19,0.915852683,,,,
6/7/19,0.926889072,,,,
6/10/19,0.923234088,,,,
6/11/19,0.916640414,,,,
6/12/19,0.908318627,,,,
6/13/19,0.906261759,,,,
6/14/19,0.915345791,,,,
6/17/19,0.898779613,,,,
6/18/19,0.897888075,,,,
6/19/19,0.864048928,,,,
6/20/19,0.886672942,,,,
6/21/19,0.910887798,,,,
6/24/19,0.877375789,,,,
6/25/19,0.883982179,,,,
6/26/19,0.887911665,,,,
6/27/19,0.89231592,,,,
6/28/19,0.903224468,,,,
7/1/19,0.923077196,,,,
7/2/19,0.921348301,,,,
7/3/19,0.922559283,,,,
7/5/19,0.924630592,,,,
7/8/19,0.92483045,,,,
7/9/19,0.925983794,,,,
7/10/19,0.921301789,,,,
7/11/19,0.915075547,,,,
7/12/19,0.916317578,,,,
7/15/19,0.913238403,,,,
7/16/19,0.913755489,,,,
7/17/19,0.912945319,,,,
7/18/19,0.910456136,,,,
7/19/19,0.910916468,,,,
7/22/19,0.911386542,,,,
7/23/19,0.911304361,,,,
7/24/19,0.912188808,,,,
7/25/19,0.913751624,,,,
7/26/19,0.9145221,,,,
7/29/19,0.911251225,,,,
7/30/19,0.910803266,,,,
7/31/19,0.916776006,,,,
8/1/19,0.912273177,,,,
8/2/19,0.913710124,,,,
8/5/19,0.910689461,,,,
8/6/19,0.92453575,,,,
8/7/19,0.923324148,,,,
8/8/19,0.923019596,,,,
8/9/19,0.923587112,,,,
8/12/19,0.924337244,,,,
8/13/19,0.919372157,,,,
8/14/19,0.907053725,,,,
8/15/19,0.911391657,,,,
8/16/19,0.910194628,,,,
8/19/19,0.908270322,,,,
8/20/19,0.908473487,,,,
8/21/19,0.916872924,,,,
8/22/19,0.914630895,,,,
8/23/19,0.915810346,,,,
8/26/19,0.918588072,,,,
8/27/19,0.917559766,,,,
8/28/19,0.916924155,,,,
8/29/19,0.916272351,,,,
8/30/19,0.91132478,,,,
9/3/19,0.913415213,,,,
9/4/19,0.911678365,,,,
9/5/19,0.915769896,,,,
9/6/19,0.920141955,,,,
9/9/19,0.922318813,,,,
9/10/19,0.92314947,,,,
9/11/19,0.923310594,,,,
9/12/19,0.924039756,,,,
9/13/19,0.92331851,,,,
9/16/19,0.926245917,,,,
9/17/19,0.926154703,,,,
9/18/19,0.930852206,,,,
9/19/19,0.931602348,,,,
9/20/19,0.932268747,,,,
9/23/19,0.936659611,,,,
9/24/19,0.939336559,,,,
9/25/19,0.939591318,,,,
9/26/19,0.942381418,,,,
9/27/19,0.948254469,,,,
9/30/19,0.941836463,,,,
10/1/19,0.943141588,,,,
10/2/19,0.945825007,,,,
10/3/19,0.939955716,,,,
10/4/19,0.939172677,,,,
10/7/19,0.940674323,,,,
10/8/19,0.939634041,,,,
10/9/19,0.944330516,,,,
10/10/19,0.94452236,,,,
10/11/19,0.946520711,,,,
10/15/19,0.946889283,,,,
10/16/19,0.945411067,,,,
10/17/19,0.945620877,,,,
10/18/19,0.943681343,,,,
10/21/19,0.944118417,,,,
10/22/19,0.945003452,,,,
10/23/19,0.944683822,,,,
10/24/19,0.944717815,,,,
10/25/19,0.945554247,,,,
10/28/19,0.944774561,,,,
10/29/19,0.945381441,,,,
10/30/19,0.945692817,,,,
10/31/19,0.944719564,,,,
11/1/19,0.947666331,,,,
11/4/19,0.946255967,,,,
11/5/19,0.943807014,,,,
11/6/19,0.945522765,,,,
11/7/19,0.94594566,,,,
11/8/19,0.944732435,,,,
11/12/19,0.9454484,,,,
11/13/19,0.946322718,,,,
11/14/19,0.945541053,,,,
11/15/19,0.945776095,,,,
11/18/19,0.945229679,,,,
11/19/19,0.945959185,,,,
11/20/19,0.944589031,,,,
11/21/19,0.945689833,,,,
11/22/19,0.947181963,,,,
11/25/19,0.947363552,,,,
11/26/19,0.947582651,,,,
11/27/19,0.948489123,,,,
11/29/19,0.947523495,,,,
12/2/19,0.946380723,,,,
12/3/19,0.946032779,,,,
12/4/19,0.946763471,,,,
12/5/19,0.946111592,,,,
12/6/19,0.946485949,,,,
12/9/19,0.949370237,,,,
12/10/19,0.948235271,,,,
12/11/19,0.947391113,,,,
12/12/19,0.94433912,,,,
12/13/19,0.94413177,,,,
12/16/19,0.943087879,,,,
12/17/19,0.942420258,,,,
12/18/19,0.942025407,,,,
12/19/19,0.941311418,,,,
12/20/19,0.942427465,,,,
12/23/19,0.943130311,,,,
12/24/19,0.943261871,,,,
12/26/19,0.942205351,,,,
12/27/19,0.941451459,,,,
12/30/19,0.940438966,,,,
12/31/19,0.939333751,,,,
1/2/20,0.941194985,,,,
1/3/20,0.941130208,,,,
1/6/20,0.943932095,,,,
1/7/20,0.945409614,,,,
1/8/20,0.94744845,,,,
1/9/20,0.948978716,,,,
1/10/20,0.950088242,,,,
1/13/20,0.950038136,,,,
1/14/20,0.948440862,,,,
1/15/20,0.951207533,,,,
1/16/20,0.951229721,,,,
1/17/20,0.94836219,,,,
1/21/20,0.948059269,,,,
1/22/20,0.948356707,,,,
1/23/20,0.9496712,,,,
1/24/20,0.949603295,,,,
1/27/20,0.951271083,,,,
1/28/20,0.951648709,,,,
1/29/20,0.948851014,,,,
1/30/20,0.950831599,,,,
1/31/20,0.95024336,,,,
2/3/20,0.952106423,,,,
2/4/20,0.952394851,,,,
2/5/20,0.95169057,,,,
2/6/20,0.952615094,,,,
2/7/20,0.956077526,,,,
2/10/20,0.955119613,,,,
2/11/20,0.957256929,,,,
2/12/20,0.957070405,,,,
2/13/20,0.957838176,,,,
2/14/20,0.958744396,,,,
2/18/20,0.959709537,,,,
2/19/20,0.96024482,,,,
2/20/20,0.953010832,,,,
2/21/20,0.952973598,,,,
2/24/20,0.955422437,,,,
2/25/20,0.958093226,,,,
2/26/20,0.952240842,,,,
2/27/20,0.93931554,,,,
2/28/20,0.939500513,,,,
3/2/20,0.9342731,,,,
3/3/20,0.925630539,,,,
3/4/20,0.915525899,,,,
3/5/20,0.891457683,,,,
3/6/20,0.852690504,,,,
3/9/20,0.918280978,,,,
3/10/20,0.914052845,,,,
3/11/20,0.913363272,,,,
3/12/20,0.915163027,,,,
3/13/20,0.909343845,,,,
3/16/20,0.915260659,,,,
3/17/20,0.910863263,,,,
3/18/20,0.903564848,,,,
3/19/20,0.889693609,,,,
3/20/20,0.895263863,,,,
3/23/20,0.90491359,,,,
3/24/20,0.926152851,,,,
3/25/20,0.916359239,,,,
3/26/20,0.915638599,,,,
3/27/20,0.915266686,,,,
3/30/20,0.902321586,,,,
3/31/20,0.891246677,,,,
4/1/20,0.890498651,,,,
4/2/20,0.902934282,,,,
4/3/20,0.904203813,,,,
4/6/20,0.909657507,,,,
4/7/20,0.895695247,,,,
4/8/20,0.899658102,,,,
4/9/20,0.898198891,,,,
4/13/20,0.897714589,,,,
4/14/20,0.891061644,,,,
4/15/20,0.895516914,,,,
4/16/20,0.899349633,,,,
4/17/20,0.896374244,,,,
4/20/20,0.899387825,,,,
4/21/20,0.903147208,,,,
4/22/20,0.902777799,,,,
4/23/20,0.905945643,,,,
4/24/20,0.882493683,,,,
4/27/20,0.886421219,,,,
4/28/20,0.909813164,,,,
4/29/20,0.906124259,,,,
4/30/20,0.902413579,,,,
5/1/20,0.900046087,,,,
5/4/20,0.903032503,,,,
5/5/20,0.897017642,,,,
5/6/20,0.895361679,,,,
5/7/20,0.890671217,,,,
5/8/20,0.82830976,,,,
5/11/20,0.833489051,,,,
5/12/20,0.840554413,,,,
5/13/20,0.840509382,,,,
5/14/20,0.842065969,,,,
5/15/20,0.85853039,,,,
5/18/20,0.890065655,,,,
5/19/20,0.864999693,,,,
5/20/20,0.86536421,,,,
5/21/20,0.874991579,,,,
5/22/20,0.874777554,,,,
5/26/20,0.872460536,,,,
5/27/20,0.879346079,,,,
5/28/20,0.878386601,,,,
5/29/20,0.884615797,,,,
6/1/20,0.88345643,,,,
6/2/20,0.885037358,,,,
6/3/20,0.891777089,,,,
6/4/20,0.888217505,,,,
6/5/20,0.882303512,,,,
6/8/20,0.884213132,,,,
6/9/20,0.886336667,,,,
6/10/20,0.887772272,,,,
6/11/20,0.896203408,,,,
6/12/20,0.897495258,,,,
6/15/20,0.898365997,,,,
6/16/20,0.888827728,,,,
6/17/20,0.882196151,,,,
6/18/20,0.878294587,,,,
6/19/20,0.885595533,,,,
6/22/20,0.882871088,,,,
6/23/20,0.880607814,,,,
6/24/20,0.882930033,,,,
6/25/20,0.879825541,,,,
6/26/20,0.879484913,,,,
6/29/20,0.881902797,,,,
6/30/20,0.883949599,,,,
7/1/20,0.886108221,,,,
7/2/20,0.886476303,,,,
7/6/20,0.901100997,,,,
7/7/20,0.896783971,,,,
7/8/20,0.896395402,,,,
7/9/20,0.899403513,,,,
7/10/20,0.90129456,,,,
7/13/20,0.901248313,,,,
7/14/20,0.904127496,,,,
7/15/20,0.902960069,,,,
7/16/20,0.903463553,,,,
7/17/20,0.902803385,,,,
7/20/20,0.904369291,,,,
7/21/20,0.904816615,,,,
7/22/20,0.911740794,,,,
7/23/20,0.911570156,,,,
7/24/20,0.911830423,,,,
7/27/20,0.911037589,,,,
7/28/20,0.910890401,,,,
7/29/20,0.91022109,,,,
7/30/20,0.913502823,,,,
7/31/20,0.913914017,,,,
8/3/20,0.912870033,,,,
8/4/20,0.915708202,,,,
8/5/20,0.915147032,,,,
8/6/20,0.921114615,,,,
8/7/20,0.920327694,,,,
8/10/20,0.924978632,,,,
8/11/20,0.924793379,,,,
8/12/20,0.930742027,,,,
8/13/20,0.93193597,,,,
8/14/20,0.936025117,,,,
8/17/20,0.932638289,,,,
8/18/20,0.928556695,,,,
8/19/20,0.927509734,,,,
8/20/20,0.929797153,,,,
8/21/20,0.929647001,,,,
8/24/20,0.929954041,,,,
8/25/20,0.929169166,,,,
8/26/20,0.929275609,,,,
8/27/20,0.929637514,,,,
8/28/20,0.930389098,,,,
8/31/20,0.932531343,,,,
9/1/20,0.932039475,,,,
9/2/20,0.932467068,,,,
9/3/20,0.933616116,,,,
9/4/20,0.932460192,,,,
9/8/20,0.933222048,,,,
9/9/20,0.932076563,,,,
9/10/20,0.932166497,,,,
9/11/20,0.933263238,,,,
9/14/20,0.933273833,,,,
9/15/20,0.934560688,,,,
9/16/20,0.934846036,,,,
9/17/20,0.935832585,,,,
9/18/20,0.936370966,,,,
9/21/20,0.936506225,,,,
9/22/20,0.937303055,,,,
9/23/20,0.936207826,,,,
9/24/20,0.936400325,,,,
9/25/20,0.936253438,,,,
9/28/20,0.934235294,,,,
9/29/20,0.935107252,,,,
9/30/20,0.934697186,,,,
10/1/20,0.935378664,,,,
10/2/20,0.933918794,,,,
10/5/20,0.93196156,,,,
10/6/20,0.929850172,,,,
10/7/20,0.928312028,,,,
10/8/20,0.926256265,,,,
10/9/20,0.926070406,,,,
10/13/20,0.926018235,,,,
10/14/20,0.926231557,,,,
10/15/20,0.926047789,,,,
10/16/20,0.92724538,,,,
10/19/20,0.928019112,,,,
10/20/20,0.937467154,,,,
10/21/20,0.933125843,,,,
10/22/20,0.932663406,,,,
10/23/20,0.932899221,,,,
10/26/20,0.933897153,,,,
10/27/20,0.933491286,,,,
10/28/20,0.933184652,,,,
10/29/20,0.931202917,,,,
10/30/20,0.931634568,,,,
11/2/20,0.93144101,,,,
11/3/20,0.931738525,,,,
11/4/20,0.933771946,,,,
11/5/20,0.940606363,,,,
11/6/20,0.94044828,,,,
11/9/20,0.937943201,,,,
11/10/20,0.940033878,,,,
11/12/20,0.939801613,,,,
11/13/20,0.940638767,,,,
11/16/20,0.939929111,,,,
11/17/20,0.94185146,,,,
11/18/20,0.941141241,,,,
11/19/20,0.939356188,,,,
11/20/20,0.943843894,,,,
11/23/20,0.94320047,,,,
11/24/20,0.942802884,,,,
11/25/20,0.928894084,,,,
11/27/20,0.931124361,,,,
11/30/20,0.930687139,,,,
12/1/20,0.932976867,,,,
12/2/20,0.931495811,,,,
12/3/20,0.932252633,,,,
12/4/20,0.941026477,,,,
12/7/20,0.938582562,,,,
12/8/20,0.940362523,,,,
12/9/20,0.939961386,,,,
12/10/20,0.933102799,,,,
12/11/20,0.922432121,,,,
12/14/20,0.925885278,,,,
12/15/20,0.927112725,,,,
12/16/20,0.928255734,,,,
12/17/20,0.927841508,,,,
12/18/20,0.926221609,,,,
12/21/20,0.928515908,,,,
12/22/20,0.929282077,,,,
12/23/20,0.926462717,,,,
12/24/20,0.928520835,,,,
12/28/20,0.925265494,,,,
12/29/20,0.914900907,,,,
12/30/20,0.915402796,,,,
12/31/20,0.915129938,,,,
1/4/21,0.914193707,,,,
1/5/21,0.912334755,,,,
1/6/21,0.904512934,,,,
1/7/21,0.902867911,,,,
1/8/21,0.901179843,,,,
1/11/21,0.899791403,,,,
1/12/21,0.899065052,,,,
1/13/21,0.934171293,,,,
1/14/21,0.928578654,,,,
1/15/21,0.928259987,,,,
1/19/21,0.928853431,,,,
1/20/21,0.934910012,,,,
1/21/21,0.932698535,,,,
1/22/21,0.928915498,,,,
1/25/21,0.934294193,,,,
1/26/21,0.936266409,,,,
1/27/21,0.938411907,,,,
1/28/21,0.938602056,,,,
1/29/21,0.936462517,,,,
2/1/21,0.937746862,,,,
2/2/21,0.936479773,,,,
2/3/21,0.932906677,,,,
2/4/21,0.92929659,,,,
2/5/21,0.924415999,,,,
2/8/21,0.928398217,,,,
2/9/21,0.927502527,,,,
2/10/21,0.929771772,,,,
2/11/21,0.928173474,,,,
2/12/21,0.930507823,,,,
2/16/21,0.922158888,,,,
2/17/21,0.928744534,,,,
2/18/21,0.927711971,,,,
2/19/21,0.923674617,,,,
2/22/21,0.920742078,,,,
2/23/21,0.925671977,,,,
2/24/21,0.924391049,,,,
2/25/21,0.915167591,,,,
2/26/21,0.917193008,,,,
3/1/21,0.912933976,,,,
3/2/21,0.918939871,,,,
3/3/21,0.916413821,,,,
3/4/21,0.907300251,,,,
3/5/21,0.899750798,,,,
3/8/21,0.9038262,,,,
3/9/21,0.905325384,,,,
3/10/21,0.907514634,,,,
3/11/21,0.897862739,,,,
3/12/21,0.894233297,,,,
3/15/21,0.896689196,,,,
3/16/21,0.895918699,,,,
3/17/21,0.89583273,,,,
3/18/21,0.898405461,,,,
3/19/21,0.901237055,,,,
3/22/21,0.902686608,,,,
3/23/21,0.902894833,,,,
3/24/21,0.903244004,,,,
3/25/21,0.901234361,,,,
3/26/21,0.900419498,,,,
3/29/21,0.898641541,,,,
3/30/21,0.899343991,,,,
3/31/21,0.894831164,,,,
4/1/21,0.897035612,,,,
4/2/21,0.897419348,,,,
4/5/21,0.908044642,,,,
4/6/21,0.896430849,,,,
4/7/21,0.889020376,,,,
4/8/21,0.89234701,,,,
4/9/21,0.894452645,,,,
4/12/21,0.891076025,,,,
4/13/21,0.892438568,,,,
4/14/21,0.893359457,,,,
4/15/21,0.897636959,,,,
4/16/21,0.899212274,,,,
4/19/21,0.898585138,,,,
4/20/21,0.899856142,,,,
4/21/21,0.899173184,,,,
4/22/21,0.901446761,,,,
4/23/21,0.901406787,,,,
4/26/21,0.904100111,,,,
4/27/21,0.902231378,,,,
4/28/21,0.900626131,,,,
4/29/21,0.899244629,,,,
4/30/21,0.89929372,,,,
5/3/21,0.901352647,,,,
5/4/21,0.903996934,,,,
5/5/21,0.905159427,,,,
5/6/21,0.906059587,,,,
5/7/21,0.904702414,,,,
5/10/21,0.901950421,,,,
5/11/21,0.901079794,,,,
5/12/21,0.897906853,,,,
5/13/21,0.900965931,,,,
5/14/21,0.901573025,,,,
5/17/21,0.90110625,,,,
5/18/21,0.899918447,,,,
5/19/21,0.897965203,,,,
5/20/21,0.90339088,,,,
5/21/21,0.903399498,,,,
5/24/21,0.903544168,,,,
5/25/21,0.902837729,,,,
5/26/21,0.904619735,,,,
5/27/21,0.90812304,,,,
5/28/21,0.909959096,,,,
6/1/21,0.90955216,,,,
6/2/21,0.911347257,,,,
6/3/21,0.909022709,,,,
6/4/21,0.910210338,,,,
6/7/21,0.909671184,,,,
6/8/21,0.911043594,,,,
6/9/21,0.912960443,,,,
6/10/21,0.910453828,,,,
6/11/21,0.91226236,,,,
6/14/21,0.914541292,,,,
6/15/21,0.915196237,,,,
6/16/21,0.910452299,,,,
6/17/21,0.909046778,,,,
6/18/21,0.887031417,,,,
6/21/21,0.878692342,,,,
6/22/21,0.879494419,,,,
6/23/21,0.87547182,,,,
6/24/21,0.878511803,,,,
6/25/21,0.878916977,,,,
6/28/21,0.878623843,,,,
6/29/21,0.878364129,,,,
6/30/21,0.876387729,,,,
7/1/21,0.873256421,,,,
7/2/21,0.880002181,,,,
7/6/21,0.88107488,,,,
7/7/21,0.883885841,,,,
7/8/21,0.887508442,,,,
7/9/21,0.885198738,,,,
7/12/21,0.882766479,,,,
7/13/21,0.877682321,,,,
7/14/21,0.879114412,,,,
7/15/21,0.880830238,,,,
7/16/21,0.880413475,,,,
7/19/21,0.884356682,,,,
7/20/21,0.887553018,,,,
7/21/21,0.886963795,,,,
7/22/21,0.886023523,,,,
7/23/21,0.886546665,,,,
7/26/21,0.887417823,,,,
7/27/21,0.887121735,,,,
7/28/21,0.888594808,,,,
7/29/21,0.888976972,,,,
7/30/21,0.888546124,,,,
8/2/21,0.890526921,,,,
8/3/21,0.891557564,,,,
8/4/21,0.890331016,,,,
8/5/21,0.88764619,,,,
8/6/21,0.885260348,,,,
8/9/21,0.886003217,,,,
8/10/21,0.885914613,,,,
8/11/21,0.885085195,,,,
8/12/21,0.88437104,,,,
8/13/21,0.891374513,,,,
8/16/21,0.891037935,,,,
8/17/21,0.891644459,,,,
8/18/21,0.897833291,,,,
8/19/21,0.898287572,,,,
8/20/21,0.898237766,,,,
8/23/21,0.897618081,,,,
8/24/21,0.897649086,,,,
8/25/21,0.898228758,,,,
8/26/21,0.894885933,,,,
8/27/21,0.898171864,,,,
8/30/21,0.898878461,,,,
8/31/21,0.898539052,,,,
9/1/21,0.898314067,,,,
9/2/21,0.899011178,,,,
9/3/21,0.898820824,,,,
9/7/21,0.898293554,,,,
9/8/21,0.898342718,,,,
9/9/21,0.900419478,,,,
9/10/21,0.898753296,,,,
9/13/21,0.899315679,,,,
9/14/21,0.899923887,,,,
9/15/21,0.899050657,,,,
9/16/21,0.898193848,,,,
9/17/21,0.899962046,,,,
9/20/21,0.899832747,,,,
9/21/21,0.898144428,,,,
9/22/21,0.895565392,,,,
9/23/21,0.893348195,,,,
9/24/21,0.896776336,,,,
9/27/21,0.895046941,,,,
9/28/21,0.896136505,,,,
9/29/21,0.896868701,,,,
9/30/21,0.89701071,,,,
10/1/21,0.89994716,,,,
10/4/21,0.899719466,,,,
10/5/21,0.898653412,,,,
10/6/21,0.900367478,,,,
10/7/21,0.899159919,,,,
10/8/21,0.899036897,,,,
10/12/21,0.897792923,,,,
10/13/21,0.895423476,,,,
10/14/21,0.895642279,,,,
10/15/21,0.882785173,,,,
10/18/21,0.875980085,,,,
10/19/21,0.869122905,,,,
10/20/21,0.864112783,,,,
10/21/21,0.85473439,,,,
10/22/21,0.852002895,,,,
10/25/21,0.845667349,,,,
10/26/21,0.843528779,,,,
10/27/21,0.836834197,,,,
10/28/21,0.823734568,,,,
10/29/21,0.819245541,,,,
11/1/21,0.819610916,,,,
11/2/21,0.822045211,,,,
11/3/21,0.823004152,,,,
11/4/21,0.832637552,,,,
11/5/21,0.83150765,,,,
11/8/21,0.829010219,,,,
11/9/21,0.827782412,,,,
11/10/21,0.810016722,,,,
11/12/21,0.810321292,,,,
11/15/21,0.809212986,,,,
11/16/21,0.810064034,,,,
11/17/21,0.81176345,,,,
11/18/21,0.814332539,,,,
11/19/21,0.814544671,,,,
11/22/21,0.811016291,,,,
11/23/21,0.8124399,,,,
11/24/21,0.810273501,,,,
11/26/21,0.811963199,,,,
11/29/21,0.813470481,,,,
11/30/21,0.810113534,,,,
12/1/21,0.811429501,,,,
12/2/21,0.809199799,,,,
12/3/21,0.814530743,,,,
12/6/21,0.807996631,,,,
12/7/21,0.821271581,,,,
12/8/21,0.834001669,,,,
12/9/21,0.837958527,,,,
12/10/21,0.836206061,,,,
12/13/21,0.838924206,,,,
12/14/21,0.839251353,,,,
12/15/21,0.838436053,,,,
12/16/21,0.820756783,,,,
12/17/21,0.831751363,,,,
12/20/21,0.831577289,,,,
12/21/21,0.830915365,,,,
12/22/21,0.837713111,,,,
12/23/21,0.833919695,,,,
12/27/21,0.834020026,,,,
12/28/21,0.834033765,,,,
12/29/21,0.833537327,,,,
12/30/21,0.833650103,,,,
12/31/21,0.83371973,,,,
1/3/22,0.832520366,,,,
1/4/22,0.834269854,,,,
1/5/22,0.835550437,,,,
1/6/22,0.836652271,,,,
1/7/22,0.836417216,,,,
1/10/22,0.836548111,,,,
1/11/22,0.839545203,,,,
1/12/22,0.84047282,,,,
1/13/22,0.840515835,,,,
1/14/22,0.840055333,,,,
1/18/22,0.844688238,,,,
1/19/22,0.844841479,,,,
1/20/22,0.849653049,,,,
1/21/22,0.858274291,,,,
1/24/22,0.858068899,,,,
1/25/22,0.860131188,,,,
1/26/22,0.860492227,,,,
1/27/22,0.854738362,,,,
1/28/22,0.852192098,,,,
1/31/22,0.850741714,,,,
2/1/22,0.851287236,,,,
2/2/22,0.851985128,,,,
2/3/22,0.850930484,,,,
2/4/22,0.851427028,,,,
2/7/22,0.857063618,,,,
2/8/22,0.856952242,,,,
2/9/22,0.856442058,,,,
2/10/22,0.841160366,,,,
2/11/22,0.836857365,,,,
2/14/22,0.836246136,,,,
2/15/22,0.846169664,,,,
2/16/22,0.850627501,,,,
2/17/22,0.851763233,,,,
2/18/22,0.852073995,,,,
2/22/22,0.851591916,,,,
2/23/22,0.851390014,,,,
2/24/22,0.852209042,,,,
2/25/22,0.851459395,,,,
2/28/22,0.852945516,,,,
3/1/22,0.854614673,,,,
3/2/22,0.856948283,,,,
3/3/22,0.857269467,,,,
3/4/22,0.868389673,,,,
3/7/22,0.867626427,,,,
3/8/22,0.868399416,,,,
3/9/22,0.867668597,,,,
3/10/22,0.868505601,,,,
3/11/22,0.882843874,,,,
3/14/22,0.88876213,,,,
3/15/22,0.885769692,,,,
3/16/22,0.882601808,,,,
3/17/22,0.884211021,,,,
3/18/22,0.874201536,,,,
3/21/22,0.872478642,,,,
3/22/22,0.867519861,,,,
3/23/22,0.867197332,,,,
3/24/22,0.866189509,,,,
3/25/22,0.866869536,,,,
3/28/22,0.864980976,,,,
3/29/22,0.855837539,,,,
3/30/22,0.843564453,,,,
3/31/22,0.847462886,,,,
4/1/22,0.842077543,,,,
4/4/22,0.843644419,,,,
4/5/22,0.843845556,,,,
4/6/22,0.844890875,,,,
4/7/22,0.858163512,,,,
4/8/22,0.858121853,,,,
4/11/22,0.857810554,,,,
4/12/22,0.856937343,,,,
4/13/22,0.855542033,,,,
4/14/22,0.854115007,,,,
4/18/22,0.860448606,,,,
4/19/22,0.860350172,,,,
4/20/22,0.860851787,,,,
4/21/22,0.860510205,,,,
4/22/22,0.861131846,,,,
4/25/22,0.861830823,,,,
4/26/22,0.862385213,,,,
4/27/22,0.862239457,,,,
4/28/22,0.863031883,,,,
4/29/22,0.865627505,,,,
5/2/22,0.865836501,,,,
5/3/22,0.864671741,,,,
5/4/22,0.8660244,,,,
5/5/22,0.865305566,,,,
5/6/22,0.864420676,,,,
5/9/22,0.862641742,,,,
5/10/22,0.863782136,,,,
5/11/22,0.86490706,,,,
5/12/22,0.853426353,,,,
5/13/22,0.852027825,,,,
5/16/22,0.852082419,,,,
5/17/22,0.852729434,,,,
5/18/22,0.85469257,,,,
5/19/22,0.854798194,,,,
5/20/22,0.856674936,,,,
5/23/22,0.856692688,,,,
5/24/22,0.856170856,,,,
5/25/22,0.856491204,,,,
5/26/22,0.854205912,,,,
5/27/22,0.855001588,,,,
5/31/22,0.86043069,,,,
6/1/22,0.861184482,,,,
6/2/22,0.861125315,,,,
6/3/22,0.861035295,,,,
6/6/22,0.873688905,,,,
6/7/22,0.874191681,,,,
6/8/22,0.869252183,,,,
6/9/22,0.8693302,,,,
6/10/22,0.867201434,,,,
6/13/22,0.866416537,,,,
6/14/22,0.86665326,,,,
6/15/22,0.86857148,,,,
6/16/22,0.86674645,,,,
6/17/22,0.86649924,,,,
6/21/22,0.867457511,,,,
6/22/22,0.867303454,,,,
6/23/22,0.865904147,,,,
6/24/22,0.866229559,,,,
6/27/22,0.866154406,,,,
6/28/22,0.858056038,,,,
6/29/22,0.866747746,,,,
6/30/22,0.869147704,,,,
7/1/22,0.870085586,,,,
7/5/22,0.870458993,,,,
7/6/22,0.869567291,,,,
7/7/22,0.870415222,,,,
7/8/22,0.873349634,,,,
7/11/22,0.884664258,,,,
7/12/22,0.884794706,,,,
7/13/22,0.885888641,,,,
7/14/22,0.886150761,,,,
7/15/22,0.888199971,,,,
7/18/22,0.888624531,,,,
7/19/22,0.891432128,,,,
7/20/22,0.890815747,,,,
7/21/22,0.890826122,,,,
7/22/22,0.890920616,,,,
7/25/22,0.892885346,,,,
7/26/22,0.89405707,,,,
7/27/22,0.893984284,,,,
7/28/22,0.895449528,,,,
7/29/22,0.895242452,,,,
8/1/22,0.894691832,,,,
8/2/22,0.890450509,,,,
8/3/22,0.890124288,,,,
8/4/22,0.888161214,,,,
8/5/22,0.888971028,,,,
8/8/22,0.888680639,,,,
8/9/22,0.885197005,,,,
8/10/22,0.885912849,,,,
8/11/22,0.885972646,,,,
8/12/22,0.884715878,,,,
8/15/22,0.885282014,,,,
8/16/22,0.881434663,,,,
8/17/22,0.880552114,,,,
8/18/22,0.881021413,,,,
8/19/22,0.881644327,,,,
8/22/22,0.881264327,,,,
8/23/22,0.883038474,,,,
8/24/22,0.882933195,,,,
8/25/22,0.883418664,,,,
8/26/22,0.888426965,,,,
8/29/22,0.889044206,,,,
8/30/22,0.88442298,,,,
8/31/22,0.885065202,,,,
9/1/22,0.884187743,,,,
9/2/22,0.884764027,,,,
9/6/22,0.882039347,,,,
9/7/22,0.882666954,,,,
9/8/22,0.882349992,,,,
9/9/22,0.88169017,,,,
9/12/22,0.881645447,,,,
9/13/22,0.879502285,,,,
9/14/22,0.879198403,,,,
9/15/22,0.878936399,,,,
9/16/22,0.87816097,,,,
9/19/22,0.877717756,,,,
9/20/22,0.87753995,,,,
9/21/22,0.877556042,,,,
9/22/22,0.876983463,,,,
9/23/22,0.876749996,,,,
9/26/22,0.877465998,,,,
9/27/22,0.878032272,,,,
9/28/22,0.880874838,,,,
9/29/22,0.881443018,,,,
9/30/22,0.878947611,,,,
10/3/22,0.878946552,,,,
10/4/22,0.87914,,,,
10/5/22,0.881237515,,,,
10/6/22,0.880578036,,,,
10/7/22,0.880284948,,,,
10/11/22,0.880758276,,,,
10/12/22,0.880101077,,,,
10/13/22,0.878430832,,,,
10/14/22,0.877283637,,,,
10/17/22,0.878392162,,,,
10/18/22,0.878663216,,,,
10/19/22,0.877782136,,,,
10/20/22,0.873922032,,,,
10/21/22,0.872992591,,,,
10/24/22,0.870343461,,,,
10/25/22,0.870404968,,,,
10/26/22,0.870931559,,,,
10/27/22,0.864794229,,,,
10/28/22,0.864719667,,,,
10/31/22,0.865834855,,,,
11/1/22,0.864951419,,,,
11/2/22,0.864280433,,,,
11/3/22,0.862767735,,,,
11/4/22,0.863966495,,,,
11/7/22,0.863764862,,,,
11/8/22,0.86386,,,,
11/9/22,0.86434577,,,,
11/10/22,0.865445488,,,,
11/14/22,0.864134861,,,,
11/15/22,0.864814296,,,,
11/16/22,0.862005274,,,,
11/17/22,0.859856531,,,,
11/18/22,0.860272229,,,,
11/21/22,0.860034311,,,,
11/22/22,0.860214872,,,,
11/23/22,0.859568573,,,,
11/25/22,0.859610429,,,,
11/28/22,0.859601817,,,,
11/29/22,0.861027962,,,,
11/30/22,0.862137475,,,,
12/1/22,0.861630548,,,,
12/2/22,0.859046635,,,,
12/5/22,0.858275726,,,,
12/6/22,0.857969284,,,,
12/7/22,0.858349611,,,,
12/8/22,0.856335351,,,,
12/9/22,0.856514645,,,,
12/12/22,0.85507865,,,,
12/13/22,0.854211267,,,,
12/14/22,0.853058632,,,,
12/15/22,0.853304698,,,,
12/16/22,0.850974701,,,,
12/19/22,0.849990972,,,,
12/20/22,0.848952167,,,,
12/21/22,0.849278745,,,,
12/22/22,0.848937426,,,,
12/23/22,0.84871593,,,,
12/27/22,0.848338406,,,,
12/28/22,0.848330316,,,,
12/29/22,0.848213262,,,,
12/30/22,0.848515397,,,,
1/3/23,0.848912292,,,,
1/4/23,0.849156925,,,,
1/5/23,0.848823076,,,,
1/6/23,0.851732618,,,,
1/9/23,0.852052055,,,,