"Date","Libor 10 Years Mid Rate","Libor 10 Years PVBP","Libor 10 Years Modified Duration","Libor 10 Years Convexity","Libor 10 Years Value Date","Libor 10 Years Maturity Date"
09-Jan-18,2.53227,8.96002,8.96072,0.87469,20180111,20280111
10-Jan-18,2.53016,8.96056,8.96126,0.87482,20180112,20280112
11-Jan-18,2.5203,8.96832,8.97007,0.87543,20180116,20280116
12-Jan-18,2.542,8.95351,8.95526,0.87409,20180117,20280117
16-Jan-18,2.54596,8.94963,8.95032,0.87384,20180118,20280118
17-Jan-18,2.58277,8.93493,8.93563,0.87156,20180119,20280119
18-Jan-18,2.61857,8.93173,8.93312,0.86935,20180122,20280122
19-Jan-18,2.67545,8.90673,8.90812,0.86586,20180123,20280123
22-Jan-18,2.70833,8.8892,8.88989,0.86384,20180124,20280124
23-Jan-18,2.6476,8.91204,8.91274,0.86757,20180125,20280125
24-Jan-18,2.67793,8.90197,8.90266,0.86571,20180126,20280126
25-Jan-18,2.63981,8.91985,8.92124,0.86805,20180129,20280129
26-Jan-18,2.68224,8.89541,8.89679,0.86544,20180130,20280130
29-Jan-18,2.7186,8.88767,8.88836,0.86322,20180131,20280131
30-Jan-18,2.74462,8.87608,8.87677,0.86163,20180201,20280201
31-Jan-18,2.74517,8.87178,8.87246,0.8616,20180202,20280202
01-Feb-18,2.80432,8.85671,8.85807,0.858,20180205,20280205
02-Feb-18,2.88288,8.83226,8.83362,0.85325,20180206,20280206
05-Feb-18,2.81049,8.86701,8.86769,0.85763,20180207,20280207
06-Feb-18,2.79243,8.87449,8.87519,0.85872,20180208,20280208
07-Feb-18,2.85511,8.85816,8.85885,0.85492,20180209,20280209
08-Feb-18,2.86848,8.86272,8.86411,0.85412,20180212,20280212
09-Feb-18,2.83659,8.88352,8.88491,0.85604,20180213,20280213
12-Feb-18,2.86277,8.86515,8.86584,0.85446,20180214,20280214
13-Feb-18,2.84565,8.86379,8.86448,0.8555,20180215,20280215
14-Feb-18,2.926,8.829,8.8297,0.85066,20180216,20280216
15-Feb-18,2.90611,8.8383,8.84003,0.85185,20180220,20280220
16-Feb-18,2.89355,8.84286,8.84459,0.85261,20180221,20280221
20-Feb-18,2.90735,8.83586,8.83656,0.85178,20180222,20280222
21-Feb-18,2.96719,8.81386,8.81455,0.84819,20180223,20280223
22-Feb-18,2.93147,8.82879,8.83017,0.85033,20180226,20280226
23-Feb-18,2.8756,8.84086,8.84224,0.85369,20180227,20280227
26-Feb-18,2.85909,8.85153,8.84801,0.85468,20180228,20280228
27-Feb-18,2.92207,8.8185,8.81919,0.85089,20180301,20280301
28-Feb-18,2.88059,8.82931,8.83001,0.85339,20180302,20280302
01-Mar-18,2.8089,8.85761,8.85898,0.85772,20180305,20280305
02-Mar-18,2.86616,8.83245,8.83383,0.85426,20180306,20280306
05-Mar-18,2.88697,8.82636,8.82705,0.853,20180307,20280307
06-Mar-18,2.89118,8.82231,8.823,0.85275,20180308,20280308
07-Mar-18,2.90169,8.81879,8.81948,0.85212,20180309,20280309
08-Mar-18,2.89403,8.82472,8.8261,0.85258,20180312,20280312
09-Mar-18,2.91798,8.81895,8.82034,0.85114,20180313,20280313
12-Mar-18,2.89916,8.83145,8.83214,0.85227,20180314,20280314
13-Mar-18,2.89471,8.84069,8.84138,0.85254,20180315,20280315
14-Mar-18,2.85957,8.85123,8.85193,0.85466,20180316,20280316
15-Mar-18,2.86241,8.8378,8.83918,0.85448,20180319,20280319
16-Mar-18,2.89283,8.82683,8.82821,0.85265,20180320,20280320
19-Mar-18,2.88007,8.83097,8.83177,0.85342,20180321,20280321
20-Mar-18,2.9166,8.81416,8.81496,0.85122,20180322,20280322
21-Mar-18,2.95184,8.79959,8.80039,0.84911,20180323,20280323
22-Mar-18,2.87475,8.82824,8.82982,0.85374,20180326,20280326
23-Mar-18,2.86421,8.83302,8.83462,0.85438,20180327,20280327
26-Mar-18,2.87274,8.82736,8.82815,0.85386,20180328,20280328
27-Mar-18,2.81111,8.84796,8.84875,0.85759,20180329,20280329
28-Mar-18,2.79614,8.85044,8.85254,0.8585,20180403,20280403
29-Mar-18,2.77865,8.85764,8.8591,0.85956,20180404,20280404
02-Apr-18,2.76447,8.86603,8.86759,0.86042,20180404,20280404
03-Apr-18,2.80793,8.85067,8.85148,0.85778,20180405,20280405
04-Apr-18,2.82047,8.84701,8.84783,0.85702,20180406,20280406
05-Apr-18,2.86485,8.83339,8.83503,0.85434,20180409,20280409
06-Apr-18,2.80567,8.85784,8.85948,0.85792,20180410,20280410
09-Apr-18,2.80911,8.85389,8.85471,0.85771,20180411,20280411
10-Apr-18,2.82132,8.84784,8.84866,0.85697,20180412,20280412
11-Apr-18,2.82398,8.84727,8.84809,0.85681,20180413,20280413
12-Apr-18,2.8718,8.82888,8.83051,0.85392,20180416,20280416
13-Apr-18,2.86642,8.82891,8.83054,0.85424,20180417,20280417
16-Apr-18,2.86128,8.83005,8.83086,0.85455,20180418,20280418
17-Apr-18,2.84918,8.83215,8.83298,0.85528,20180419,20280419
18-Apr-18,2.89513,8.81233,8.81313,0.85251,20180420,20280420
19-Apr-18,2.93761,8.80035,8.80198,0.84996,20180423,20280423
20-Apr-18,2.98492,8.78054,8.78217,0.84713,20180424,20280424
23-Apr-18,2.99981,8.77296,8.77378,0.84624,20180425,20280425
24-Apr-18,3.00547,8.77376,8.77457,0.8459,20180426,20280426
25-Apr-18,3.05557,8.7568,8.75761,0.84292,20180427,20280427
26-Apr-18,3.01936,8.76304,8.76466,0.84507,20180430,20280430
27-Apr-18,2.9859,8.77606,8.77768,0.84707,20180501,20280501
30-Apr-18,2.9667,8.78223,8.78303,0.84822,20180502,20280502
01-May-18,3.00225,8.76723,8.76803,0.84609,20180503,20280503
02-May-18,2.9961,8.77128,8.77209,0.84646,20180504,20280504
03-May-18,2.97748,8.77908,8.78073,0.84757,20180508,20280508
04-May-18,2.97597,8.7793,8.78032,0.84766,20180509,20280509
07-May-18,2.98752,8.77551,8.77703,0.84697,20180509,20280509
08-May-18,3.00389,8.76795,8.76877,0.84599,20180510,20280510
09-May-18,3.03211,8.7554,8.75622,0.84431,20180511,20280511
10-May-18,3.0142,8.76012,8.76177,0.84538,20180514,20280514
11-May-18,3.00155,8.75647,8.75811,0.84613,20180515,20280515
14-May-18,3.01949,8.74698,8.7478,0.84506,20180516,20280516
15-May-18,3.10797,8.71498,8.7158,0.83981,20180517,20280517
16-May-18,3.12491,8.71063,8.71144,0.83881,20180518,20280518
17-May-18,3.13968,8.70953,8.71117,0.83794,20180521,20280521
18-May-18,3.09727,8.7234,8.72503,0.84045,20180522,20280522
21-May-18,3.10176,8.72165,8.72246,0.84018,20180523,20280523
22-May-18,3.09432,8.72543,8.72623,0.84062,20180524,20280524
23-May-18,3.03656,8.75536,8.75616,0.84405,20180525,20280525
24-May-18,3.01339,8.76421,8.76626,0.84543,20180529,20280529
25-May-18,2.97158,8.77698,8.77904,0.84792,20180530,20280530
29-May-18,2.80499,8.86176,8.86258,0.85796,20180531,20280531
30-May-18,2.8808,8.82165,8.82248,0.85337,20180601,20280601
31-May-18,2.87271,8.82648,8.82814,0.85386,20180604,20280604
01-Jun-18,2.94653,8.79145,8.7931,0.84942,20180605,20280605
04-Jun-18,2.99229,8.774,8.77487,0.84669,20180606,20280606
05-Jun-18,2.97514,8.78246,8.78333,0.84771,20180607,20280607
06-Jun-18,3.03189,8.76054,8.76141,0.84433,20180608,20280608
07-Jun-18,2.991,8.77552,8.7773,0.84676,20180611,20280611
08-Jun-18,2.99535,8.77086,8.77265,0.8465,20180612,20280612
11-Jun-18,3.01862,8.75981,8.76072,0.84512,20180613,20280613
12-Jun-18,3.01741,8.7555,8.75642,0.84519,20180614,20280614
13-Jun-18,3.03952,8.74331,8.74422,0.84387,20180615,20280615
14-Jun-18,3.00775,8.75335,8.75518,0.84576,20180618,20280618
15-Jun-18,2.98453,8.75738,8.75922,0.84715,20180619,20280619
18-Jun-18,2.9892,8.75473,8.75565,0.84687,20180620,20280620
19-Jun-18,2.95874,8.77109,8.77201,0.84869,20180621,20280621
20-Jun-18,2.98834,8.75678,8.7577,0.84692,20180622,20280622
21-Jun-18,2.96008,8.76578,8.76761,0.84861,20180625,20280625
22-Jun-18,2.96462,8.76295,8.76479,0.84834,20180626,20280626
25-Jun-18,2.94142,8.77305,8.77398,0.84973,20180627,20280627
26-Jun-18,2.9469,8.77186,8.77279,0.8494,20180628,20280628
27-Jun-18,2.89902,8.79723,8.79816,0.85228,20180629,20280629
28-Jun-18,2.91775,8.78856,8.79044,0.85115,20180702,20280702
29-Jun-18,2.92513,8.78362,8.78547,0.85071,20180703,20280703
02-Jul-18,2.94407,8.77614,8.77752,0.84957,20180705,20280705
03-Jul-18,2.9148,8.78704,8.78843,0.85133,20180706,20280706
05-Jul-18,2.91917,8.78325,8.7851,0.85107,20180709,20280709
06-Jul-18,2.91004,8.78707,8.78892,0.85161,20180710,20280710
09-Jul-18,2.93924,8.77564,8.77656,0.84986,20180711,20280711
10-Jul-18,2.9495,8.76894,8.76986,0.84925,20180712,20280712
11-Jul-18,2.9153,8.7835,8.78442,0.8513,20180713,20280713
12-Jul-18,2.9219,8.78031,8.78215,0.8509,20180716,20280716
13-Jul-18,2.89728,8.7884,8.79024,0.85238,20180717,20280717
16-Jul-18,2.91583,8.78078,8.7817,0.85127,20180718,20280718
17-Jul-18,2.92588,8.77328,8.7742,0.85066,20180719,20280719
18-Jul-18,2.94138,8.76667,8.76759,0.84973,20180720,20280720
19-Jul-18,2.91503,8.77627,8.77812,0.85131,20180723,20280723
20-Jul-18,2.95468,8.7584,8.76024,0.84894,20180724,20280724
23-Jul-18,3.01804,8.7325,8.73342,0.84515,20180725,20280725
24-Jul-18,3.00315,8.7346,8.73552,0.84604,20180726,20280726
25-Jul-18,2.98851,8.74123,8.74215,0.84691,20180727,20280727
26-Jul-18,3.02365,8.72108,8.72292,0.84482,20180730,20280730
27-Jul-18,3.01826,8.72755,8.7294,0.84514,20180731,20280731
30-Jul-18,3.03754,8.72199,8.7229,0.84399,20180801,20280801
31-Jul-18,3.02889,8.72816,8.72906,0.84451,20180802,20280802
01-Aug-18,3.07058,8.71474,8.71564,0.84203,20180803,20280803
02-Aug-18,3.05626,8.72161,8.72343,0.84288,20180806,20280806
03-Aug-18,3.02529,8.73278,8.73462,0.84472,20180807,20280807
06-Aug-18,3.00923,8.73958,8.7405,0.84568,20180808,20280808
07-Aug-18,3.03441,8.72667,8.72759,0.84418,20180809,20280809
08-Aug-18,3.02394,8.72897,8.72989,0.8448,20180810,20280810
09-Aug-18,2.99277,8.74056,8.7424,0.84666,20180813,20280813
10-Aug-18,2.91905,8.76943,8.77128,0.85107,20180814,20280814
13-Aug-18,2.93585,8.76262,8.76354,0.85006,20180815,20280815
14-Aug-18,2.96022,8.75255,8.75347,0.8486,20180816,20280816
15-Aug-18,2.9155,8.77311,8.77403,0.85129,20180817,20280817
16-Aug-18,2.93794,8.76515,8.767,0.84994,20180820,20280820
17-Aug-18,2.94344,8.76033,8.76218,0.84961,20180821,20280821
20-Aug-18,2.89664,8.78025,8.78117,0.85242,20180822,20280822
21-Aug-18,2.91329,8.77206,8.77298,0.85142,20180823,20280823
22-Aug-18,2.89499,8.77933,8.78025,0.85252,20180824,20280824
23-Aug-18,2.89226,8.77532,8.77796,0.85268,20180828,20280828
24-Aug-18,2.90012,8.77187,8.77862,0.85221,20180829,20280829
27-Aug-18,2.92619,8.76875,8.77038,0.85064,20180829,20280829
28-Aug-18,2.95569,8.75895,8.75985,0.84888,20180830,20280830
29-Aug-18,2.9566,8.7685,8.76871,0.84882,20180831,20280831
30-Aug-18,2.93456,8.76469,8.76701,0.85014,20180904,20280904
31-Aug-18,2.92218,8.77022,8.77253,0.85089,20180905,20280905
04-Sep-18,2.96627,8.75425,8.75517,0.84824,20180906,20280906
05-Sep-18,2.9624,8.7515,8.75242,0.84847,20180907,20280907
06-Sep-18,2.93708,8.75968,8.76153,0.84999,20180910,20280910
07-Sep-18,3.00535,8.72951,8.73135,0.84591,20180911,20280911
10-Sep-18,2.99732,8.7345,8.73542,0.84639,20180912,20280912
11-Sep-18,3.04571,8.71326,8.71418,0.8435,20180913,20280913
12-Sep-18,3.02878,8.71647,8.71739,0.84451,20180914,20280914
13-Sep-18,3.03228,8.71174,8.71357,0.8443,20180917,20280917
14-Sep-18,3.06069,8.69759,8.69941,0.84261,20180918,20280918
17-Sep-18,3.06545,8.6959,8.69687,0.84233,20180919,20280919
18-Sep-18,3.10425,8.67908,8.68005,0.84003,20180920,20280920
19-Sep-18,3.13813,8.66899,8.66996,0.83803,20180921,20280921
20-Sep-18,3.14265,8.67059,8.67258,0.83777,20180924,20280924
21-Sep-18,3.1263,8.67534,8.67732,0.83873,20180925,20280925
24-Sep-18,3.13076,8.67532,8.67631,0.83847,20180926,20280926
25-Sep-18,3.15613,8.66762,8.66865,0.83697,20180927,20280927
26-Sep-18,3.11968,8.68032,8.68136,0.83912,20180928,20280928
27-Sep-18,3.11578,8.68114,8.68321,0.83935,20181001,20281001
28-Sep-18,3.11471,8.68114,8.68323,0.83941,20181002,20281002
01-Oct-18,3.13272,8.67503,8.67606,0.83835,20181003,20281003
02-Oct-18,3.10964,8.68358,8.68462,0.83971,20181004,20281004
03-Oct-18,3.20577,8.64667,8.64771,0.83405,20181005,20281005
04-Oct-18,3.23779,8.63128,8.63387,0.83218,20181009,20281009
05-Oct-18,3.26615,8.61732,8.61991,0.83052,20181010,20281010
09-Oct-18,3.25468,8.62539,8.62642,0.83119,20181011,20281011
10-Oct-18,3.2679,8.62265,8.62368,0.83042,20181012,20281012
11-Oct-18,3.1787,8.66199,8.66407,0.83564,20181015,20281015
12-Oct-18,3.18345,8.65685,8.65893,0.83536,20181016,20281016
15-Oct-18,3.20984,8.65022,8.65126,0.83381,20181017,20281017
16-Oct-18,3.21338,8.65234,8.65338,0.83361,20181018,20281018
17-Oct-18,3.24269,8.64246,8.64349,0.83189,20181019,20281019
18-Oct-18,3.24403,8.6522,8.65428,0.83181,20181022,20281022
19-Oct-18,3.26814,8.63729,8.63937,0.8304,20181023,20281023
22-Oct-18,3.25675,8.63731,8.63835,0.83107,20181024,20281024
23-Oct-18,3.23205,8.65151,8.65255,0.83251,20181025,20281025
24-Oct-18,3.19181,8.66993,8.67097,0.83487,20181026,20281026
25-Oct-18,3.19712,8.6703,8.67241,0.83456,20181029,20281029
26-Oct-18,3.1369,8.69081,8.69291,0.8381,20181030,20281030
29-Oct-18,3.1524,8.68866,8.68971,0.83719,20181031,20281031
30-Oct-18,3.17719,8.67313,8.67416,0.83573,20181101,20281101
31-Oct-18,3.22519,8.6521,8.65312,0.83292,20181102,20281102
01-Nov-18,3.21025,8.66079,8.66287,0.83379,20181105,20281105
02-Nov-18,3.27331,8.63341,8.63549,0.8301,20181106,20281106
05-Nov-18,3.25934,8.63676,8.63781,0.83092,20181107,20281107
06-Nov-18,3.26939,8.62895,8.63,0.83033,20181108,20281108
07-Nov-18,3.27079,8.62641,8.62745,0.83025,20181109,20281109
08-Nov-18,3.28476,8.61682,8.61943,0.82944,20181113,20281113
09-Nov-18,3.24711,8.63163,8.63425,0.83163,20181114,20281114
13-Nov-18,3.20284,8.65192,8.65296,0.83423,20181115,20281115
14-Nov-18,3.18106,8.66425,8.66531,0.8355,20181116,20281116
15-Nov-18,3.18176,8.66948,8.67158,0.83546,20181119,20281119
16-Nov-18,3.13533,8.68966,8.69176,0.8382,20181120,20281120
19-Nov-18,3.11467,8.70161,8.70266,0.83942,20181121,20281121
20-Nov-18,3.11358,8.70091,8.70249,0.83948,20181123,20281123
21-Nov-18,3.12613,8.69433,8.69696,0.83874,20181126,20281126
23-Nov-18,3.1164,8.69805,8.70016,0.83931,20181127,20281127
26-Nov-18,3.13031,8.69247,8.69352,0.83849,20181128,20281128
27-Nov-18,3.10878,8.69495,8.696,0.83977,20181129,20281129
28-Nov-18,3.08323,8.70421,8.70526,0.84128,20181130,20281130
29-Nov-18,3.07682,8.70612,8.70823,0.84166,20181203,20281203
30-Nov-18,3.05621,8.70727,8.70937,0.84288,20181204,20281204
03-Dec-18,3.04802,8.71133,8.71291,0.84337,20181206,20281206
04-Dec-18,2.9841,8.73366,8.73524,0.84718,20181207,20281207
06-Dec-18,2.94344,8.7608,8.76292,0.84961,20181210,20281210
07-Dec-18,2.90181,8.78092,8.78305,0.85211,20181211,20281211
10-Dec-18,2.88351,8.78932,8.79038,0.85321,20181212,20281212
11-Dec-18,2.91108,8.77467,8.77573,0.85155,20181213,20281213
12-Dec-18,2.94089,8.75909,8.76015,0.84976,20181214,20281214
13-Dec-18,2.94525,8.76022,8.76232,0.8495,20181217,20281217
14-Dec-18,2.92243,8.76935,8.77145,0.85087,20181218,20281218
17-Dec-18,2.89121,8.78402,8.78516,0.85275,20181219,20281219
18-Dec-18,2.8421,8.80447,8.80561,0.85571,20181220,20281220
19-Dec-18,2.80353,8.81402,8.81519,0.85805,20181221,20281221
20-Dec-18,2.82544,8.80836,8.81068,0.85672,20181224,20281224
21-Dec-18,2.83254,8.80067,8.80365,0.85629,20181227,20281227
24-Dec-18,2.77335,8.83039,8.83154,0.85988,20181228,20281228
26-Dec-18,2.81372,8.80485,8.813,0.85743,20181228,20281228
27-Dec-18,2.76069,8.8352,8.83758,0.86065,20181231,20281231
28-Dec-18,2.75577,8.83623,8.83915,0.86095,20190102,20290102
31-Dec-18,2.72043,8.85325,8.85499,0.86311,20190103,20290103
02-Jan-19,2.69176,8.86195,8.86311,0.86486,20190104,20290104
03-Jan-19,2.56993,8.92884,8.93119,0.87236,20190107,20290107
04-Jan-19,2.68825,8.87447,8.87681,0.86507,20190108,20290108
07-Jan-19,2.70713,8.86305,8.86421,0.86392,20190109,20290109
08-Jan-19,2.74231,8.84156,8.84273,0.86177,20190110,20290110
09-Jan-19,2.75145,8.8437,8.84487,0.86121,20190111,20290111
10-Jan-19,2.75421,8.84498,8.84731,0.86104,20190114,20290114
11-Jan-19,2.72296,8.85616,8.8585,0.86295,20190115,20290115
14-Jan-19,2.73361,8.85315,8.85431,0.8623,20190116,20290116
15-Jan-19,2.73557,8.85275,8.85392,0.86218,20190117,20290117
16-Jan-19,2.75935,8.84602,8.84718,0.86073,20190118,20290118
17-Jan-19,2.77825,8.8341,8.83701,0.85958,20190122,20290122
18-Jan-19,2.81395,8.81496,8.81787,0.85742,20190123,20290123
22-Jan-19,2.76232,8.84084,8.842,0.86055,20190124,20290124
23-Jan-19,2.78439,8.83013,8.8313,0.85921,20190125,20290125
24-Jan-19,2.74236,8.84848,8.85081,0.86177,20190128,20290128
25-Jan-19,2.78152,8.83056,8.83289,0.85938,20190129,20290129
28-Jan-19,2.77055,8.83176,8.83292,0.86005,20190130,20290130
29-Jan-19,2.74071,8.84599,8.84716,0.86187,20190131,20290131
30-Jan-19,2.72213,8.85419,8.85534,0.863,20190201,20290201
31-Jan-19,2.65862,8.88409,8.88642,0.86689,20190204,20290204
01-Feb-19,2.718,8.85582,8.85815,0.86325,20190205,20290205
04-Feb-19,2.7464,8.84651,8.84767,0.86152,20190206,20290206
05-Feb-19,2.7278,8.8551,8.85626,0.86266,20190207,20290207
06-Feb-19,2.72293,8.85718,8.85835,0.86295,20190208,20290208
07-Feb-19,2.67805,8.87635,8.87869,0.8657,20190211,20290211
08-Feb-19,2.65611,8.8826,8.88494,0.86704,20190212,20290212
11-Feb-19,2.68364,8.86976,8.87092,0.86536,20190213,20290213
12-Feb-19,2.70571,8.86081,8.86197,0.86401,20190214,20290214
13-Feb-19,2.72769,8.84916,8.85032,0.86266,20190215,20290215
14-Feb-19,2.68661,8.86911,8.87203,0.86517,20190219,20290219
15-Feb-19,2.69392,8.86142,8.86433,0.86473,20190220,20290220
19-Feb-19,2.66877,8.87219,8.87335,0.86627,20190221,20290221
20-Feb-19,2.67205,8.86882,8.86999,0.86607,20190222,20290222
21-Feb-19,2.69559,8.85989,8.86223,0.86462,20190225,20290225
22-Feb-19,2.6657,8.87282,8.87515,0.86646,20190226,20290226
25-Feb-19,2.67875,8.86957,8.87074,0.86566,20190227,20290227
26-Feb-19,2.63831,8.88401,8.88582,0.86814,20190228,20290228
27-Feb-19,2.69611,8.86104,8.86221,0.86459,20190301,20290301
28-Feb-19,2.71911,8.85331,8.85564,0.86319,20190304,20290304
01-Mar-19,2.76266,8.83017,8.8325,0.86053,20190305,20290305
04-Mar-19,2.72754,8.84362,8.84479,0.86267,20190306,20290306
05-Mar-19,2.73293,8.84024,8.8414,0.86234,20190307,20290307
06-Mar-19,2.70815,8.8493,8.85047,0.86386,20190308,20290308
07-Mar-19,2.65467,8.87436,8.8767,0.86713,20190311,20290311
08-Mar-19,2.64276,8.8764,8.87874,0.86787,20190312,20290312
11-Mar-19,2.65952,8.87251,8.87368,0.86684,20190313,20290313
12-Mar-19,2.61922,8.88961,8.89078,0.86931,20190314,20290314
13-Mar-19,2.62094,8.88968,8.89085,0.86921,20190315,20290315
14-Mar-19,2.64181,8.88336,8.88569,0.86792,20190318,20290318
15-Mar-19,2.60903,8.89633,8.89867,0.86994,20190319,20290319
18-Mar-19,2.61432,8.89496,8.89613,0.86962,20190320,20290320
19-Mar-19,2.61893,8.89029,8.89146,0.86933,20190321,20290321
20-Mar-19,2.54243,8.92342,8.9246,0.87406,20190322,20290322
21-Mar-19,2.53547,8.92406,8.9264,0.87449,20190325,20290325
22-Mar-19,2.43777,8.96233,8.96469,0.88058,20190326,20290326
25-Mar-19,2.37055,8.99383,8.995,0.8848,20190327,20290327
26-Mar-19,2.37165,8.99031,8.99149,0.88473,20190328,20290328
27-Mar-19,2.34343,9.00223,9.00343,0.8865,20190329,20290329
28-Mar-19,2.37852,8.99162,8.99396,0.88429,20190401,20290401
29-Mar-19,2.41429,8.97128,8.97364,0.88205,20190402,20290402
01-Apr-19,2.49643,8.9398,8.94098,0.87692,20190403,20290403
02-Apr-19,2.46855,8.95197,8.95315,0.87866,20190404,20290404
03-Apr-19,2.4973,8.93916,8.94034,0.87686,20190405,20290405
04-Apr-19,2.49262,8.93872,8.94108,0.87716,20190408,20290408
05-Apr-19,2.48329,8.9396,8.94196,0.87774,20190409,20290409
08-Apr-19,2.50267,8.93197,8.93315,0.87653,20190410,20290410
09-Apr-19,2.48051,8.94134,8.94252,0.87791,20190411,20290411
10-Apr-19,2.45784,8.95158,8.95277,0.87932,20190412,20290412
11-Apr-19,2.48822,8.93614,8.9385,0.87743,20190415,20290415
12-Apr-19,2.54526,8.90972,8.91207,0.87388,20190416,20290416
15-Apr-19,2.54286,8.91162,8.91279,0.87403,20190417,20290417
16-Apr-19,2.58166,8.89672,8.89789,0.87163,20190418,20290418
17-Apr-19,2.58374,8.89532,8.89832,0.8715,20190423,20290423
18-Apr-19,2.54825,8.91005,8.91244,0.8737,20190424,20290424
22-Apr-19,2.57195,8.9035,8.90532,0.87223,20190424,20290424
23-Apr-19,2.54985,8.91433,8.91552,0.8736,20190425,20290425
24-Apr-19,2.50326,8.93479,8.93599,0.87649,20190426,20290426
25-Apr-19,2.52091,8.92915,8.93154,0.8754,20190429,20290429
26-Apr-19,2.48891,8.94376,8.94615,0.87739,20190430,20290430
29-Apr-19,2.5151,8.93376,8.93493,0.87576,20190501,20290501
30-Apr-19,2.49132,8.94568,8.94686,0.87724,20190502,20290502
01-May-19,2.50495,8.93764,8.93881,0.87639,20190503,20290503
02-May-19,2.54141,8.9158,8.91816,0.87412,20190507,20290507
03-May-19,2.51463,8.92523,8.92699,0.87579,20190508,20290508
06-May-19,2.47882,8.94247,8.94438,0.87801,20190508,20290508
07-May-19,2.42668,8.96501,8.96618,0.88127,20190509,20290509
08-May-19,2.4607,8.95042,8.95159,0.87915,20190510,20290510
09-May-19,2.4356,8.96294,8.96528,0.88071,20190513,20290513
10-May-19,2.43383,8.96186,8.96419,0.88083,20190514,20290514
13-May-19,2.37415,8.99276,8.99393,0.88457,20190515,20290515
14-May-19,2.38328,8.9893,8.99047,0.88399,20190516,20290516
15-May-19,2.33262,9.01188,9.01306,0.88719,20190517,20290517
16-May-19,2.35802,8.99908,9.00144,0.88558,20190520,20290520
17-May-19,2.34555,9.00098,9.00334,0.88637,20190521,20290521
20-May-19,2.36466,8.99164,8.99282,0.88517,20190522,20290522
21-May-19,2.37675,8.98205,8.98322,0.88441,20190523,20290523
22-May-19,2.34669,8.99598,8.99716,0.8863,20190524,20290524
23-May-19,2.23967,9.04827,9.05123,0.89307,20190528,20290528
24-May-19,2.27429,9.02948,9.03243,0.89088,20190529,20290529
28-May-19,2.22034,9.05278,9.05396,0.89431,20190530,20290530
29-May-19,2.18766,9.06795,9.06914,0.89639,20190531,20290531
30-May-19,2.18459,9.07082,9.0732,0.89659,20190603,20290603
31-May-19,2.09276,9.11595,9.11834,0.90248,20190604,20290604
03-Jun-19,2.03642,9.15139,9.15259,0.90611,20190605,20290605
04-Jun-19,2.09,9.13019,9.13138,0.90266,20190606,20290606
05-Jun-19,2.10057,9.13155,9.13274,0.90197,20190607,20290607
06-Jun-19,2.10677,9.12332,9.1257,0.90158,20190610,20290610
07-Jun-19,2.07285,9.13761,9.13999,0.90376,20190611,20290611
10-Jun-19,2.12048,9.11599,9.11718,0.90069,20190612,20290612
11-Jun-19,2.10763,9.12322,9.12441,0.90152,20190613,20290613
12-Jun-19,2.08348,9.13622,9.13741,0.90308,20190614,20290614
13-Jun-19,2.03354,9.1632,9.16558,0.9063,20190617,20290617
14-Jun-19,2.02379,9.1596,9.16198,0.90693,20190618,20290618
17-Jun-19,2.02707,9.15671,9.15789,0.90672,20190619,20290619
18-Jun-19,1.99848,9.1658,9.16697,0.90857,20190620,20290620
19-Jun-19,1.96487,9.19164,9.19284,0.91076,20190621,20290621
20-Jun-19,1.93642,9.20558,9.20798,0.91261,20190624,20290624
21-Jun-19,1.99551,9.17645,9.17884,0.90877,20190625,20290625
24-Jun-19,1.94855,9.20081,9.202,0.91182,20190626,20290626
25-Jun-19,1.9153,9.20977,9.21097,0.91399,20190627,20290627
26-Jun-19,1.97803,9.17956,9.18076,0.9099,20190628,20290628
27-Jun-19,1.9407,9.19858,9.20098,0.91233,20190701,20290701
28-Jun-19,1.9553,9.19201,9.1943,0.91138,20190702,20290702
01-Jul-19,1.99088,9.17481,9.176,0.90907,20190703,20290703
02-Jul-19,1.93284,9.20019,9.20199,0.91285,20190705,20290705
03-Jul-19,1.9069,9.20867,9.21168,0.91454,20190708,20290708
05-Jul-19,1.9947,9.1623,9.1647,0.90882,20190709,20290709
08-Jul-19,1.97416,9.17135,9.17255,0.91015,20190710,20290710
09-Jul-19,1.99281,9.16197,9.16318,0.90894,20190711,20290711
10-Jul-19,2.006,9.16832,9.16953,0.90809,20190712,20290712
11-Jul-19,2.06967,9.14061,9.14301,0.90397,20190715,20290715
12-Jul-19,2.04632,9.15006,9.15246,0.90547,20190716,20290716
15-Jul-19,2.02513,9.16007,9.16123,0.90685,20190717,20290717
16-Jul-19,2.05445,9.14765,9.1488,0.90495,20190718,20290718
17-Jul-19,1.99495,9.17427,9.17542,0.9088,20190719,20290719
18-Jul-19,1.96671,9.20253,9.20481,0.91064,20190722,20290722
19-Jul-19,1.98136,9.18689,9.18919,0.90969,20190723,20290723
22-Jul-19,1.97594,9.19296,9.1941,0.91004,20190724,20290724
23-Jul-19,2.00083,9.181,9.18214,0.90842,20190725,20290725
24-Jul-19,1.97501,9.19105,9.19219,0.9101,20190726,20290726
25-Jul-19,1.9871,9.1915,9.19373,0.90931,20190729,20290729
26-Jul-19,2.0049,9.17785,9.18005,0.90816,20190730,20290730
29-Jul-19,1.97362,9.19473,9.19581,0.91019,20190731,20290731
30-Jul-19,1.97585,9.18781,9.18887,0.91004,20190801,20290801
31-Jul-19,1.95009,9.18709,9.18817,0.91172,20190802,20290802
01-Aug-19,1.80978,9.26309,9.26527,0.92092,20190805,20290805
02-Aug-19,1.77318,9.27294,9.27512,0.92334,20190806,20290806
05-Aug-19,1.61729,9.35092,9.35201,0.93372,20190807,20290807
06-Aug-19,1.6389,9.3354,9.33649,0.93228,20190808,20290808
07-Aug-19,1.55592,9.36923,9.37032,0.93785,20190809,20290809
08-Aug-19,1.58379,9.35558,9.35777,0.93597,20190812,20290812
09-Aug-19,1.61871,9.33791,9.34009,0.93363,20190813,20290813
12-Aug-19,1.53137,9.37888,9.37998,0.93951,20190814,20290814
13-Aug-19,1.5779,9.34463,9.34572,0.93637,20190815,20290815
14-Aug-19,1.46964,9.39148,9.39257,0.94369,20190816,20290816
15-Aug-19,1.41112,9.42276,9.42495,0.94767,20190819,20290819
16-Aug-19,1.42855,9.41776,9.41996,0.94648,20190820,20290820
19-Aug-19,1.49563,9.39016,9.39126,0.94192,20190821,20290821
20-Aug-19,1.45807,9.40709,9.40819,0.94447,20190822,20290822
21-Aug-19,1.48111,9.39317,9.39427,0.94291,20190823,20290823
22-Aug-19,1.52643,9.37189,9.37431,0.93984,20190827,20290827
23-Aug-19,1.43663,9.41603,9.4179,0.94593,20190828,20290828
26-Aug-19,1.45906,9.40491,9.4066,0.9444,20190828,20290828
27-Aug-19,1.39918,9.43372,9.43482,0.94848,20190829,20290829
28-Aug-19,1.36322,9.45146,9.45256,0.95094,20190830,20290830
29-Aug-19,1.41112,9.42767,9.43043,0.94767,20190903,20290903
30-Aug-19,1.39022,9.43692,9.43969,0.9491,20190904,20290904
03-Sep-19,1.33959,9.46753,9.46864,0.95256,20190905,20290905
04-Sep-19,1.34228,9.47541,9.47652,0.95238,20190906,20290906
05-Sep-19,1.45156,9.4232,9.42541,0.94491,20190909,20290909
06-Sep-19,1.43078,9.42874,9.43094,0.94633,20190910,20290910
09-Sep-19,1.51106,9.39645,9.39754,0.94088,20190911,20290911
10-Sep-19,1.58648,9.35708,9.35817,0.93579,20190912,20290912
11-Sep-19,1.61458,9.34485,9.34594,0.9339,20190913,20290913
12-Sep-19,1.67098,9.31699,9.31917,0.93013,20190916,20290916
13-Sep-19,1.78878,9.26469,9.26686,0.92231,20190917,20290917
16-Sep-19,1.7251,9.29606,9.29705,0.92653,20190918,20290918
17-Sep-19,1.69198,9.30721,9.30822,0.92873,20190919,20290919
18-Sep-19,1.66096,9.31451,9.3155,0.9308,20190920,20290920
19-Sep-19,1.64395,9.32494,9.3269,0.93194,20190923,20290923
20-Sep-19,1.63489,9.31684,9.31876,0.93254,20190924,20290924
23-Sep-19,1.58923,9.33971,9.34067,0.93561,20190925,20290925
24-Sep-19,1.50459,9.38156,9.38256,0.94132,20190926,20290926
25-Sep-19,1.6004,9.33497,9.33594,0.93486,20190927,20290927
26-Sep-19,1.55912,9.34199,9.34392,0.93763,20190930,20290930
27-Sep-19,1.56611,9.34572,9.34763,0.93716,20191001,20291001
30-Sep-19,1.56758,9.34537,9.34632,0.93706,20191002,20291002
01-Oct-19,1.54455,9.36491,9.36586,0.93862,20191003,20291003
02-Oct-19,1.50036,9.39161,9.39256,0.9416,20191004,20291004
03-Oct-19,1.43803,9.43221,9.43413,0.94583,20191007,20291007
04-Oct-19,1.4283,9.43077,9.43268,0.9465,20191008,20291008
07-Oct-19,1.47121,9.40477,9.40572,0.94358,20191009,20291009
08-Oct-19,1.45217,9.41892,9.41988,0.94487,20191010,20291010
09-Oct-19,1.49721,9.39465,9.3956,0.94181,20191011,20291011
10-Oct-19,1.56526,9.36272,9.36509,0.93722,20191015,20291015
11-Oct-19,1.6759,9.30806,9.3104,0.9298,20191016,20291016
15-Oct-19,1.69646,9.29867,9.29959,0.92843,20191017,20291017
16-Oct-19,1.66468,9.31613,9.31704,0.93055,20191018,20291018
17-Oct-19,1.67682,9.31182,9.31364,0.92974,20191021,20291021
18-Oct-19,1.68535,9.31174,9.31354,0.92917,20191022,20291022
21-Oct-19,1.72645,9.29379,9.29469,0.92644,20191023,20291023
22-Oct-19,1.69634,9.30639,9.30728,0.92844,20191024,20291024
23-Oct-19,1.68167,9.31334,9.31423,0.92942,20191025,20291025
24-Oct-19,1.68639,9.31264,9.31439,0.9291,20191028,20291028
25-Oct-19,1.71799,9.29769,9.29941,0.927,20191029,20291029
28-Oct-19,1.7703,9.27724,9.27809,0.92353,20191030,20291030
29-Oct-19,1.749,9.28911,9.28993,0.92494,20191031,20291031
30-Oct-19,1.70848,9.29787,9.29868,0.92763,20191101,20291101
31-Oct-19,1.59668,9.35263,9.35427,0.93511,20191104,20291104
01-Nov-19,1.64333,9.32529,9.32692,0.93198,20191105,20291105
04-Nov-19,1.7057,9.29892,9.29973,0.92782,20191106,20291106
05-Nov-19,1.7807,9.26617,9.26697,0.92284,20191107,20291107
06-Nov-19,1.7308,9.2872,9.288,0.92615,20191108,20291108
07-Nov-19,1.83917,9.23913,9.24114,0.91899,20191112,20291112
08-Nov-19,1.84083,9.23787,9.23986,0.91888,20191113,20291113
12-Nov-19,1.81266,9.2493,9.2501,0.92073,20191114,20291114
13-Nov-19,1.77024,9.26982,9.27062,0.92353,20191115,20291115
14-Nov-19,1.71929,9.29474,9.29634,0.92691,20191118,20291118
15-Nov-19,1.73701,9.2808,9.2824,0.92574,20191119,20291119
18-Nov-19,1.7041,9.29682,9.29762,0.92792,20191120,20291120
19-Nov-19,1.67893,9.30854,9.30934,0.9296,20191121,20291121
20-Nov-19,1.63086,9.33182,9.33262,0.93281,20191122,20291122
21-Nov-19,1.65809,9.31721,9.31882,0.93099,20191125,20291125
22-Nov-19,1.67086,9.3097,9.31131,0.93014,20191126,20291126
25-Nov-19,1.66908,9.31138,9.31217,0.93026,20191127,20291127
26-Nov-19,1.65254,9.31984,9.32104,0.93136,20191129,20291129
27-Nov-19,1.69009,9.30089,9.30289,0.92886,20191202,20291202
29-Nov-19,1.70363,9.29532,9.29692,0.92796,20191203,20291203
02-Dec-19,1.75661,9.27545,9.27624,0.92444,20191204,20291204
03-Dec-19,1.63032,9.33216,9.33296,0.93285,20191205,20291205
04-Dec-19,1.70503,9.29668,9.29748,0.92786,20191206,20291206
05-Dec-19,1.72386,9.29063,9.29221,0.92661,20191209,20291209
06-Dec-19,1.77363,9.26482,9.26641,0.92331,20191210,20291210
09-Dec-19,1.76196,9.26813,9.26892,0.92408,20191211,20291211
10-Dec-19,1.75658,9.26869,9.26949,0.92444,20191212,20291212
11-Dec-19,1.71573,9.28785,9.28865,0.92715,20191213,20291213
12-Dec-19,1.83474,9.24011,9.24169,0.91928,20191216,20291216
13-Dec-19,1.75112,9.27265,9.27422,0.9248,20191217,20291217
16-Dec-19,1.83303,9.23666,9.23744,0.91939,20191218,20291218
17-Dec-19,1.83598,9.23716,9.23796,0.9192,20191219,20291219
18-Dec-19,1.87208,9.22304,9.22384,0.91682,20191220,20291220
19-Dec-19,1.85756,9.23221,9.23381,0.91778,20191223,20291223
20-Dec-19,1.87397,9.22253,9.22414,0.9167,20191224,20291224
23-Dec-19,1.89025,9.2123,9.21355,0.91563,20191227,20291227
24-Dec-19,1.86733,9.22269,9.22501,0.91714,20191230,20291230
26-Dec-19,1.86102,9.22403,9.22873,0.91755,20191230,20291230
27-Dec-19,1.83391,9.24335,9.24507,0.91933,20191231,20291231
30-Dec-19,1.86113,9.22858,9.22977,0.91754,20200102,20300102
31-Dec-19,1.88246,9.22005,9.22122,0.91614,20200103,20300103
02-Jan-20,1.85026,9.23451,9.23609,0.91826,20200106,20300106
03-Jan-20,1.7523,9.27288,9.27446,0.92472,20200107,20300107
06-Jan-20,1.74992,9.2774,9.27819,0.92488,20200108,20300108
07-Jan-20,1.76901,9.2686,9.26939,0.92362,20200109,20300109
08-Jan-20,1.81625,9.24552,9.24631,0.92049,20200110,20300110
09-Jan-20,1.7997,9.25377,9.25535,0.92159,20200113,20300113
10-Jan-20,1.77064,9.26003,9.26161,0.92351,20200114,20300114
13-Jan-20,1.79412,9.25211,9.2529,0.92196,20200115,20300115
14-Jan-20,1.77184,9.26207,9.26287,0.92343,20200116,20300116
15-Jan-20,1.75039,9.26664,9.26744,0.92485,20200117,20300117
16-Jan-20,1.76271,9.26319,9.26517,0.92403,20200121,20300121
17-Jan-20,1.79362,9.25008,9.25207,0.92199,20200122,20300122
21-Jan-20,1.73063,9.27833,9.27913,0.92616,20200123,20300123
22-Jan-20,1.72419,9.28074,9.28153,0.92659,20200124,20300124
23-Jan-20,1.68789,9.2953,9.2969,0.929,20200127,20300127
24-Jan-20,1.62481,9.32021,9.32182,0.93322,20200128,20300128
27-Jan-20,1.54496,9.36201,9.36282,0.93859,20200129,20300129
28-Jan-20,1.58738,9.34013,9.34094,0.93573,20200130,20300130
29-Jan-20,1.54694,9.36009,9.36091,0.93845,20200131,20300131
30-Jan-20,1.49905,9.38124,9.38288,0.94169,20200203,20300203
31-Jan-20,1.46282,9.39779,9.39944,0.94415,20200204,20300204
03-Feb-20,1.47214,9.39128,9.3921,0.94352,20200205,20300205
04-Feb-20,1.55525,9.35091,9.35173,0.93789,20200206,20300206
05-Feb-20,1.60731,9.32751,9.32832,0.93439,20200207,20300207
06-Feb-20,1.60082,9.32779,9.32943,0.93483,20200210,20300210
07-Feb-20,1.53106,9.35211,9.35374,0.93953,20200211,20300211
10-Feb-20,1.49275,9.3722,9.37302,0.94212,20200212,20300212
11-Feb-20,1.53198,9.35284,9.35366,0.93946,20200213,20300213
12-Feb-20,1.58287,9.33221,9.33302,0.93603,20200214,20300214
13-Feb-20,1.56512,9.34162,9.34366,0.93723,20200218,20300218
14-Feb-20,1.53106,9.3563,9.35833,0.93953,20200219,20300219
18-Feb-20,1.49256,9.37343,9.37424,0.94213,20200220,20300220
19-Feb-20,1.51135,9.36505,9.36586,0.94086,20200221,20300221
20-Feb-20,1.46212,9.38668,9.38832,0.9442,20200224,20300224
21-Feb-20,1.39258,9.41382,9.41545,0.94893,20200225,20300225
24-Feb-20,1.30383,9.45711,9.45793,0.95502,20200226,20300226
25-Feb-20,1.26704,9.47757,9.47839,0.95756,20200227,20300227
26-Feb-20,1.25483,9.48579,9.48695,0.9584,20200228,20300228
27-Feb-20,1.24656,9.50602,9.50781,0.95898,20200302,20300302
28-Feb-20,1.08601,9.59837,9.59906,0.97016,20200303,20300303
02-Mar-20,1.07539,9.60317,9.60392,0.97091,20200304,20300304
03-Mar-20,0.98681,9.65413,9.65473,0.97715,20200305,20300305
04-Mar-20,0.98355,9.66614,9.66673,0.97738,20200306,20300306
05-Mar-20,0.92371,9.70906,9.71023,0.98163,20200309,20300309
06-Mar-20,0.77064,9.77049,9.77163,0.99259,20200310,20300310
09-Mar-20,0.5966,9.84265,9.84314,1.00522,20200311,20300311
10-Mar-20,0.78814,9.75325,9.7538,0.99132,20200312,20300312
11-Mar-20,0.82554,9.7463,9.74676,0.98864,20200313,20300313
12-Mar-20,0.83037,9.76407,9.76502,0.98829,20200316,20300316
13-Mar-20,0.94914,9.71188,9.71289,0.97982,20200317,20300317
16-Mar-20,0.75069,9.78842,9.78849,0.99402,20200318,20300318
17-Mar-20,0.94008,9.72098,9.72104,0.98046,20200319,20300319
18-Mar-20,1.12986,9.66346,9.66352,0.96709,20200320,20300320
19-Mar-20,0.97738,9.75106,9.75121,0.97782,20200323,20300323
20-Mar-20,0.79907,9.81011,9.81023,0.99054,20200324,20300324
23-Mar-20,0.66222,9.85493,9.85497,1.00043,20200325,20300325
24-Mar-20,0.71529,9.81967,9.81972,0.99658,20200326,20300326
25-Mar-20,0.80529,9.7832,9.78324,0.99009,20200327,20300327
26-Mar-20,0.72847,9.81392,9.81401,0.99563,20200330,20300330
27-Mar-20,0.6866,9.83444,9.83452,0.99866,20200331,20300331
30-Mar-20,0.66711,9.84676,9.8468,1.00008,20200401,20300401
31-Mar-20,0.72957,9.82703,9.82704,0.99555,20200402,20300402
01-Apr-20,0.70904,9.83684,9.83686,0.99704,20200403,20300403
02-Apr-20,0.68484,9.84009,9.84017,0.99879,20200406,20300406
03-Apr-20,0.64761,9.85193,9.85198,1.0015,20200407,20300407
06-Apr-20,0.72059,9.81539,9.81542,0.9962,20200408,20300408
07-Apr-20,0.78847,9.7888,9.78883,0.9913,20200409,20300409
08-Apr-20,0.8238,9.78612,9.78632,0.98876,20200414,20300414
09-Apr-20,0.78909,9.80531,9.80262,0.99126,20200415,20300415
13-Apr-20,0.81333,9.79033,9.79082,0.98951,20200415,20300415
14-Apr-20,0.82033,9.7879,9.78794,0.98901,20200416,20300416
15-Apr-20,0.70592,9.83736,9.83739,0.99726,20200417,20300417
16-Apr-20,0.68183,9.85082,9.85085,0.99901,20200420,20300420
17-Apr-20,0.72442,9.83481,9.83483,0.99592,20200421,20300421
20-Apr-20,0.6909,9.84553,9.84552,0.99835,20200422,20300422
21-Apr-20,0.63921,9.86613,9.86616,1.00211,20200423,20300423
22-Apr-20,0.67086,9.85424,9.85427,0.99981,20200424,20300424
23-Apr-20,0.64837,9.86637,9.86645,1.00144,20200427,20300427
24-Apr-20,0.62767,9.86617,9.86623,1.00295,20200428,20300428
27-Apr-20,0.67044,9.84997,9.85,0.99984,20200429,20300429
28-Apr-20,0.61929,9.86802,9.86806,1.00356,20200430,20300430
29-Apr-20,0.6371,9.86147,9.86149,1.00226,20200501,20300501
30-Apr-20,0.63486,9.86787,9.8711,1.00243,20200504,20300504
01-May-20,0.64242,9.86618,9.86618,1.00188,20200505,20300505
04-May-20,0.63027,9.87218,9.87225,1.00276,20200506,20300506
05-May-20,0.6512,9.86541,9.86544,1.00124,20200507,20300507
06-May-20,0.67414,9.86128,9.86625,0.99957,20200511,20300511
07-May-20,0.59666,9.90751,9.90479,1.00522,20200512,20300512
08-May-20,0.6397,9.88605,9.88611,1.00207,20200512,20300512
11-May-20,0.66603,9.87526,9.87528,1.00016,20200513,20300513
12-May-20,0.63736,9.89077,9.89079,1.00225,20200514,20300514
13-May-20,0.6133,9.89454,9.89457,1.004,20200515,20300515
14-May-20,0.58683,9.91103,9.91108,1.00594,20200518,20300518
15-May-20,0.61707,9.89373,9.89378,1.00373,20200519,20300519
18-May-20,0.72157,9.84833,9.84836,0.99613,20200520,20300520
19-May-20,0.689,9.86009,9.86011,0.99849,20200521,20300521
20-May-20,0.66147,9.86893,9.86896,1.00049,20200522,20300522
21-May-20,0.66397,9.87126,9.87132,1.00031,20200526,20300526
22-May-20,0.65573,9.87382,9.87389,1.00091,20200527,20300527
26-May-20,0.68977,9.86295,9.86298,0.99843,20200528,20300528
27-May-20,0.66559,9.86987,9.8699,1.00019,20200529,20300529
28-May-20,0.69419,9.86576,9.86582,0.99811,20200601,20300601
29-May-20,0.64023,9.88481,9.88486,1.00204,20200602,20300602
01-Jun-20,0.65533,9.87942,9.87944,1.00094,20200603,20300603
02-Jun-20,0.66948,9.87464,9.87467,0.99991,20200604,20300604
03-Jun-20,0.74993,9.8439,9.84393,0.99408,20200605,20300605
04-Jun-20,0.8134,9.82723,9.82729,0.98951,20200608,20300608
05-Jun-20,0.88545,9.78605,9.78612,0.98435,20200609,20300609
08-Jun-20,0.86639,9.79469,9.79473,0.98571,20200610,20300610
09-Jun-20,0.81283,9.81601,9.81605,0.98955,20200611,20300611
10-Jun-20,0.74192,9.84565,9.84569,0.99466,20200612,20300612
11-Jun-20,0.6442,9.88653,9.88661,1.00175,20200615,20300615
12-Jun-20,0.68779,9.86693,9.86703,0.99858,20200616,20300616
15-Jun-20,0.68982,9.86292,9.86297,0.99843,20200617,20300617
16-Jun-20,0.73866,9.84601,9.84606,0.99489,20200618,20300618
17-Jun-20,0.70457,9.8611,9.86114,0.99736,20200619,20300619
18-Jun-20,0.66776,9.87668,9.87677,1.00003,20200622,20300622
19-Jun-20,0.67647,9.87195,9.87204,0.9994,20200623,20300623
22-Jun-20,0.68773,9.86537,9.86541,0.99858,20200624,20300624
23-Jun-20,0.69394,9.86493,9.86494,0.99813,20200625,20300625
24-Jun-20,0.67228,9.87047,9.87048,0.9997,20200626,20300626
25-Jun-20,0.66383,9.87216,9.87224,1.00032,20200629,20300629
26-Jun-20,0.62658,9.88298,9.88306,1.00303,20200630,20300630
29-Jun-20,0.61556,9.89084,9.89088,1.00384,20200701,20300701
30-Jun-20,0.63442,9.8838,9.88368,1.00246,20200702,20300702
01-Jul-20,0.66172,9.87672,9.87682,1.00047,20200706,20300706
02-Jul-20,0.64632,9.88102,9.88113,1.00159,20200707,20300707
06-Jul-20,0.65498,9.87523,9.87527,1.00096,20200708,20300708
07-Jul-20,0.61882,9.88432,9.88436,1.0036,20200709,20300709
08-Jul-20,0.62193,9.88525,9.88529,1.00337,20200710,20300710
09-Jul-20,0.58427,9.90375,9.90384,1.00612,20200713,20300713
10-Jul-20,0.61758,9.88617,9.88626,1.00369,20200714,20300714
13-Jul-20,0.62135,9.88179,9.88184,1.00341,20200715,20300715
14-Jul-20,0.59017,9.89187,9.89192,1.00569,20200716,20300716
15-Jul-20,0.60907,9.88672,9.88676,1.00431,20200717,20300717
16-Jul-20,0.5935,9.89516,9.89525,1.00545,20200720,20300720
17-Jul-20,0.61245,9.88623,9.88631,1.00406,20200721,20300721
20-Jul-20,0.59548,9.88833,9.88838,1.0053,20200722,20300722
21-Jul-20,0.58608,9.89167,9.89172,1.00599,20200723,20300723
22-Jul-20,0.57707,9.89451,9.89455,1.00665,20200724,20300724
23-Jul-20,0.57033,9.90107,9.90117,1.00715,20200727,20300727
24-Jul-20,0.57968,9.89608,9.89617,1.00646,20200728,20300728
27-Jul-20,0.60009,9.89036,9.8904,1.00497,20200729,20300729
28-Jul-20,0.57351,9.89511,9.89516,1.00691,20200730,20300730
29-Jul-20,0.57471,9.90065,9.90069,1.00682,20200731,20300731
30-Jul-20,0.53424,9.91732,9.91739,1.0098,20200803,20300803
31-Jul-20,0.52804,9.91904,9.91911,1.01025,20200804,20300804
03-Aug-20,0.55164,9.90582,9.90585,1.00852,20200805,20300805
04-Aug-20,0.50561,9.9212,9.92124,1.0119,20200806,20300806
05-Aug-20,0.53596,9.90907,9.90911,1.00967,20200807,20300807
06-Aug-20,0.53688,9.91342,9.91351,1.0096,20200810,20300810
07-Aug-20,0.57564,9.89589,9.89599,1.00676,20200811,20300811
10-Aug-20,0.59055,9.88843,9.88848,1.00566,20200812,20300812
11-Aug-20,0.65982,9.86232,9.86237,1.00061,20200813,20300813
12-Aug-20,0.66298,9.86151,9.86156,1.00038,20200814,20300814
13-Aug-20,0.69438,9.85766,9.85776,0.9981,20200817,20300817
14-Aug-20,0.70584,9.8516,9.8517,0.99727,20200818,20300818
17-Aug-20,0.66998,9.8632,9.86325,0.99987,20200819,20300819
18-Aug-20,0.653,9.86956,9.86961,1.00111,20200820,20300820
19-Aug-20,0.65578,9.87015,9.8702,1.0009,20200821,20300821
20-Aug-20,0.63374,9.88048,9.8805,1.00251,20200824,20300824
21-Aug-20,0.63772,9.87532,9.87534,1.00222,20200825,20300825
24-Aug-20,0.63536,9.87276,9.87272,1.00239,20200826,20300826
25-Aug-20,0.67726,9.85625,9.85629,0.99934,20200827,20300827
26-Aug-20,0.68561,9.85347,9.85372,0.99874,20200828,20300828
27-Aug-20,0.74491,9.86043,9.83902,0.99444,20200901,20300901
28-Aug-20,0.73031,9.84931,9.84663,0.9955,20200902,20300902
31-Aug-20,0.6963,9.85441,9.85719,0.99796,20200902,20300902
01-Sep-20,0.67722,9.86064,9.86068,0.99934,20200903,20300903
02-Sep-20,0.66515,9.86056,9.86061,1.00022,20200904,20300904
03-Sep-20,0.63727,9.8754,9.87551,1.00225,20200908,20300908
04-Sep-20,0.72588,9.83729,9.83742,0.99582,20200909,20300909
08-Sep-20,0.68533,9.85389,9.85394,0.99876,20200910,20300910
09-Sep-20,0.70752,9.8471,9.84715,0.99715,20200911,20300911
10-Sep-20,0.69036,9.85949,9.85959,0.99839,20200914,20300914
11-Sep-20,0.67273,9.86403,9.86413,0.99967,20200915,20300915
14-Sep-20,0.67572,9.85947,9.85952,0.99945,20200916,20300916
15-Sep-20,0.68429,9.8564,9.85645,0.99883,20200917,20300917
16-Sep-20,0.6875,9.85557,9.85562,0.9986,20200918,20300918
17-Sep-20,0.68633,9.8582,9.8583,0.99868,20200921,20300921
18-Sep-20,0.70033,9.8518,9.8519,0.99767,20200922,20300922
21-Sep-20,0.67743,9.8557,9.85574,0.99933,20200923,20300923
22-Sep-20,0.67325,9.85799,9.85804,0.99963,20200924,20300924
23-Sep-20,0.68744,9.85275,9.85276,0.9986,20200925,20300925
24-Sep-20,0.68717,9.85675,9.85683,0.99862,20200928,20300928
25-Sep-20,0.6849,9.85628,9.85637,0.99879,20200929,20300929
28-Sep-20,0.6968,9.84989,9.84994,0.99792,20200930,20300930
29-Sep-20,0.67801,9.8571,9.85715,0.99929,20201001,20301001
30-Sep-20,0.70322,9.84864,9.84869,0.99746,20201002,20301002
01-Oct-20,0.70169,9.85356,9.85365,0.99757,20201005,20301005
02-Oct-20,0.71605,9.8462,9.84628,0.99653,20201006,20301006
05-Oct-20,0.77722,9.82231,9.82234,0.99211,20201007,20301007
06-Oct-20,0.76067,9.82985,9.82989,0.9933,20201008,20301008
07-Oct-20,0.80813,9.81248,9.81252,0.98989,20201009,20301009
08-Oct-20,0.79521,9.82134,9.82145,0.99082,20201013,20301013
09-Oct-20,0.80703,9.81424,9.81435,0.98997,20201014,20301014
13-Oct-20,0.76256,9.83168,9.83173,0.99317,20201015,20301015
14-Oct-20,0.75508,9.83356,9.83352,0.99371,20201016,20301016
15-Oct-20,0.76734,9.83449,9.83458,0.99282,20201019,20301019
16-Oct-20,0.77071,9.82879,9.82888,0.99258,20201020,20301020
19-Oct-20,0.79522,9.8229,9.82294,0.99082,20201021,20301021
20-Oct-20,0.82654,9.81202,9.81206,0.98857,20201022,20301022
21-Oct-20,0.84374,9.80637,9.80641,0.98733,20201023,20301023
22-Oct-20,0.87198,9.80061,9.8007,0.98531,20201026,20301026
23-Oct-20,0.86916,9.7997,9.7998,0.98551,20201027,20301027
26-Oct-20,0.82937,9.81296,9.81301,0.98836,20201028,20301028
27-Oct-20,0.80432,9.82475,9.82479,0.99016,20201029,20301029
28-Oct-20,0.80887,9.82217,9.82222,0.98983,20201030,20301030
29-Oct-20,0.86189,9.80499,9.80507,0.98604,20201102,20301102
30-Oct-20,0.88148,9.79586,9.79593,0.98464,20201103,20301103
02-Nov-20,0.85765,9.80114,9.80117,0.98634,20201104,20301104
03-Nov-20,0.8873,9.78896,9.789,0.98422,20201105,20301105
04-Nov-20,0.79322,9.82735,9.82739,0.99096,20201106,20301106
05-Nov-20,0.80591,9.82883,9.82894,0.99005,20201109,20301109
06-Nov-20,0.84178,9.81281,9.81291,0.98747,20201110,20301110
09-Nov-20,0.96936,9.75812,9.75819,0.97839,20201112,20301112
10-Nov-20,0.97941,9.75254,9.75262,0.97767,20201113,20301113
12-Nov-20,0.8795,9.79681,9.79691,0.98478,20201116,20301116
13-Nov-20,0.88725,9.79063,9.79072,0.98422,20201117,20301117
16-Nov-20,0.90531,9.78182,9.78186,0.98294,20201118,20301118
17-Nov-20,0.86717,9.79508,9.79513,0.98566,20201119,20301119
18-Nov-20,0.87857,9.78841,9.78846,0.98484,20201120,20301120
19-Nov-20,0.8558,9.80102,9.80109,0.98647,20201123,20301123
20-Nov-20,0.82718,9.80696,9.80703,0.98852,20201124,20301124
23-Nov-20,0.85526,9.79457,9.79462,0.98651,20201125,20301125
24-Nov-20,0.88325,9.78583,9.78589,0.98451,20201127,20301127
25-Nov-20,0.88109,9.785,9.78511,0.98466,20201130,20301130
27-Nov-20,0.84511,9.80222,9.80231,0.98724,20201201,20301201
30-Nov-20,0.84515,9.79261,9.79265,0.98723,20201202,20301202
01-Dec-20,0.9235,9.7594,9.75944,0.98164,20201203,20301203
02-Dec-20,0.93255,9.76205,9.76209,0.981,20201204,20301204
03-Dec-20,0.9153,9.77159,9.77167,0.98222,20201207,20301207
04-Dec-20,0.97586,9.7554,9.75547,0.97792,20201208,20301208
07-Dec-20,0.93239,9.77119,9.77123,0.98101,20201209,20301209
08-Dec-20,0.91837,9.77284,9.77288,0.98201,20201210,20301210
09-Dec-20,0.9463,9.76222,9.76225,0.98002,20201211,20301211
10-Dec-20,0.90592,9.77903,9.77909,0.98289,20201214,20301214
11-Dec-20,0.8836,9.78735,9.78742,0.98448,20201215,20301215
14-Dec-20,0.89443,9.77946,9.77949,0.98371,20201216,20301216
15-Dec-20,0.92421,9.77008,9.77011,0.98159,20201217,20301217
16-Dec-20,0.91893,9.77322,9.77325,0.98197,20201218,20301218
17-Dec-20,0.9313,9.77305,9.77313,0.98109,20201221,20301221
18-Dec-20,0.94712,9.7647,9.76478,0.97996,20201222,20301222
21-Dec-20,0.94302,9.76206,9.7621,0.98025,20201223,20301223
22-Dec-20,0.92228,9.76888,9.76893,0.98173,20201224,20301224
23-Dec-20,0.95875,9.75889,9.76147,0.97914,20201229,20301229
24-Dec-20,0.93802,9.76769,9.76504,0.98061,20201230,20301230
28-Dec-20,0.9436,9.76302,9.76332,0.98021,20201230,20301230
29-Dec-20,0.94643,9.76802,9.76807,0.98001,20201231,20301231
30-Dec-20,0.93812,9.77098,9.77107,0.9806,20210104,20310104
31-Dec-20,0.91729,9.777,9.77709,0.98208,20210105,20310105
04-Jan-21,0.91689,9.77815,9.77819,0.98211,20210106,20310106
05-Jan-21,0.95026,9.7637,9.76373,0.97974,20210107,20310107
06-Jan-21,1.02779,9.73297,9.73301,0.97426,20210108,20310108
07-Jan-21,1.06635,9.71976,9.71985,0.97154,20210111,20310111
08-Jan-21,1.1134,9.69904,9.69913,0.96824,20210112,20310112
11-Jan-21,1.13694,9.68635,9.68639,0.9666,20210113,20310113
12-Jan-21,1.14662,9.68192,9.68196,0.96592,20210114,20310114
13-Jan-21,1.09622,9.70051,9.70055,0.96945,20210115,20310115
14-Jan-21,1.13571,9.69752,9.69762,0.96668,20210119,20310119
15-Jan-21,1.10112,9.70831,9.7084,0.9691,20210120,20310120
19-Jan-21,1.09366,9.71194,9.71197,0.96962,20210121,20310121
20-Jan-21,1.09454,9.71094,9.71097,0.96956,20210122,20310122
21-Jan-21,1.11786,9.71109,9.71116,0.96793,20210125,20310125
22-Jan-21,1.11267,9.71175,9.71183,0.96829,20210126,20310126
25-Jan-21,1.0701,9.72472,9.72476,0.97128,20210127,20310127
26-Jan-21,1.0718,9.72508,9.7251,0.97116,20210128,20310128
27-Jan-21,1.05244,9.73652,9.73655,0.97252,20210129,20310129
28-Jan-21,1.09684,9.72052,9.72055,0.9694,20210201,20310201
29-Jan-21,1.1352,9.70389,9.70391,0.96672,20210202,20310202
01-Feb-21,1.12285,9.70751,9.7075,0.96758,20210203,20310203
02-Feb-21,1.15694,9.69463,9.69463,0.9652,20210204,20310204
03-Feb-21,1.19228,9.68213,9.68213,0.96274,20210205,20310205
04-Feb-21,1.21085,9.68078,9.68081,0.96145,20210208,20310208
05-Feb-21,1.24242,9.67052,9.67054,0.95926,20210209,20310209
08-Feb-21,1.23552,9.66517,9.66518,0.95974,20210210,20310210
09-Feb-21,1.22589,9.67017,9.67018,0.96041,20210211,20310211
10-Feb-21,1.20993,9.67759,9.67761,0.96151,20210212,20310212
11-Feb-21,1.22471,9.67788,9.67792,0.96049,20210216,20310216
12-Feb-21,1.27268,9.65843,9.65846,0.95717,20210217,20310217
16-Feb-21,1.3872,9.61299,9.61301,0.9493,20210218,20310218
17-Feb-21,1.37355,9.61422,9.61423,0.95024,20210219,20310219
18-Feb-21,1.36381,9.62509,9.62512,0.9509,20210222,20310222
19-Feb-21,1.43023,9.59691,9.59693,0.94637,20210223,20310223
22-Feb-21,1.45283,9.58593,9.58593,0.94483,20210224,20310224
23-Feb-21,1.44443,9.59001,9.59002,0.9454,20210225,20310225
24-Feb-21,1.45227,9.58557,9.58558,0.94487,20210226,20310226
25-Feb-21,1.5576,9.533,9.53301,0.93774,20210301,20310301
26-Feb-21,1.51214,9.54225,9.54227,0.9408,20210302,20310302
01-Mar-21,1.52028,9.54652,9.54653,0.94025,20210303,20310303
02-Mar-21,1.48199,9.5606,9.56061,0.94285,20210304,20310304
03-Mar-21,1.53366,9.53966,9.53967,0.93935,20210305,20310305
04-Mar-21,1.61552,9.51311,9.51313,0.93384,20210308,20310308
05-Mar-21,1.60093,9.51839,9.5184,0.93482,20210309,20310309
08-Mar-21,1.62331,9.50085,9.50086,0.93332,20210310,20310310
09-Mar-21,1.56202,9.52329,9.52329,0.93744,20210311,20310311
10-Mar-21,1.52778,9.53582,9.53582,0.93975,20210312,20310312
11-Mar-21,1.54314,9.53842,9.53844,0.93871,20210315,20310315
12-Mar-21,1.64683,9.49964,9.49965,0.93175,20210316,20310316
15-Mar-21,1.61888,9.50729,9.5073,0.93362,20210317,20310317
16-Mar-21,1.62484,9.50719,9.50714,0.93322,20210318,20310318
17-Mar-21,1.65501,9.50592,9.50582,0.9312,20210319,20310319
18-Mar-21,1.71983,9.4825,9.48252,0.92688,20210322,20310322
19-Mar-21,1.74832,9.46735,9.46735,0.92499,20210323,20310323
22-Mar-21,1.69883,9.48207,9.48205,0.92827,20210324,20310324
23-Mar-21,1.65117,9.49841,9.49837,0.93145,20210325,20310325
24-Mar-21,1.63291,9.50551,9.50546,0.93268,20210326,20310326
25-Mar-21,1.64669,9.50587,9.50588,0.93175,20210329,20310329
26-Mar-21,1.6892,9.48694,9.48696,0.92892,20210330,20310330
29-Mar-21,1.74709,9.46456,9.46457,0.92507,20210331,20310331
30-Mar-21,1.75017,9.45889,9.4589,0.92486,20210401,20310401
31-Mar-21,1.78273,9.44765,9.44704,0.92271,20210406,20310406
01-Apr-21,1.72255,9.46697,9.46405,0.9267,20210407,20310407
02-Apr-21,1.76214,9.44065,9.44086,0.92407,20210407,20310407
05-Apr-21,1.75704,9.44928,9.44964,0.92441,20210407,20310407
06-Apr-21,1.69264,9.47889,9.47888,0.92869,20210408,20310408
07-Apr-21,1.68639,9.48354,9.48353,0.9291,20210409,20310409
08-Apr-21,1.6583,9.49975,9.49966,0.93098,20210412,20310412
09-Apr-21,1.69367,9.48456,9.48447,0.92862,20210413,20310413
12-Apr-21,1.69482,9.47826,9.47816,0.92854,20210414,20310414
13-Apr-21,1.63245,9.50483,9.50484,0.93271,20210415,20310415
14-Apr-21,1.6263,9.5036,9.5036,0.93312,20210416,20310416
15-Apr-21,1.51441,9.54859,9.54859,0.94065,20210419,20310419
16-Apr-21,1.5544,9.53048,9.53049,0.93795,20210420,20310420
19-Apr-21,1.57978,9.52171,9.5217,0.93624,20210421,20310421
20-Apr-21,1.55158,9.53219,9.5322,0.93814,20210422,20310422
21-Apr-21,1.55719,9.53031,9.53032,0.93776,20210423,20310423
22-Apr-21,1.54975,9.53498,9.53501,0.93826,20210426,20310426
23-Apr-21,1.56442,9.52563,9.52565,0.93728,20210427,20310427
26-Apr-21,1.56057,9.52264,9.52265,0.93754,20210428,20310428
27-Apr-21,1.61327,9.50562,9.50563,0.93399,20210429,20310429
28-Apr-21,1.6167,9.50579,9.5058,0.93376,20210430,20310430
29-Apr-21,1.64017,9.4978,9.49766,0.93219,20210504,20310504
30-Apr-21,1.63162,9.50046,9.49758,0.93276,20210505,20310505
03-May-21,1.60434,9.50903,9.50914,0.93459,20210505,20310505
04-May-21,1.58721,9.51544,9.51543,0.93574,20210506,20310506
05-May-21,1.57528,9.52121,9.52122,0.93654,20210507,20310507
06-May-21,1.54903,9.53447,9.53449,0.93831,20210510,20310510
07-May-21,1.56047,9.5356,9.53562,0.93754,20210511,20310511
10-May-21,1.57237,9.52954,9.52955,0.93674,20210512,20310512
11-May-21,1.59448,9.52104,9.52105,0.93525,20210513,20310513
12-May-21,1.66485,9.49013,9.49014,0.93054,20210514,20310514
13-May-21,1.61181,9.51447,9.51448,0.93409,20210517,20310517
14-May-21,1.59941,9.51727,9.51728,0.93492,20210518,20310518
17-May-21,1.59634,9.51387,9.51387,0.93513,20210519,20310519
18-May-21,1.60492,9.51144,9.51145,0.93455,20210520,20310520
19-May-21,1.6444,9.49381,9.49382,0.93191,20210521,20310521
20-May-21,1.60307,9.51872,9.51872,0.93468,20210524,20310524
21-May-21,1.60072,9.51547,9.51549,0.93483,20210525,20310525
24-May-21,1.57588,9.52364,9.52364,0.9365,20210526,20310526
25-May-21,1.52613,9.54,9.53999,0.93986,20210527,20310527
26-May-21,1.53437,9.53955,9.53955,0.9393,20210528,20310528
27-May-21,1.57185,9.52477,9.52478,0.93678,20210601,20310601
28-May-21,1.56048,9.52639,9.5264,0.93754,20210602,20310602
01-Jun-21,1.59017,9.51502,9.51502,0.93554,20210603,20310603
02-Jun-21,1.56254,9.52533,9.52534,0.9374,20210604,20310604
03-Jun-21,1.59833,9.51291,9.51292,0.935,20210607,20310607
04-Jun-21,1.53227,9.53886,9.53886,0.93944,20210608,20310608
07-Jun-21,1.54016,9.53378,9.53379,0.93891,20210609,20310609
08-Jun-21,1.49841,9.54932,9.54932,0.94173,20210610,20310610
09-Jun-21,1.46193,9.56219,9.56219,0.94421,20210611,20310611
10-Jun-21,1.43359,9.57717,9.57717,0.94614,20210614,20310614
11-Jun-21,1.43738,9.56966,9.56966,0.94588,20210615,20310615
14-Jun-21,1.47485,9.55126,9.55128,0.94333,20210616,20310616
15-Jun-21,1.47123,9.55307,9.55309,0.94358,20210617,20310617
16-Jun-21,1.54273,9.51499,9.51505,0.93874,20210618,20310618
17-Jun-21,1.47872,9.53499,9.53504,0.94307,20210621,20310621
18-Jun-21,1.409,9.54966,9.54972,0.94781,20210622,20310622
21-Jun-21,1.44566,9.53982,9.53983,0.94531,20210623,20310623
22-Jun-21,1.43773,9.54622,9.54623,0.94585,20210624,20310624
23-Jun-21,1.45862,9.53331,9.53329,0.94443,20210625,20310625
24-Jun-21,1.45725,9.536,9.53604,0.94453,20210628,20310628
25-Jun-21,1.49642,9.5213,9.52134,0.94187,20210629,20310629
28-Jun-21,1.44485,9.53766,9.53768,0.94537,20210630,20310630
29-Jun-21,1.45466,9.53218,9.53221,0.9447,20210701,20310701
30-Jun-21,1.41797,9.54386,9.54388,0.9472,20210702,20310702
01-Jul-21,1.46083,9.52927,9.52933,0.94428,20210706,20310706
02-Jul-21,1.41019,9.54886,9.54877,0.94773,20210707,20310707
06-Jul-21,1.34598,9.57368,9.57369,0.95213,20210708,20310708
07-Jul-21,1.29861,9.59329,9.59331,0.95538,20210709,20310709
08-Jul-21,1.27637,9.61305,9.6131,0.95692,20210712,20310712
09-Jul-21,1.3528,9.5804,9.58045,0.95166,20210713,20310713
12-Jul-21,1.3557,9.57701,9.57703,0.95146,20210714,20310714
13-Jul-21,1.40911,9.55215,9.55217,0.94781,20210715,20310715
14-Jul-21,1.35004,9.57494,9.57496,0.95185,20210716,20310716
15-Jul-21,1.282,9.60229,9.60234,0.95653,20210719,20310719
16-Jul-21,1.28446,9.59744,9.59749,0.95636,20210720,20310720
19-Jul-21,1.15597,9.65017,9.6502,0.96527,20210721,20310721
20-Jul-21,1.19315,9.64435,9.64437,0.96268,20210722,20310722
21-Jul-21,1.27566,9.61009,9.61011,0.95696,20210723,20310723
22-Jul-21,1.26824,9.61955,9.6196,0.95748,20210726,20310726
23-Jul-21,1.28258,9.61116,9.61121,0.95649,20210727,20310727
26-Jul-21,1.2779,9.61038,9.6104,0.95681,20210728,20310728
27-Jul-21,1.23672,9.63109,9.63112,0.95966,20210729,20310729
28-Jul-21,1.28287,9.6052,9.60522,0.95647,20210730,20310730
29-Jul-21,1.29723,9.60754,9.60757,0.95548,20210802,20310802
30-Jul-21,1.26377,9.61952,9.61955,0.95779,20210803,20310803
02-Aug-21,1.20026,9.6438,9.64381,0.96219,20210804,20310804
03-Aug-21,1.19367,9.64639,9.6464,0.96264,20210805,20310805
04-Aug-21,1.20286,9.6379,9.63792,0.962,20210806,20310806
05-Aug-21,1.23975,9.62358,9.62364,0.95945,20210809,20310809
06-Aug-21,1.31078,9.59269,9.59274,0.95454,20210810,20310810
09-Aug-21,1.33052,9.57927,9.5793,0.95319,20210811,20310811
10-Aug-21,1.3521,9.56751,9.56754,0.95171,20210812,20310812
11-Aug-21,1.34861,9.57188,9.57191,0.95194,20210813,20310813
12-Aug-21,1.36966,9.56674,9.56679,0.9505,20210816,20310816
13-Aug-21,1.30059,9.5908,9.59085,0.95525,20210817,20310817
16-Aug-21,1.25894,9.60695,9.60698,0.95812,20210818,20310818
17-Aug-21,1.26751,9.60203,9.60206,0.95753,20210819,20310819
18-Aug-21,1.28348,9.59519,9.59521,0.95642,20210820,20310820
19-Aug-21,1.25593,9.60952,9.60949,0.95833,20210823,20310823
20-Aug-21,1.27194,9.599,9.59898,0.95722,20210824,20310824
23-Aug-21,1.26284,9.60236,9.6023,0.95785,20210825,20310825
24-Aug-21,1.29844,9.58833,9.58834,0.95539,20210826,20310826
25-Aug-21,1.35523,9.56703,9.56704,0.95149,20210827,20310827
26-Aug-21,1.35399,9.56211,9.57809,0.95158,20210831,20310831
27-Aug-21,1.33238,9.59177,9.58043,0.95306,20210901,20310901
30-Aug-21,1.30096,9.59244,9.59505,0.95522,20210901,20310901
31-Aug-21,1.31853,9.5883,9.58832,0.95401,20210902,20310902
01-Sep-21,1.31976,9.58607,9.5861,0.95393,20210903,20310903
02-Sep-21,1.30778,9.59259,9.59265,0.95475,20210907,20310907
03-Sep-21,1.33869,9.58087,9.58093,0.95263,20210908,20310908
07-Sep-21,1.38735,9.56135,9.56138,0.94929,20210909,20310909
08-Sep-21,1.35702,9.571,9.57103,0.95137,20210910,20310910
09-Sep-21,1.32662,9.58747,9.58752,0.95345,20210913,20310913
10-Sep-21,1.36799,9.56763,9.56768,0.95062,20210914,20310914
13-Sep-21,1.34517,9.57365,9.57368,0.95218,20210915,20310915
14-Sep-21,1.30515,9.58724,9.58726,0.95493,20210916,20310916
15-Sep-21,1.33773,9.57459,9.57461,0.95269,20210917,20310917
16-Sep-21,1.36693,9.56436,9.56444,0.95069,20210920,20310920
17-Sep-21,1.41051,9.54369,9.54375,0.94771,20210921,20310921
20-Sep-21,1.34102,9.56802,9.56805,0.95247,20210922,20310922
21-Sep-21,1.34747,9.56559,9.5656,0.95202,20210923,20310923
22-Sep-21,1.35456,9.55495,9.55495,0.95154,20210924,20310924
23-Sep-21,1.43712,9.52714,9.52718,0.9459,20210927,20310927
24-Sep-21,1.48894,9.50615,9.5062,0.94238,20210928,20310928
27-Sep-21,1.51148,9.49261,9.49264,0.94085,20210929,20310929
28-Sep-21,1.56212,9.47449,9.47451,0.93743,20210930,20310930
29-Sep-21,1.555,9.47948,9.47951,0.93791,20211001,20311001
30-Sep-21,1.54657,9.48987,9.48992,0.93848,20211004,20311004
01-Oct-21,1.4838,9.51483,9.51489,0.94272,20211005,20311005
04-Oct-21,1.48914,9.50976,9.50978,0.94236,20211006,20311006
05-Oct-21,1.53842,9.49118,9.4912,0.93903,20211007,20311007
06-Oct-21,1.53024,9.49091,9.49093,0.93958,20211008,20311008
07-Oct-21,1.58558,9.47401,9.47407,0.93585,20211012,20311012
08-Oct-21,1.62579,9.45465,9.45471,0.93315,20211013,20311013
12-Oct-21,1.59774,9.45228,9.45231,0.93504,20211014,20311014
13-Oct-21,1.56172,9.4587,9.45872,0.93746,20211015,20311015
14-Oct-21,1.53134,9.47918,9.47922,0.93951,20211018,20311018
15-Oct-21,1.58298,9.44838,9.44842,0.93603,20211019,20311019
18-Oct-21,1.58563,9.43916,9.43918,0.93585,20211020,20311020
19-Oct-21,1.63831,9.42823,9.42825,0.93231,20211021,20311021
20-Oct-21,1.64305,9.42842,9.42844,0.932,20211022,20311022
21-Oct-21,1.68348,9.40769,9.40773,0.9293,20211025,20311025
22-Oct-21,1.66916,9.40718,9.40722,0.93025,20211026,20311026
25-Oct-21,1.66195,9.41254,9.41256,0.93073,20211027,20311027
26-Oct-21,1.64964,9.41377,9.41379,0.93156,20211028,20311028
27-Oct-21,1.55195,9.44827,9.4483,0.93812,20211029,20311029
28-Oct-21,1.57862,9.44045,9.44047,0.93632,20211101,20311101
29-Oct-21,1.56032,9.44428,9.4443,0.93755,20211102,20311102
01-Nov-21,1.58516,9.43146,9.43147,0.93588,20211103,20311103
02-Nov-21,1.57635,9.44139,9.4414,0.93647,20211104,20311104
03-Nov-21,1.60415,9.42609,9.42611,0.9346,20211105,20311105
04-Nov-21,1.55548,9.4586,9.45865,0.93788,20211108,20311108
05-Nov-21,1.47341,9.48864,9.48869,0.94343,20211109,20311109
08-Nov-21,1.52275,9.45932,9.45934,0.94009,20211110,20311110
09-Nov-21,1.45849,9.48621,9.48625,0.94444,20211112,20311112
10-Nov-21,1.59064,9.42794,9.428,0.93551,20211115,20311115
12-Nov-21,1.63875,9.40379,9.40384,0.93229,20211116,20311116
15-Nov-21,1.66806,9.39125,9.39127,0.93033,20211117,20311117
16-Nov-21,1.68383,9.38278,9.38281,0.92927,20211118,20311118
17-Nov-21,1.65315,9.39692,9.39694,0.93132,20211119,20311119
18-Nov-21,1.62782,9.41216,9.41221,0.93302,20211122,20311122
19-Nov-21,1.57905,9.42446,9.42451,0.93629,20211123,20311123
22-Nov-21,1.68274,9.37249,9.37251,0.92935,20211124,20311124
23-Nov-21,1.72039,9.36124,9.36127,0.92684,20211126,20311126
24-Nov-21,1.69548,9.36353,9.36359,0.9285,20211129,20311129
26-Nov-21,1.53151,9.43529,9.43534,0.9395,20211130,20311130
29-Nov-21,1.5805,9.42579,9.42581,0.93619,20211201,20311201
30-Nov-21,1.51198,9.44742,9.44745,0.94082,20211202,20311202
01-Dec-21,1.50639,9.44807,9.44809,0.94119,20211203,20311203
02-Dec-21,1.51805,9.43837,9.43842,0.9404,20211206,20311206
03-Dec-21,1.42111,9.47725,9.4773,0.94699,20211207,20311207
06-Dec-21,1.52401,9.42916,9.42918,0.94,20211208,20311208
07-Dec-21,1.57683,9.40534,9.40537,0.93644,20211209,20311209
08-Dec-21,1.583,9.40409,9.40412,0.93603,20211210,20311210
09-Dec-21,1.55792,9.41621,9.41626,0.93771,20211213,20311213
10-Dec-21,1.57766,9.41054,9.41059,0.93638,20211214,20311214
13-Dec-21,1.5081,9.43349,9.43351,0.94108,20211215,20311215
14-Dec-21,1.52058,9.42555,9.42559,0.94023,20211216,20311216
15-Dec-21,1.53563,9.41868,9.41872,0.93922,20211217,20311217
16-Dec-21,1.48959,9.45405,9.4541,0.94233,20211220,20311220
17-Dec-21,1.46119,9.45728,9.45733,0.94426,20211221,20311221
20-Dec-21,1.48265,9.45112,9.45114,0.9428,20211222,20311222
21-Dec-21,1.56372,9.41548,9.4155,0.93732,20211223,20311223
22-Dec-21,1.53772,9.42269,9.4154,0.93908,20211224,20311224
23-Dec-21,1.56699,9.41093,9.41312,0.9371,20211229,20311229
24-Dec-21,N/A,N/A,N/A,N/A,N/A,N/A
27-Dec-21,1.55326,9.41384,9.41427,0.93803,20211230,20311230
28-Dec-21,1.55017,9.4163,9.41682,0.93824,20211230,20311230
29-Dec-21,1.61248,9.39896,9.39899,0.93405,20211231,20311231
30-Dec-21,1.57976,9.4051,9.40482,0.93624,20220104,20320104
31-Dec-21,1.5587,9.41333,9.41061,0.93766,20220105,20320105
03-Jan-22,1.68635,9.35771,9.35797,0.92911,20220105,20320105
04-Jan-22,1.71448,9.35153,9.35155,0.92723,20220106,20320106
05-Jan-22,1.75801,9.32617,9.32621,0.92434,20220107,20320107
06-Jan-22,1.79751,9.31035,9.31039,0.92173,20220110,20320110
07-Jan-22,1.83231,9.29377,9.29382,0.91944,20220111,20320111
10-Jan-22,1.84835,9.27883,9.27886,0.91838,20220112,20320112
11-Jan-22,1.81704,9.29473,9.29475,0.92044,20220113,20320113
12-Jan-22,1.78151,9.30764,9.30767,0.92279,20220114,20320114
13-Jan-22,1.76716,9.31774,9.31778,0.92374,20220118,20320118
14-Jan-22,1.83176,9.28262,9.28268,0.91947,20220119,20320119
18-Jan-22,1.92785,9.2337,9.23372,0.91317,20220120,20320120
19-Jan-22,1.87781,9.2528,9.25283,0.91645,20220121,20320121
20-Jan-22,1.88546,9.2525,9.25256,0.91595,20220124,20320124
21-Jan-22,1.8089,9.28444,9.2845,0.92098,20220125,20320125
24-Jan-22,1.7933,9.29649,9.29651,0.92201,20220126,20320126
25-Jan-22,1.84394,9.27307,9.2731,0.91867,20220127,20320127
26-Jan-22,1.90755,9.23932,9.23934,0.9145,20220128,20320128
27-Jan-22,1.86887,9.24315,9.2432,0.91703,20220131,20320131
28-Jan-22,1.85071,9.25373,9.25375,0.91823,20220201,20320201
31-Jan-22,1.85264,9.25155,9.25155,0.9181,20220202,20320202
01-Feb-22,1.8597,9.25103,9.25104,0.91764,20220203,20320203
02-Feb-22,1.82921,9.26272,9.26274,0.91964,20220204,20320204
03-Feb-22,1.88632,9.24011,9.24016,0.91589,20220207,20320207
04-Feb-22,1.99975,9.18169,9.18175,0.90849,20220208,20320208
07-Feb-22,1.98355,9.18822,9.18824,0.90954,20220209,20320209
08-Feb-22,2.02363,9.16907,9.16909,0.90694,20220210,20320210
09-Feb-22,1.99902,9.17674,9.17677,0.90854,20220211,20320211
10-Feb-22,2.11328,9.11965,9.11979,0.90116,20220214,20320214
11-Feb-22,2.02529,9.15802,9.15812,0.90683,20220215,20320215
14-Feb-22,2.07467,9.12892,9.12901,0.90364,20220216,20320216
15-Feb-22,2.1266,9.11354,9.11357,0.9003,20220217,20320217
16-Feb-22,2.1183,9.12238,9.12241,0.90083,20220218,20320218
17-Feb-22,2.04979,9.15577,9.15584,0.90525,20220222,20320222
18-Feb-22,2.00462,9.17072,9.17079,0.90818,20220223,20320223
22-Feb-22,2.0292,9.15218,9.1522,0.90658,20220224,20320224
23-Feb-22,2.05956,9.13769,9.13771,0.90462,20220225,20320225
24-Feb-22,2.05643,9.14721,9.14487,0.90482,20220228,20320228
25-Feb-22,2.07045,9.1369,9.13696,0.90392,20220301,20320301
28-Feb-22,1.92593,9.21038,9.21042,0.9133,20220302,20320302
01-Mar-22,1.7789,9.2899,9.28993,0.92296,20220303,20320303
02-Mar-22,1.95329,9.19655,9.19659,0.91151,20220304,20320304
03-Mar-22,1.93411,9.20744,9.2075,0.91276,20220307,20320307
04-Mar-22,1.81424,9.25922,9.25928,0.92063,20220308,20320308
07-Mar-22,1.83481,9.24191,9.24194,0.91927,20220309,20320309
08-Mar-22,1.95418,9.19111,9.19114,0.91145,20220310,20320310
09-Mar-22,2.03499,9.15351,9.15354,0.90621,20220311,20320311
10-Mar-22,2.093,9.13007,9.13013,0.90246,20220314,20320314
11-Mar-22,2.09103,9.1219,9.12196,0.90259,20220315,20320315
14-Mar-22,2.22938,9.05974,9.0599,0.89373,20220316,20320316
15-Mar-22,2.25294,9.05169,9.05185,0.89223,20220317,20320317
16-Mar-22,2.29752,9.01693,9.0171,0.8894,20220318,20320318
17-Mar-22,2.29755,9.02645,9.02675,0.8894,20220321,20320321
18-Mar-22,2.25795,9.03574,9.03605,0.89191,20220322,20320322
21-Mar-22,2.42327,8.95677,8.95693,0.88149,20220323,20320323
22-Mar-22,2.46598,8.93956,8.93971,0.87882,20220324,20320324
23-Mar-22,2.39953,8.96467,8.9648,0.88297,20220325,20320325
24-Mar-22,2.42164,8.95282,8.95312,0.88159,20220328,20320328
25-Mar-22,2.5735,8.87409,8.8744,0.87214,20220329,20320329
28-Mar-22,2.56409,8.87468,8.87483,0.87272,20220330,20320330
29-Mar-22,2.48251,8.9093,8.90945,0.87779,20220331,20320331
30-Mar-22,2.42805,8.92957,8.92971,0.88119,20220401,20320401
31-Mar-22,2.37665,8.95149,8.95178,0.88441,20220404,20320404
01-Apr-22,2.43387,8.90606,8.90636,0.88082,20220405,20320405
04-Apr-22,2.46406,8.90035,8.9005,0.87894,20220406,20320406
05-Apr-22,2.59898,8.84322,8.84335,0.87056,20220407,20320407
06-Apr-22,2.64862,8.8315,8.83163,0.86751,20220408,20320408
07-Apr-22,2.69,8.82691,8.8272,0.86497,20220411,20320411
08-Apr-22,2.7714,8.78947,8.78977,0.86,20220412,20320412
11-Apr-22,2.84415,8.7695,8.76965,0.85559,20220413,20320413
12-Apr-22,2.77293,8.81314,8.81328,0.85991,20220414,20320414
13-Apr-22,2.73779,8.82664,8.82683,0.86205,20220419,20320419
14-Apr-22,2.85652,8.77709,8.77681,0.85484,20220420,20320420
18-Apr-22,2.90992,8.75807,8.75851,0.85162,20220420,20320420
19-Apr-22,2.97704,8.72123,8.72137,0.8476,20220421,20320421
20-Apr-22,2.8909,8.74541,8.74555,0.85277,20220422,20320422
21-Apr-22,2.96977,8.7046,8.70487,0.84803,20220425,20320425
22-Apr-22,2.96196,8.70824,8.70851,0.8485,20220426,20320426
25-Apr-22,2.87896,8.74519,8.74533,0.85349,20220427,20320427
26-Apr-22,2.83674,8.76639,8.76652,0.85604,20220428,20320428
27-Apr-22,2.89199,8.75223,8.75237,0.8527,20220429,20320429
28-Apr-22,2.95374,8.71668,8.71669,0.84899,20220503,20320503
29-Apr-22,2.97917,8.70292,8.70301,0.84747,20220504,20320504
02-May-22,3.07635,8.6654,8.66624,0.84169,20220504,20320504
03-May-22,3.03182,8.67573,8.67612,0.84433,20220505,20320505
04-May-22,2.99859,8.70588,8.70626,0.84631,20220506,20320506
05-May-22,3.14149,8.65088,8.65163,0.83783,20220509,20320509
06-May-22,3.18486,8.63769,8.63844,0.83528,20220510,20320510
09-May-22,3.12655,8.66883,8.66921,0.83872,20220511,20320511
10-May-22,3.05211,8.69651,8.69689,0.84312,20220512,20320512
11-May-22,2.9828,8.71878,8.71915,0.84725,20220513,20320513
12-May-22,2.90165,8.75964,8.7604,0.85212,20220516,20320516
13-May-22,3.01119,8.71379,8.71454,0.84556,20220517,20320517
16-May-22,2.94662,8.74344,8.74382,0.84942,20220518,20320518
17-May-22,3.03248,8.69727,8.69765,0.84429,20220519,20320519
18-May-22,2.94458,8.72723,8.72761,0.84954,20220520,20320520
19-May-22,2.91961,8.74395,8.7447,0.85104,20220523,20320523
20-May-22,2.84468,8.76897,8.76973,0.85556,20220524,20320524
23-May-22,2.90907,8.74225,8.74262,0.85167,20220525,20320525
24-May-22,2.8148,8.78785,8.78823,0.85736,20220526,20320526
25-May-22,2.81337,8.79371,8.79405,0.85745,20220527,20320527
26-May-22,2.83509,8.78034,8.78129,0.85613,20220531,20320531
27-May-22,2.82295,8.78433,8.78528,0.85687,20220601,20320601
31-May-22,2.92728,8.7472,8.74711,0.85058,20220606,20320606
01-Jun-22,3.00774,8.70238,8.70011,0.84576,20220607,20320607
02-Jun-22,2.99465,8.71242,8.71043,0.84655,20220607,20320607
03-Jun-22,3.03429,8.69253,8.69328,0.84418,20220607,20320607
06-Jun-22,3.1229,8.6556,8.65598,0.83893,20220608,20320608
07-Jun-22,3.05002,8.68144,8.68181,0.84325,20220609,20320609
08-Jun-22,3.10077,8.66174,8.66211,0.84024,20220610,20320610
09-Jun-22,3.11379,8.65142,8.65216,0.83947,20220613,20320613
10-Jun-22,3.2205,8.58588,8.58658,0.83319,20220614,20320614
13-Jun-22,3.44014,8.49136,8.49196,0.82044,20220615,20320615
14-Jun-22,3.55792,8.44126,8.44195,0.8137,20220616,20320616
15-Jun-22,3.45438,8.49074,8.49144,0.81962,20220617,20320617
16-Jun-22,3.35645,8.52828,8.53004,0.82527,20220621,20320621
17-Jun-22,3.3041,8.54523,8.54699,0.82831,20220622,20320622
21-Jun-22,3.37282,8.52486,8.52556,0.82432,20220623,20320623
22-Jun-22,3.23186,8.58781,8.58852,0.83252,20220624,20320624
23-Jun-22,3.1401,8.62813,8.62954,0.83792,20220627,20320627
24-Jun-22,3.20841,8.60334,8.60475,0.8339,20220628,20320628
27-Jun-22,3.27025,8.57857,8.57928,0.83028,20220629,20320629
28-Jun-22,3.28281,8.57338,8.57409,0.82955,20220630,20320630
29-Jun-22,3.17466,8.61429,8.61498,0.83588,20220701,20320701
30-Jun-22,3.05053,8.67495,8.67673,0.84322,20220705,20320705
01-Jul-22,2.9822,8.71074,8.71253,0.84729,20220706,20320706
05-Jul-22,2.88634,8.74929,8.75001,0.85304,20220707,20320707
06-Jul-22,2.99288,8.69695,8.69768,0.84665,20220708,20320708
07-Jul-22,3.09606,8.65468,8.65612,0.84052,20220711,20320711
08-Jul-22,3.19017,8.61232,8.61377,0.83497,20220712,20320712
11-Jul-22,3.07333,8.65894,8.65966,0.84186,20220713,20320713
12-Jul-22,3.03437,8.6766,8.67732,0.84418,20220714,20320714
13-Jul-22,2.98752,8.68279,8.68352,0.84697,20220715,20320715
14-Jul-22,3.03699,8.66568,8.66713,0.84402,20220718,20320718
15-Jul-22,2.99997,8.67713,8.67858,0.84623,20220719,20320719
18-Jul-22,3.02623,8.66996,8.67084,0.84466,20220720,20320720
19-Jul-22,3.08318,8.64123,8.64213,0.84128,20220721,20320721
20-Jul-22,3.10524,8.63115,8.63206,0.83997,20220722,20320722
21-Jul-22,2.98043,8.6947,8.69667,0.8474,20220725,20320725
22-Jul-22,2.852,8.74892,8.75095,0.85511,20220726,20320726
25-Jul-22,2.89465,8.73272,8.73378,0.85254,20220727,20320727
26-Jul-22,2.86308,8.74041,8.74153,0.85444,20220728,20320728
27-Jul-22,2.81419,8.76978,8.77089,0.8574,20220729,20320729
28-Jul-22,2.76074,8.79814,8.80035,0.86065,20220801,20320801
29-Jul-22,2.71383,8.80764,8.80984,0.86351,20220802,20320802
01-Aug-22,2.66459,8.82306,8.82416,0.86652,20220803,20320803
02-Aug-22,2.81128,8.74821,8.7493,0.85758,20220804,20320804
03-Aug-22,2.82281,8.7406,8.74169,0.85688,20220805,20320805
04-Aug-22,2.73878,8.7809,8.78311,0.86199,20220808,20320808
05-Aug-22,2.90191,8.6997,8.70191,0.8521,20220809,20320809
08-Aug-22,2.81319,8.73412,8.73523,0.85746,20220810,20320810
09-Aug-22,2.84837,8.71088,8.71199,0.85533,20220811,20320811
10-Aug-22,2.83158,8.7265,8.7276,0.85635,20220812,20320812
11-Aug-22,2.94038,8.68928,8.69147,0.84979,20220815,20320815
12-Aug-22,2.8999,8.69588,8.69807,0.85222,20220816,20320816
15-Aug-22,2.8287,8.72768,8.72878,0.85652,20220817,20320817
16-Aug-22,2.86625,8.71021,8.71131,0.85425,20220818,20320818
17-Aug-22,2.94381,8.67459,8.67568,0.84959,20220819,20320819
18-Aug-22,2.92804,8.68353,8.68571,0.85053,20220822,20320822
19-Aug-22,3.04103,8.64083,8.64301,0.84378,20220823,20320823
22-Aug-22,3.09727,8.61329,8.61438,0.84045,20220824,20320824
23-Aug-22,3.13225,8.60594,8.60703,0.83838,20220825,20320825
24-Aug-22,3.18555,8.58468,8.58577,0.83524,20220826,20320826
25-Aug-22,3.11101,8.60784,8.61011,0.83963,20220830,20320830
26-Aug-22,3.11331,8.60047,8.61423,0.8395,20220831,20320831
29-Aug-22,3.19771,8.57873,8.58058,0.83453,20220831,20320831
30-Aug-22,3.20259,8.5618,8.56287,0.83424,20220901,20320901
31-Aug-22,3.22095,8.557,8.55807,0.83316,20220902,20320902
01-Sep-22,3.35582,8.50624,8.5089,0.82531,20220906,20320906
02-Sep-22,3.28463,8.54371,8.54638,0.82944,20220907,20320907
06-Sep-22,3.41879,8.48772,8.48878,0.82167,20220908,20320908
07-Sep-22,3.3426,8.52024,8.52131,0.82607,20220909,20320909
08-Sep-22,3.36389,8.50998,8.5121,0.82484,20220912,20320912
09-Sep-22,3.39275,8.49009,8.4922,0.82317,20220913,20320913
12-Sep-22,3.43075,8.4804,8.48146,0.82098,20220914,20320914
13-Sep-22,3.48917,8.43716,8.43821,0.81763,20220915,20320915
14-Sep-22,3.48027,8.4349,8.43595,0.81814,20220916,20320916
15-Sep-22,3.53392,8.407,8.40634,0.81507,20220920,20320920
16-Sep-22,3.52028,8.41704,8.41906,0.81585,20220921,20320921
19-Sep-22,3.55941,8.39549,8.39687,0.81361,20220921,20320921
20-Sep-22,3.63856,8.36816,8.36956,0.80912,20220922,20320922
21-Sep-22,3.57653,8.38473,8.38613,0.81264,20220923,20320923
22-Sep-22,3.75772,8.31049,8.31324,0.80242,20220926,20320926
23-Sep-22,3.7389,8.30224,8.30497,0.80347,20220927,20320927
26-Sep-22,3.89669,8.24554,8.24691,0.79468,20220928,20320928
27-Sep-22,3.95328,8.23505,8.23641,0.79155,20220929,20320929
28-Sep-22,3.75644,8.32202,8.32339,0.80249,20220930,20320930
29-Sep-22,3.79398,8.30445,8.30719,0.80039,20221003,20321003
30-Sep-22,3.85767,8.27646,8.27919,0.79684,20221004,20321004
03-Oct-22,3.6896,8.34004,8.34141,0.80624,20221005,20321005
04-Oct-22,3.61819,8.36546,8.36685,0.81028,20221006,20321006
05-Oct-22,3.78473,8.30737,8.30876,0.8009,20221007,20321007
06-Oct-22,3.84466,8.27702,8.28045,0.79756,20221011,20321011
07-Oct-22,3.89418,8.25073,8.25415,0.79481,20221012,20321012
11-Oct-22,3.9508,8.23608,8.23744,0.79169,20221013,20321013
12-Oct-22,3.92333,8.2516,8.25297,0.7932,20221014,20321014
13-Oct-22,3.95432,8.22678,8.22951,0.79149,20221017,20321017
14-Oct-22,4.00379,8.20454,8.20726,0.78877,20221018,20321018
17-Oct-22,4.00431,8.2126,8.21396,0.78874,20221019,20321019
18-Oct-22,3.98587,8.22032,8.22169,0.78976,20221020,20321020
19-Oct-22,4.12458,8.16671,8.16806,0.78217,20221021,20321021
20-Oct-22,4.24088,8.12374,8.12644,0.77589,20221024,20321024
21-Oct-22,4.22057,8.14796,8.15067,0.77698,20221025,20321025
24-Oct-22,4.23866,8.14438,8.14573,0.77601,20221026,20321026
25-Oct-22,4.13367,8.17917,8.18053,0.78168,20221027,20321027
26-Oct-22,4.02847,8.21502,8.21638,0.78742,20221028,20321028
27-Oct-22,3.94565,8.25153,8.25427,0.79197,20221031,20321031
28-Oct-22,4.04502,8.20618,8.20891,0.78651,20221101,20321101
31-Oct-22,4.11948,8.18023,8.18189,0.78245,20221102,20321102
01-Nov-22,4.10251,8.17901,8.18071,0.78338,20221103,20321103
02-Nov-22,4.11685,8.17206,8.17375,0.78259,20221104,20321104
03-Nov-22,4.17777,8.14192,8.14529,0.77929,20221107,20321107
04-Nov-22,4.20134,8.14229,8.14565,0.77802,20221108,20321108
07-Nov-22,4.23054,8.12929,8.13097,0.77644,20221109,20321109
08-Nov-22,4.1378,8.16365,8.16533,0.78146,20221110,20321110
09-Nov-22,4.14799,8.16936,8.17357,0.7809,20221114,20321114
10-Nov-22,3.83696,8.29334,8.29762,0.79799,20221115,20321115
14-Nov-22,3.8593,8.2838,8.28551,0.79675,20221116,20321116
15-Nov-22,3.78506,8.31476,8.31648,0.80088,20221117,20321117
16-Nov-22,3.66531,8.35051,8.35224,0.80761,20221118,20321118
17-Nov-22,3.74501,8.31527,8.31871,0.80313,20221121,20321121
18-Nov-22,3.80199,8.28609,8.28952,0.79994,20221122,20321122
21-Nov-22,3.8177,8.28,8.28171,0.79906,20221123,20321123
22-Nov-22,3.72455,8.31199,8.31455,0.80428,20221125,20321125
23-Nov-22,3.68022,8.32648,8.33081,0.80677,20221128,20321128
25-Nov-22,3.67436,8.3277,8.33116,0.8071,20221129,20321129
28-Nov-22,3.67349,8.33056,8.33228,0.80715,20221130,20321130
29-Nov-22,3.70447,8.32251,8.32423,0.8054,20221201,20321201
30-Nov-22,3.66064,8.35158,8.35331,0.80787,20221202,20321202
01-Dec-22,3.48905,8.41449,8.41798,0.81763,20221205,20321205
02-Dec-22,3.46136,8.42096,8.42445,0.81922,20221206,20321206
05-Dec-22,3.56532,8.37555,8.37739,0.81328,20221207,20321207
06-Dec-22,3.46123,8.40854,8.41039,0.81923,20221208,20321208
07-Dec-22,3.376,8.44702,8.44889,0.82414,20221209,20321209
08-Dec-22,3.46559,8.40961,8.4134,0.81898,20221212,20321212
09-Dec-22,3.54905,8.3813,8.38512,0.81421,20221213,20321213
12-Dec-22,3.59395,8.36394,8.36587,0.81165,20221214,20321214
13-Dec-22,3.48233,8.41542,8.41739,0.81802,20221215,20321215
14-Dec-22,3.48304,8.41627,8.41824,0.81798,20221216,20321216
15-Dec-22,3.44079,8.42784,8.43178,0.8204,20221219,20321219
16-Dec-22,3.4718,8.4224,8.42635,0.81862,20221220,20321220
19-Dec-22,3.55391,8.39202,8.39399,0.81393,20221221,20321221
20-Dec-22,3.63324,8.36386,8.36581,0.80942,20221222,20321222
21-Dec-22,3.64509,8.36216,8.36414,0.80875,20221223,20321223
22-Dec-22,3.64083,8.35529,8.36033,0.80899,20221228,20321228
23-Dec-22,3.71328,8.32802,8.33428,0.80491,20221229,20321229
27-Dec-22,3.81037,8.29495,8.29794,0.79947,20221229,20321229
28-Dec-22,3.84432,8.28522,8.28716,0.79758,20221230,20321230
29-Dec-22,3.80089,8.29314,8.29801,0.8,20230103,20330103
30-Dec-22,3.78732,8.29715,8.30201,0.80076,20230104,20330104
03-Jan-23,3.73573,8.31636,8.31831,0.80365,20230105,20330105
04-Jan-23,3.65957,8.34375,8.3457,0.80794,20230106,20330106
05-Jan-23,3.67409,8.33267,8.33657,0.80712,20230109,20330109
06-Jan-23,3.51636,8.40248,8.40641,0.81607,20230110,20330110
09-Jan-23,3.45965,8.42834,8.43031,0.81932,20230111,20330111
