"Date","10 year note Current Mid Yield","10 year note Current Mid Price","10 year note Current Dirty Mid Price","10 year note Current Coupon","10 year note Current Maturity date","10 year note Current Issue Date","10 year note Current First Coupon Date"
09-Jan-18,2.54481,97.44531,97.79338,2.25,20271115,20171115,20180515
10-Jan-18,2.54763,97.42188,97.77616,2.25,20271115,20171115,20180515
11-Jan-18,2.53031,97.57031,97.93081,2.25,20271115,20171115,20180515
12-Jan-18,2.55074,97.39844,97.7838,2.25,20271115,20171115,20180515
16-Jan-18,2.54348,97.46094,97.85251,2.25,20271115,20171115,20180515
17-Jan-18,2.57662,97.17969,97.57748,2.25,20271115,20171115,20180515
18-Jan-18,2.60988,96.89844,97.30244,2.25,20271115,20171115,20180515
19-Jan-18,2.6379,96.66406,97.08671,2.25,20271115,20171115,20180515
22-Jan-18,2.66212,96.46094,96.8898,2.25,20271115,20171115,20180515
23-Jan-18,2.62142,96.80469,97.23977,2.25,20271115,20171115,20180515
24-Jan-18,2.65303,96.53906,96.98036,2.25,20271115,20171115,20180515
25-Jan-18,2.61976,96.82031,97.26783,2.25,20271115,20171115,20180515
26-Jan-18,2.66087,96.47656,96.94272,2.25,20271115,20171115,20180515
29-Jan-18,2.69732,96.17188,96.64425,2.25,20271115,20171115,20180515
30-Jan-18,2.72455,95.94531,96.4239,2.25,20271115,20171115,20180515
31-Jan-18,2.71905,95.99219,96.47699,2.25,20271115,20171115,20180515
01-Feb-18,2.77173,95.55469,96.04571,2.25,20271115,20171115,20180515
02-Feb-18,2.85155,94.89844,95.40811,2.25,20271115,20171115,20180515
05-Feb-18,2.79301,95.38281,95.8987,2.25,20271115,20171115,20180515
06-Feb-18,2.76486,95.61719,96.13929,2.25,20271115,20171115,20180515
07-Feb-18,2.82751,99.32896,99.32896,2.75,20280215,20180215,20180815
08-Feb-18,2.84846,99.14844,99.14844,2.75,20280215,20180215,20180815
09-Feb-18,2.83032,99.30469,99.30469,2.75,20280215,20180215,20180815
12-Feb-18,2.85391,99.10156,99.10156,2.75,20280215,20180215,20180815
13-Feb-18,2.83939,99.22656,99.22656,2.75,20280215,20180215,20180815
14-Feb-18,2.9122,98.60156,98.60156,2.75,20280215,20180215,20180815
15-Feb-18,2.89215,98.77344,98.78103,2.75,20280215,20180215,20180815
16-Feb-18,2.87585,98.91406,98.95205,2.75,20280215,20180215,20180815
20-Feb-18,2.89229,98.77344,98.81902,2.75,20280215,20180215,20180815
21-Feb-18,2.93992,98.36719,98.42036,2.75,20280215,20180215,20180815
22-Feb-18,2.91521,98.57812,98.6389,2.75,20280215,20180215,20180815
23-Feb-18,2.87052,98.96094,99.0445,2.75,20280215,20180215,20180815
26-Feb-18,2.85778,99.07031,99.16147,2.75,20280215,20180215,20180815
27-Feb-18,2.90714,98.64844,98.74719,2.75,20280215,20180215,20180815
28-Feb-18,2.86694,98.99219,99.09854,2.75,20280215,20180215,20180815
01-Mar-18,2.80147,99.55469,99.66864,2.75,20280215,20180215,20180815
02-Mar-18,2.85608,99.08594,99.22268,2.75,20280215,20180215,20180815
05-Mar-18,2.87803,98.89844,99.04277,2.75,20280215,20180215,20180815
06-Mar-18,2.87622,98.91406,99.066,2.75,20280215,20180215,20180815
07-Mar-18,2.88174,98.86719,99.02672,2.75,20280215,20180215,20180815
08-Mar-18,2.8653,99.00781,99.17494,2.75,20280215,20180215,20180815
09-Mar-18,2.89285,98.77344,98.96335,2.75,20280215,20180215,20180815
12-Mar-18,2.86905,98.97656,99.17408,2.75,20280215,20180215,20180815
13-Mar-18,2.84713,99.16406,99.36917,2.75,20280215,20180215,20180815
14-Mar-18,2.81613,99.42969,99.64239,2.75,20280215,20180215,20180815
15-Mar-18,2.82344,99.36719,99.58749,2.75,20280215,20180215,20180815
16-Mar-18,2.84723,99.16406,99.40716,2.75,20280215,20180215,20180815
19-Mar-18,2.84359,99.19531,99.446,2.75,20280215,20180215,20180815
20-Mar-18,2.88026,98.88281,99.1411,2.75,20280215,20180215,20180815
21-Mar-18,2.90511,98.67188,98.93776,2.75,20280215,20180215,20180815
22-Mar-18,2.83084,99.30469,99.57817,2.75,20280215,20180215,20180815
23-Mar-18,2.82541,99.35156,99.64783,2.75,20280215,20180215,20180815
26-Mar-18,2.84006,99.22656,99.53043,2.75,20280215,20180215,20180815
27-Mar-18,2.7871,99.67969,99.99115,2.75,20280215,20180215,20180815
28-Mar-18,2.77344,99.79688,100.11594,2.75,20280215,20180215,20180815
29-Mar-18,2.74343,100.05469,100.40414,2.75,20280215,20180215,20180815
02-Apr-18,2.73072,100.16406,100.52111,2.75,20280215,20180215,20180815
03-Apr-18,2.78166,99.72656,100.0912,2.75,20280215,20180215,20180815
04-Apr-18,2.78897,99.66406,100.0363,2.75,20280215,20180215,20180815
05-Apr-18,2.83107,99.30469,99.68452,2.75,20280215,20180215,20180815
06-Apr-18,2.77439,99.78906,100.19169,2.75,20280215,20180215,20180815
09-Apr-18,2.78535,99.69531,100.10553,2.75,20280215,20180215,20180815
10-Apr-18,2.79633,99.60156,100.01938,2.75,20280215,20180215,20180815
11-Apr-18,2.78902,99.66406,100.08948,2.75,20280215,20180215,20180815
12-Apr-18,2.83303,99.28906,99.72207,2.75,20280215,20180215,20180815
13-Apr-18,2.82757,99.33594,99.79174,2.75,20280215,20180215,20180815
16-Apr-18,2.83127,99.30469,99.76809,2.75,20280215,20180215,20180815
17-Apr-18,2.81291,99.46094,99.93193,2.75,20280215,20180215,20180815
18-Apr-18,2.86632,99.00781,99.4864,2.75,20280215,20180215,20180815
19-Apr-18,2.91262,98.61719,99.10338,2.75,20280215,20180215,20180815
20-Apr-18,2.94992,98.30469,98.81367,2.75,20280215,20180215,20180815
23-Apr-18,2.97236,98.11719,98.63376,2.75,20280215,20180215,20180815
24-Apr-18,2.98175,98.03906,98.56323,2.75,20280215,20180215,20180815
25-Apr-18,3.02304,97.69531,98.22708,2.75,20280215,20180215,20180815
26-Apr-18,2.98935,97.97656,98.51593,2.75,20280215,20180215,20180815
27-Apr-18,2.95586,98.25781,98.81997,2.75,20280215,20180215,20180815
30-Apr-18,2.93538,98.42969,98.99944,2.75,20280215,20180215,20180815
01-May-18,2.97466,98.10156,98.67891,2.75,20280215,20180215,20180815
02-May-18,2.96348,98.19531,98.78026,2.75,20280215,20180215,20180815
03-May-18,2.94485,98.35156,98.9441,2.75,20280215,20180215,20180815
04-May-18,2.94312,98.36719,98.98252,2.75,20280215,20180215,20180815
07-May-18,2.94877,98.32031,98.94324,2.75,20280215,20180215,20180815
08-May-18,2.96754,98.16406,98.79459,2.75,20280215,20180215,20180815
09-May-18,2.99326,98.98449,98.98449,2.875,20280515,20180515,20181115
10-May-18,2.97042,99.17969,99.17969,2.875,20280515,20180515,20181115
11-May-18,2.97042,99.17969,99.17969,2.875,20280515,20180515,20181115
14-May-18,2.99327,98.98438,98.98438,2.875,20280515,20180515,20181115
15-May-18,3.07786,98.26562,98.27344,2.875,20280515,20180515,20181115
16-May-18,3.0936,98.13281,98.14844,2.875,20280515,20180515,20181115
17-May-18,3.10846,98.00781,98.03125,2.875,20280515,20180515,20181115
18-May-18,3.06605,98.36719,98.41406,2.875,20280515,20180515,20181115
21-May-18,3.06425,98.38281,98.4375,2.875,20280515,20180515,20181115
22-May-18,3.06429,98.38281,98.44531,2.875,20280515,20180515,20181115
23-May-18,3.00172,98.91406,98.98438,2.875,20280515,20180515,20181115
24-May-18,2.97974,99.10156,99.17969,2.875,20280515,20180515,20181115
25-May-18,2.93407,99.49219,99.60156,2.875,20280515,20180515,20181115
29-May-18,2.76747,100.92969,101.04688,2.875,20280515,20180515,20181115
30-May-18,2.84318,100.27344,100.39844,2.875,20280515,20180515,20181115
31-May-18,2.82146,100.46094,100.59375,2.875,20280515,20180515,20181115
01-Jun-18,2.89399,99.83594,99.99219,2.875,20280515,20180515,20181115
04-Jun-18,2.93596,99.47656,99.64063,2.875,20280515,20180515,20181115
05-Jun-18,2.91769,99.63281,99.80469,2.875,20280515,20180515,20181115
06-Jun-18,2.97448,99.14844,99.32813,2.875,20280515,20180515,20181115
07-Jun-18,2.93233,99.50781,99.69531,2.875,20280515,20180515,20181115
08-Jun-18,2.93419,99.49219,99.70313,2.875,20280515,20180515,20181115
11-Jun-18,2.9562,99.30469,99.52344,2.875,20280515,20180515,20181115
12-Jun-18,2.95621,99.30469,99.53125,2.875,20280515,20180515,20181115
13-Jun-18,2.97829,99.11719,99.35156,2.875,20280515,20180515,20181115
14-Jun-18,2.94523,99.39844,99.64063,2.875,20280515,20180515,20181115
15-Jun-18,2.92326,99.58594,99.85156,2.875,20280515,20180515,20181115
18-Jun-18,2.92418,99.57812,99.85156,2.875,20280515,20180515,20181115
19-Jun-18,2.89124,99.85938,100.14062,2.875,20280515,20180515,20181115
20-Jun-18,2.92694,99.55469,99.84375,2.875,20280515,20180515,20181115
21-Jun-18,2.8949,99.82812,100.125,2.875,20280515,20180515,20181115
22-Jun-18,2.89948,99.78906,100.10938,2.875,20280515,20180515,20181115
25-Jun-18,2.87388,100.00781,100.33594,2.875,20280515,20180515,20181115
26-Jun-18,2.87935,99.96094,100.29688,2.875,20280515,20180515,20181115
27-Jun-18,2.82646,100.41406,100.75781,2.875,20280515,20180515,20181115
28-Jun-18,2.84648,100.24219,100.59375,2.875,20280515,20180515,20181115
29-Jun-18,2.8501,100.21094,100.58594,2.875,20280515,20180515,20181115
02-Jul-18,2.86653,100.07031,100.45313,2.875,20280515,20180515,20181115
03-Jul-18,2.8373,100.32031,100.71875,2.875,20280515,20180515,20181115
05-Jul-18,2.83911,100.30469,100.71094,2.875,20280515,20180515,20181115
06-Jul-18,2.82995,100.38281,100.8125,2.875,20280515,20180515,20181115
09-Jul-18,2.85918,100.13281,100.57031,2.875,20280515,20180515,20181115
10-Jul-18,2.87199,100.02344,100.46875,2.875,20280515,20180515,20181115
11-Jul-18,2.8427,100.27344,100.72656,2.875,20280515,20180515,20181115
12-Jul-18,2.85184,100.19531,100.65625,2.875,20280515,20180515,20181115
13-Jul-18,2.82986,100.38281,100.86719,2.875,20280515,20180515,20181115
16-Jul-18,2.85455,100.17188,100.66406,2.875,20280515,20180515,20181115
17-Jul-18,2.86096,100.11719,100.61719,2.875,20280515,20180515,20181115
18-Jul-18,2.87381,100.00781,100.51563,2.875,20280515,20180515,20181115
19-Jul-18,2.84628,100.24219,100.75781,2.875,20280515,20180515,20181115
20-Jul-18,2.8922,99.85156,100.39063,2.875,20280515,20180515,20181115
23-Jul-18,2.9643,99.24219,99.78906,2.875,20280515,20180515,20181115
24-Jul-18,2.94948,99.36719,99.92188,2.875,20280515,20180515,20181115
25-Jul-18,2.93468,99.49219,100.05469,2.875,20280515,20180515,20181115
26-Jul-18,2.97365,99.16406,99.73438,2.875,20280515,20180515,20181115
27-Jul-18,2.9607,99.27344,99.86719,2.875,20280515,20180515,20181115
30-Jul-18,2.97373,99.16406,99.76563,2.875,20280515,20180515,20181115
31-Jul-18,2.9626,99.25781,99.86719,2.875,20280515,20180515,20181115
01-Aug-18,3.00173,98.92969,99.54688,2.875,20280515,20180515,20181115
02-Aug-18,2.98498,99.07031,99.69531,2.875,20280515,20180515,20181115
03-Aug-18,2.95154,99.35156,100,2.875,20280515,20180515,20181115
06-Aug-18,2.9367,99.47656,100.13281,2.875,20280515,20180515,20181115
07-Aug-18,2.97206,99.17969,99.84375,2.875,20280515,20180515,20181115
08-Aug-18,2.96521,99.22424,99.22424,2.875,20280815,20180815,20190215
09-Aug-18,2.93396,99.49219,99.49219,2.875,20280815,20180815,20190215
10-Aug-18,2.85783,100.14844,100.14844,2.875,20280815,20180815,20190215
13-Aug-18,2.8759,99.99219,99.99219,2.875,20280815,20180815,20190215
14-Aug-18,2.89401,99.83594,99.83594,2.875,20280815,20180815,20190215
15-Aug-18,2.8506,100.21094,100.21875,2.875,20280815,20180815,20190215
16-Aug-18,2.87046,100.03906,100.05469,2.875,20280815,20180815,20190215
17-Aug-18,2.87225,100.02344,100.0625,2.875,20280815,20180815,20190215
20-Aug-18,2.82166,100.46094,100.50781,2.875,20280815,20180815,20190215
21-Aug-18,2.8433,100.27344,100.32813,2.875,20280815,20180815,20190215
22-Aug-18,2.82253,100.45312,100.51563,2.875,20280815,20180815,20190215
23-Aug-18,2.81981,100.47656,100.54688,2.875,20280815,20180815,20190215
24-Aug-18,2.82516,100.42969,100.52344,2.875,20280815,20180815,20190215
27-Aug-18,2.84865,100.22656,100.32813,2.875,20280815,20180815,20190215
28-Aug-18,2.88309,99.92969,100.03906,2.875,20280815,20180815,20190215
29-Aug-18,2.88127,99.94531,100.0625,2.875,20280815,20180815,20190215
30-Aug-18,2.85948,100.13281,100.25781,2.875,20280815,20180815,20190215
31-Aug-18,2.85219,100.19531,100.35156,2.875,20280815,20180815,20190215
04-Sep-18,2.90127,99.77344,99.9375,2.875,20280815,20180815,20190215
05-Sep-18,2.90127,99.77344,99.94531,2.875,20280815,20180815,20190215
06-Sep-18,2.87578,99.99219,100.17188,2.875,20280815,20180815,20190215
07-Sep-18,2.9415,99.42969,99.63281,2.875,20280815,20180815,20190215
10-Sep-18,2.93602,99.47656,99.6875,2.875,20280815,20180815,20190215
11-Sep-18,2.97825,99.11719,99.33594,2.875,20280815,20180815,20190215
12-Sep-18,2.96172,99.25781,99.48438,2.875,20280815,20180815,20190215
13-Sep-18,2.96357,99.24219,99.47656,2.875,20280815,20180815,20190215
14-Sep-18,2.99309,98.99219,99.25,2.875,20280815,20180815,20190215
17-Sep-18,3.00049,98.92969,99.19531,2.875,20280815,20180815,20190215
18-Sep-18,3.04679,98.53906,98.8125,2.875,20280815,20180815,20190215
19-Sep-18,3.08213,98.24219,98.52344,2.875,20280815,20180815,20190215
20-Sep-18,3.07659,98.28906,98.57813,2.875,20280815,20180815,20190215
21-Sep-18,3.06742,98.36719,98.67969,2.875,20280815,20180815,20190215
24-Sep-18,3.07677,98.28906,98.60938,2.875,20280815,20180815,20190215
25-Sep-18,3.10106,98.08594,98.41406,2.875,20280815,20180815,20190215
26-Sep-18,3.0601,98.42969,98.76563,2.875,20280815,20180815,20190215
27-Sep-18,3.05456,98.47656,98.82031,2.875,20280815,20180815,20190215
28-Sep-18,3.05467,98.47656,98.84375,2.875,20280815,20180815,20190215
01-Oct-18,3.07894,98.27344,98.64844,2.875,20280815,20180815,20190215
02-Oct-18,3.05475,98.47656,98.85938,2.875,20280815,20180815,20190215
03-Oct-18,3.15964,97.60156,97.99219,2.875,20280815,20180815,20190215
04-Oct-18,3.1927,97.32812,97.72656,2.875,20280815,20180815,20190215
05-Oct-18,3.22612,97.05469,97.48438,2.875,20280815,20180815,20190215
09-Oct-18,3.20725,97.21094,97.64844,2.875,20280815,20180815,20190215
10-Oct-18,3.22438,97.07031,97.51563,2.875,20280815,20180815,20190215
11-Oct-18,3.13004,97.85156,98.30469,2.875,20280815,20180815,20190215
12-Oct-18,3.13962,97.77344,98.25,2.875,20280815,20180815,20190215
15-Oct-18,3.16231,97.58594,98.07031,2.875,20280815,20180815,20190215
16-Oct-18,3.15483,97.64844,98.14063,2.875,20280815,20180815,20190215
17-Oct-18,3.17756,97.46094,97.96094,2.875,20280815,20180815,20190215
18-Oct-18,3.17385,97.49219,98,2.875,20280815,20180815,20190215
19-Oct-18,3.20058,97.27344,97.80469,2.875,20280815,20180815,20190215
22-Oct-18,3.19307,97.33594,97.875,2.875,20280815,20180815,20190215
23-Oct-18,3.16473,97.57031,98.11719,2.875,20280815,20180815,20190215
24-Oct-18,3.12326,97.91406,98.46875,2.875,20280815,20180815,20190215
25-Oct-18,3.13464,97.82031,98.38281,2.875,20280815,20180815,20190215
26-Oct-18,3.07457,98.32031,98.90625,2.875,20280815,20180815,20190215
29-Oct-18,3.08495,98.23438,98.82813,2.875,20280815,20180815,20190215
30-Oct-18,3.10853,98.03906,98.64063,2.875,20280815,20180815,20190215
31-Oct-18,3.1577,97.63281,98.24219,2.875,20280815,20180815,20190215
01-Nov-18,3.14263,97.75781,98.375,2.875,20280815,20180815,20190215
02-Nov-18,3.21309,97.17969,97.82031,2.875,20280815,20180815,20190215
05-Nov-18,3.19793,97.30469,97.95313,2.875,20280815,20180815,20190215
06-Nov-18,3.212,99.2609,99.2609,3.125,20281115,20181115,20190515
07-Nov-18,3.21237,99.25781,99.25781,3.125,20281115,20181115,20190515
08-Nov-18,3.23086,99.10156,99.10156,3.125,20281115,20181115,20190515
09-Nov-18,3.18838,99.46094,99.46094,3.125,20281115,20181115,20190515
13-Nov-18,3.14425,99.83594,99.83594,3.125,20281115,20181115,20190515
14-Nov-18,3.11859,100.05469,100.05469,3.125,20281115,20181115,20190515
15-Nov-18,3.11675,100.07031,100.07895,3.125,20281115,20181115,20190515
16-Nov-18,3.07286,100.44531,100.47984,3.125,20281115,20181115,20190515
19-Nov-18,3.05735,100.57812,100.62129,3.125,20281115,20181115,20190515
20-Nov-18,3.04731,100.66406,100.71586,3.125,20281115,20181115,20190515
21-Nov-18,3.06001,100.55469,100.62375,3.125,20281115,20181115,20190515
23-Nov-18,3.05265,100.61719,100.71215,3.125,20281115,20181115,20190515
26-Nov-18,3.06905,100.47656,100.58015,3.125,20281115,20181115,20190515
27-Nov-18,3.05625,100.58594,100.69816,3.125,20281115,20181115,20190515
28-Nov-18,3.04346,100.69531,100.81617,3.125,20281115,20181115,20190515
29-Nov-18,3.03432,100.77344,100.90293,3.125,20281115,20181115,20190515
30-Nov-18,3.01239,100.96094,101.11632,3.125,20281115,20181115,20190515
03-Dec-18,2.99055,101.14844,101.31246,3.125,20281115,20181115,20190515
04-Dec-18,2.92168,101.74219,101.92347,3.125,20281115,20181115,20190515
06-Dec-18,2.87481,102.14844,102.33835,3.125,20281115,20181115,20190515
07-Dec-18,2.84948,102.36719,102.583,3.125,20281115,20181115,20190515
10-Dec-18,2.8548,102.32031,102.54476,3.125,20281115,20181115,20190515
11-Dec-18,2.87989,102.10156,102.33464,3.125,20281115,20181115,20190515
12-Dec-18,2.90505,101.88281,102.12453,3.125,20281115,20181115,20190515
13-Dec-18,2.91041,101.83594,102.08628,3.125,20281115,20181115,20190515
14-Dec-18,2.88858,102.02344,102.29968,3.125,20281115,20181115,20190515
17-Dec-18,2.85611,102.30469,102.58956,3.125,20281115,20181115,20190515
18-Dec-18,2.82193,102.60156,102.89507,3.125,20281115,20181115,20190515
19-Dec-18,2.77446,103.01562,103.31777,3.125,20281115,20181115,20190515
20-Dec-18,2.78777,102.89844,103.20921,3.125,20281115,20181115,20190515
21-Dec-18,2.79109,102.86719,103.20386,3.125,20281115,20181115,20190515
24-Dec-18,2.75073,103.21875,103.57269,3.125,20281115,20181115,20190515
26-Dec-18,2.79621,102.82031,103.18288,3.125,20281115,20181115,20190515
27-Dec-18,2.74163,103.29688,103.66808,3.125,20281115,20181115,20190515
28-Dec-18,2.73688,103.33594,103.73304,3.125,20281115,20181115,20190515
31-Dec-18,2.69042,103.74219,104.15655,3.125,20281115,20181115,20190515
02-Jan-19,2.66017,104.00781,104.43081,3.125,20281115,20181115,20190515
03-Jan-19,2.55257,104.96094,105.39257,3.125,20281115,20181115,20190515
04-Jan-19,2.65794,104.02344,104.48097,3.125,20281115,20181115,20190515
07-Jan-19,2.68089,103.82031,104.28647,3.125,20281115,20181115,20190515
08-Jan-19,2.7146,103.52344,103.99823,3.125,20281115,20181115,20190515
09-Jan-19,2.72699,103.41406,103.89749,3.125,20281115,20181115,20190515
10-Jan-19,2.73046,103.38281,103.87487,3.125,20281115,20181115,20190515
11-Jan-19,2.69804,103.66406,104.18202,3.125,20281115,20181115,20190515
14-Jan-19,2.70864,103.57031,104.0969,3.125,20281115,20181115,20190515
15-Jan-19,2.70675,103.58594,104.12116,3.125,20281115,20181115,20190515
16-Jan-19,2.72809,103.39844,103.94229,3.125,20281115,20181115,20190515
17-Jan-19,2.7459,103.24219,103.79467,3.125,20281115,20181115,20190515
18-Jan-19,2.78147,102.92969,103.5167,3.125,20281115,20181115,20190515
22-Jan-19,2.73109,103.36719,103.96284,3.125,20281115,20181115,20190515
23-Jan-19,2.75432,103.16406,103.76834,3.125,20281115,20181115,20190515
24-Jan-19,2.7112,103.53906,104.15198,3.125,20281115,20181115,20190515
25-Jan-19,2.75036,103.19531,103.83412,3.125,20281115,20181115,20190515
28-Jan-19,2.74308,103.25781,103.90526,3.125,20281115,20181115,20190515
29-Jan-19,2.71069,103.53906,104.19514,3.125,20281115,20181115,20190515
30-Jan-19,2.69447,103.67969,104.3444,3.125,20281115,20181115,20190515
31-Jan-19,2.6337,104.21094,104.88428,3.125,20281115,20181115,20190515
01-Feb-19,2.69047,103.71094,104.41018,3.125,20281115,20181115,20190515
04-Feb-19,2.72265,103.42969,104.13756,3.125,20281115,20181115,20190515
05-Feb-19,2.70281,103.60156,104.31807,3.125,20281115,20181115,20190515
06-Feb-19,2.70162,99.33253,99.33253,2.625,20290215,20190215,20190815
07-Feb-19,2.65184,99.76562,99.76563,2.625,20290215,20190215,20190815
08-Feb-19,2.63126,99.94531,99.94531,2.625,20290215,20190215,20190815
11-Feb-19,2.6599,99.69531,99.69531,2.625,20290215,20190215,20190815
12-Feb-19,2.68324,99.49219,99.49219,2.625,20290215,20190215,20190815
13-Feb-19,2.70482,99.30469,99.30469,2.625,20290215,20190215,20190815
14-Feb-19,2.65811,99.71094,99.71094,2.625,20290215,20190215,20190815
15-Feb-19,2.6653,99.64844,99.67744,2.625,20290215,20190215,20190815
19-Feb-19,2.64377,99.83594,99.87219,2.625,20290215,20190215,20190815
20-Feb-19,2.65095,99.77344,99.81695,2.625,20290215,20190215,20190815
21-Feb-19,2.6869,99.46094,99.5117,2.625,20290215,20190215,20190815
22-Feb-19,2.65454,99.74219,99.8147,2.625,20290215,20190215,20190815
25-Feb-19,2.67253,99.58594,99.6657,2.625,20290215,20190215,20190815
26-Feb-19,2.6348,99.91406,100.00108,2.625,20290215,20190215,20190815
27-Feb-19,2.69237,99.41406,99.50833,2.625,20290215,20190215,20190815
28-Feb-19,2.71045,99.25781,99.35933,2.625,20290215,20190215,20190815
01-Mar-19,2.75401,98.88281,99.00609,2.625,20290215,20190215,20190815
04-Mar-19,2.72137,99.16406,99.29459,2.625,20290215,20190215,20190815
05-Mar-19,2.72049,99.17188,99.30965,2.625,20290215,20190215,20190815
06-Mar-19,2.69065,99.42969,99.57472,2.625,20290215,20190215,20190815
07-Mar-19,2.63478,99.91406,100.06634,2.625,20290215,20190215,20190815
08-Mar-19,2.62399,100.00781,100.18185,2.625,20290215,20190215,20190815
11-Mar-19,2.64017,99.86719,100.04847,2.625,20290215,20190215,20190815
12-Mar-19,2.60422,100.17969,100.36822,2.625,20290215,20190215,20190815
13-Mar-19,2.6096,100.13281,100.3286,2.625,20290215,20190215,20190815
14-Mar-19,2.62937,99.96094,100.16398,2.625,20290215,20190215,20190815
15-Mar-19,2.59161,100.28906,100.51386,2.625,20290215,20190215,20190815
18-Mar-19,2.60058,100.21094,100.44298,2.625,20290215,20190215,20190815
19-Mar-19,2.61135,100.11719,100.35648,2.625,20290215,20190215,20190815
20-Mar-19,2.53607,100.77344,101.01998,2.625,20290215,20190215,20190815
21-Mar-19,2.53783,100.75781,101.01161,2.625,20290215,20190215,20190815
22-Mar-19,2.45408,101.49219,101.76774,2.625,20290215,20190215,20190815
25-Mar-19,2.41686,101.82031,102.10312,2.625,20290215,20190215,20190815
26-Mar-19,2.4115,101.86719,102.15724,2.625,20290215,20190215,20190815
27-Mar-19,2.37089,102.22656,102.52387,2.625,20290215,20190215,20190815
28-Mar-19,2.38844,102.07031,102.37487,2.625,20290215,20190215,20190815
29-Mar-19,2.413,101.85156,102.17787,2.625,20290215,20190215,20190815
01-Apr-19,2.49645,101.11719,101.45075,2.625,20290215,20190215,20190815
02-Apr-19,2.47858,101.27344,101.61425,2.625,20290215,20190215,20190815
03-Apr-19,2.51603,100.94531,101.29338,2.625,20290215,20190215,20190815
04-Apr-19,2.50885,101.00781,101.36313,2.625,20290215,20190215,20190815
05-Apr-19,2.49714,101.10938,101.48645,2.625,20290215,20190215,20190815
08-Apr-19,2.51768,100.92969,101.31401,2.625,20290215,20190215,20190815
09-Apr-19,2.49796,101.10156,101.49314,2.625,20290215,20190215,20190815
10-Apr-19,2.47649,101.28906,101.68789,2.625,20290215,20190215,20190815
11-Apr-19,2.50327,101.05469,101.46076,2.625,20290215,20190215,20190815
12-Apr-19,2.55794,100.57812,101.00596,2.625,20290215,20190215,20190815
15-Apr-19,2.55162,100.63281,101.0679,2.625,20290215,20190215,20190815
16-Apr-19,2.59309,100.27344,100.71577,2.625,20290215,20190215,20190815
17-Apr-19,2.59128,100.28906,100.73865,2.625,20290215,20190215,20190815
18-Apr-19,2.55691,100.58594,101.06453,2.625,20290215,20190215,20190815
22-Apr-19,2.58942,100.30469,100.79053,2.625,20290215,20190215,20190815
23-Apr-19,2.56861,100.48438,100.97747,2.625,20290215,20190215,20190815
24-Apr-19,2.52082,100.89844,101.39878,2.625,20290215,20190215,20190815
25-Apr-19,2.5334,100.78906,101.29666,2.625,20290215,20190215,20190815
26-Apr-19,2.50273,101.05469,101.58404,2.625,20290215,20190215,20190815
29-Apr-19,2.5351,100.77344,101.31004,2.625,20290215,20190215,20190815
30-Apr-19,2.50626,101.02344,101.56729,2.625,20290215,20190215,20190815
01-May-19,2.50983,100.99219,101.54329,2.625,20290215,20190215,20190815
02-May-19,2.55129,100.63281,101.19117,2.625,20290215,20190215,20190815
03-May-19,2.52955,100.82031,101.40042,2.625,20290215,20190215,20190815
06-May-19,2.49888,101.08594,101.6733,2.625,20290215,20190215,20190815
07-May-19,2.44676,101.53906,102.13368,2.625,20290215,20190215,20190815
08-May-19,2.48142,99.06267,99.06267,2.375,20290515,20190515,20191115
09-May-19,2.45561,99.28906,99.28906,2.375,20290515,20190515,20191115
10-May-19,2.45383,99.30469,99.30469,2.375,20290515,20190515,20191115
13-May-19,2.40416,99.74219,99.74219,2.375,20290515,20190515,20191115
14-May-19,2.41833,99.61719,99.61719,2.375,20290515,20190515,20191115
15-May-19,2.37764,99.97656,99.98302,2.375,20290515,20190515,20191115
16-May-19,2.40416,99.74219,99.7551,2.375,20290515,20190515,20191115
17-May-19,2.39178,99.85156,99.88383,2.375,20290515,20190515,20191115
20-May-19,2.41215,99.67188,99.7106,2.375,20290515,20190515,20191115
21-May-19,2.42547,99.55469,99.59986,2.375,20290515,20190515,20191115
22-May-19,2.39178,99.85156,99.90319,2.375,20290515,20190515,20191115
23-May-19,2.29482,100.71094,100.76902,2.375,20290515,20190515,20191115
24-May-19,2.32815,100.41406,100.49796,2.375,20290515,20190515,20191115
28-May-19,2.26664,100.96094,101.05129,2.375,20290515,20190515,20191115
29-May-19,2.23513,101.24219,101.33899,2.375,20290515,20190515,20191115
30-May-19,2.22461,101.33594,101.4392,2.375,20290515,20190515,20191115
31-May-19,2.14102,102.08594,102.20856,2.375,20290515,20190515,20191115
03-Jun-19,2.08051,102.63281,102.76189,2.375,20290515,20190515,20191115
04-Jun-19,2.12013,102.27344,102.40897,2.375,20290515,20190515,20191115
05-Jun-19,2.12093,102.26562,102.40761,2.375,20290515,20190515,20191115
06-Jun-19,2.12173,102.25781,102.40625,2.375,20290515,20190515,20191115
07-Jun-19,2.08352,102.60156,102.76936,2.375,20290515,20190515,20191115
10-Jun-19,2.14054,102.08594,102.26019,2.375,20290515,20190515,20191115
11-Jun-19,2.13875,102.10156,102.28227,2.375,20290515,20190515,20191115
12-Jun-19,2.12654,102.21094,102.3981,2.375,20290515,20190515,20191115
13-Jun-19,2.09013,102.53906,102.73268,2.375,20290515,20190515,20191115
14-Jun-19,2.09337,102.50781,102.72079,2.375,20290515,20190515,20191115
17-Jun-19,2.08466,102.58594,102.80537,2.375,20290515,20190515,20191115
18-Jun-19,2.05696,102.83594,103.06182,2.375,20290515,20190515,20191115
19-Jun-19,2.02588,103.11719,103.34952,2.375,20290515,20190515,20191115
20-Jun-19,2.00003,103.35156,103.59035,2.375,20290515,20190515,20191115
21-Jun-19,2.06519,102.75781,103.01596,2.375,20290515,20190515,20191115
24-Jun-19,2.01856,103.17969,103.44429,2.375,20290515,20190515,20191115
25-Jun-19,1.99098,103.42969,103.70075,2.375,20290515,20190515,20191115
26-Jun-19,2.04768,102.91406,103.19158,2.375,20290515,20190515,20191115
27-Jun-19,2.00453,103.30469,103.58865,2.375,20290515,20190515,20191115
28-Jun-19,1.99909,103.35156,103.65489,2.375,20290515,20190515,20191115
01-Jul-19,2.03173,103.05469,103.36447,2.375,20290515,20190515,20191115
02-Jul-19,1.97656,103.55469,103.87092,2.375,20290515,20190515,20191115
03-Jul-19,1.95406,103.75781,104.08696,2.375,20290515,20190515,20191115
05-Jul-19,2.04246,102.95312,103.30163,2.375,20290515,20190515,20191115
08-Jul-19,2.03286,103.03906,103.39402,2.375,20290515,20190515,20191115
09-Jul-19,2.05528,102.83594,103.19735,2.375,20290515,20190515,20191115
10-Jul-19,2.0604,102.78906,103.15693,2.375,20290515,20190515,20191115
11-Jul-19,2.11948,102.25781,102.63213,2.375,20290515,20190515,20191115
12-Jul-19,2.10533,102.38281,102.77649,2.375,20290515,20190515,20191115
15-Jul-19,2.09132,102.50781,102.90795,2.375,20290515,20190515,20191115
16-Jul-19,2.11916,102.25781,102.6644,2.375,20290515,20190515,20191115
17-Jul-19,2.05985,102.78906,103.20211,2.375,20290515,20190515,20191115
18-Jul-19,2.03894,102.97656,103.39606,2.375,20290515,20190515,20191115
19-Jul-19,2.04824,102.89062,103.32948,2.375,20290515,20190515,20191115
22-Jul-19,2.04208,102.94531,103.39063,2.375,20290515,20190515,20191115
23-Jul-19,2.07331,102.66406,103.11583,2.375,20290515,20190515,20191115
24-Jul-19,2.04887,102.88281,103.34103,2.375,20290515,20190515,20191115
25-Jul-19,2.07316,102.66406,103.12874,2.375,20290515,20190515,20191115
26-Jul-19,2.07992,102.60156,103.0856,2.375,20290515,20190515,20191115
29-Jul-19,2.05368,102.83594,103.32643,2.375,20290515,20190515,20191115
30-Jul-19,2.06057,102.77344,103.27038,2.375,20290515,20190515,20191115
31-Jul-19,2.0196,103.14062,103.64402,2.375,20290515,20190515,20191115
01-Aug-19,1.89091,104.30469,104.81454,2.375,20290515,20190515,20191115
02-Aug-19,1.85456,104.63281,105.16202,2.375,20290515,20190515,20191115
05-Aug-19,1.73536,105.72656,106.26223,2.375,20290515,20190515,20191115
06-Aug-19,1.73859,105.69531,106.23743,2.375,20290515,20190515,20191115
07-Aug-19,1.68605,99.44038,99.44038,1.625,20290815,20190815,20200215
08-Aug-19,1.71461,99.17969,99.17969,1.625,20290815,20190815,20200215
09-Aug-19,1.7335,99.00781,99.00781,1.625,20290815,20190815,20200215
12-Aug-19,1.63945,99.86719,99.86719,1.625,20290815,20190815,20200215
13-Aug-19,1.67867,99.50781,99.50781,1.625,20290815,20190815,20200215
14-Aug-19,1.58007,100.41406,100.41406,1.625,20290815,20190815,20200215
15-Aug-19,1.52607,100.91406,100.91848,1.625,20290815,20190815,20200215
16-Aug-19,1.53863,100.79688,100.81454,1.625,20290815,20190815,20200215
19-Aug-19,1.59696,100.25781,100.27989,1.625,20290815,20190815,20200215
20-Aug-19,1.558,100.61719,100.64368,1.625,20290815,20190815,20200215
21-Aug-19,1.57575,100.45312,100.48404,1.625,20290815,20190815,20200215
22-Aug-19,1.60882,100.14844,100.18376,1.625,20290815,20190815,20200215
23-Aug-19,1.5258,100.91406,100.96264,1.625,20290815,20190815,20200215
26-Aug-19,1.54266,100.75781,100.8108,1.625,20290815,20190815,20200215
27-Aug-19,1.48785,101.26562,101.32303,1.625,20290815,20190815,20200215
28-Aug-19,1.46681,101.46094,101.52276,1.625,20290815,20190815,20200215
29-Aug-19,1.51557,101.00781,101.07405,1.625,20290815,20190815,20200215
30-Aug-19,1.50448,101.10938,101.19327,1.625,20290815,20190815,20200215
03-Sep-19,1.46489,101.47656,101.56488,1.625,20290815,20190815,20200215
04-Sep-19,1.45728,101.54688,101.63961,1.625,20290815,20190815,20200215
05-Sep-19,1.56449,100.55469,100.65183,1.625,20290815,20190815,20200215
06-Sep-19,1.54831,100.70312,100.81352,1.625,20290815,20190815,20200215
09-Sep-19,1.61983,100.04688,100.16168,1.625,20290815,20190815,20200215
10-Sep-19,1.70138,99.30469,99.42391,1.625,20290815,20190815,20200215
11-Sep-19,1.73248,99.02344,99.14708,1.625,20290815,20190815,20200215
12-Sep-19,1.7889,98.51562,98.64368,1.625,20290815,20190815,20200215
13-Sep-19,1.89846,97.53906,97.68037,1.625,20290815,20190815,20200215
16-Sep-19,1.84233,98.03906,98.18478,1.625,20290815,20190815,20200215
17-Sep-19,1.81177,98.3125,98.46264,1.625,20290815,20190815,20200215
18-Sep-19,1.78217,98.57812,98.73268,1.625,20290815,20190815,20200215
19-Sep-19,1.77176,98.67188,98.83084,1.625,20290815,20190815,20200215
20-Sep-19,1.75186,98.85156,99.02378,1.625,20290815,20190815,20200215
23-Sep-19,1.7068,99.25781,99.43444,1.625,20290815,20190815,20200215
24-Sep-19,1.63438,99.91406,100.09511,1.625,20290815,20190815,20200215
25-Sep-19,1.73024,99.04688,99.23234,1.625,20290815,20190815,20200215
26-Sep-19,1.68437,99.46094,99.65082,1.625,20290815,20190815,20200215
27-Sep-19,1.67145,99.57812,99.78125,1.625,20290815,20190815,20200215
30-Sep-19,1.67146,99.57812,99.78567,1.625,20290815,20190815,20200215
01-Oct-19,1.643,99.83594,100.04789,1.625,20290815,20190815,20200215
02-Oct-19,1.59659,100.25781,100.47418,1.625,20290815,20190815,20200215
03-Oct-19,1.535,100.82031,101.0411,1.625,20290815,20190815,20200215
04-Oct-19,1.51192,101.03125,101.26529,1.625,20290815,20190815,20200215
07-Oct-19,1.55113,100.67188,100.91033,1.625,20290815,20190815,20200215
08-Oct-19,1.53744,100.79688,101.03974,1.625,20290815,20190815,20200215
09-Oct-19,1.58622,100.35156,100.59885,1.625,20290815,20190815,20200215
10-Oct-19,1.65513,99.72656,99.97826,1.625,20290815,20190815,20200215
11-Oct-19,1.75168,98.85938,99.12874,1.625,20290815,20190815,20200215
15-Oct-19,1.76833,98.71094,98.98471,1.625,20290815,20190815,20200215
16-Oct-19,1.74388,98.92969,99.20788,1.625,20290815,20190815,20200215
17-Oct-19,1.7544,98.83594,99.11855,1.625,20290815,20190815,20200215
18-Oct-19,1.74837,98.89062,99.18648,1.625,20290815,20190815,20200215
21-Oct-19,1.79137,98.50781,98.80808,1.625,20290815,20190815,20200215
22-Oct-19,1.76508,98.74219,99.04688,1.625,20290815,20190815,20200215
23-Oct-19,1.7581,98.80469,99.11379,1.625,20290815,20190815,20200215
24-Oct-19,1.76515,98.74219,99.05571,1.625,20290815,20190815,20200215
25-Oct-19,1.80043,98.42969,98.75645,1.625,20290815,20190815,20200215
28-Oct-19,1.8517,97.97656,98.30774,1.625,20290815,20190815,20200215
29-Oct-19,1.83406,98.13281,98.46841,1.625,20290815,20190815,20200215
30-Oct-19,1.79527,98.47656,98.81658,1.625,20290815,20190815,20200215
31-Oct-19,1.68924,99.42188,99.7663,1.625,20290815,20190815,20200215
01-Nov-19,1.72688,99.08594,99.44361,1.625,20290815,20190815,20200215
04-Nov-19,1.78579,98.5625,98.92459,1.625,20290815,20190815,20200215
05-Nov-19,1.8646,97.86719,98.2337,1.625,20290815,20190815,20200215
06-Nov-19,1.80949,99.45801,99.45801,1.75,20291115,20191115,20200515
07-Nov-19,1.92163,98.44531,98.44531,1.75,20291115,20191115,20200515
08-Nov-19,1.93207,98.35156,98.35156,1.75,20291115,20191115,20200515
12-Nov-19,1.90772,98.57031,98.57031,1.75,20291115,20191115,20200515
13-Nov-19,1.86784,98.92969,98.92969,1.75,20291115,20191115,20200515
14-Nov-19,1.81433,99.41406,99.41406,1.75,20291115,20191115,20200515
15-Nov-19,1.83334,99.24219,99.25661,1.75,20291115,20191115,20200515
18-Nov-19,1.80664,99.48438,99.50361,1.75,20291115,20191115,20200515
19-Nov-19,1.78515,99.67969,99.70373,1.75,20291115,20191115,20200515
20-Nov-19,1.73715,100.11719,100.14603,1.75,20291115,20191115,20200515
21-Nov-19,1.77056,99.8125,99.84615,1.75,20291115,20191115,20200515
22-Nov-19,1.77315,99.78906,99.83714,1.75,20291115,20191115,20200515
25-Nov-19,1.76285,99.88281,99.9357,1.75,20291115,20191115,20200515
26-Nov-19,1.73883,100.10156,100.15925,1.75,20291115,20191115,20200515
27-Nov-19,1.76629,99.85156,99.91887,1.75,20291115,20191115,20200515
29-Nov-19,1.7749,99.77344,99.85517,1.75,20291115,20191115,20200515
02-Dec-19,1.83536,99.22656,99.3131,1.75,20291115,20191115,20200515
03-Dec-19,1.70795,100.38281,100.47416,1.75,20291115,20191115,20200515
04-Dec-19,1.78008,99.72656,99.82272,1.75,20291115,20191115,20200515
05-Dec-19,1.79389,99.60156,99.70252,1.75,20291115,20191115,20200515
06-Dec-19,1.84242,99.16406,99.27945,1.75,20291115,20191115,20200515
09-Dec-19,1.82942,99.28125,99.40144,1.75,20291115,20191115,20200515
10-Dec-19,1.83031,99.27344,99.39844,1.75,20291115,20191115,20200515
11-Dec-19,1.78876,99.64844,99.77825,1.75,20291115,20191115,20200515
12-Dec-19,1.89828,98.66406,98.79868,1.75,20291115,20191115,20200515
13-Dec-19,1.81998,99.36719,99.51623,1.75,20291115,20191115,20200515
16-Dec-19,1.88793,98.75781,98.91166,1.75,20291115,20191115,20200515
17-Dec-19,1.88709,98.76562,98.92428,1.75,20291115,20191115,20200515
18-Dec-19,1.92304,98.44531,98.60877,1.75,20291115,20191115,20200515
19-Dec-19,1.90729,98.58594,98.75421,1.75,20291115,20191115,20200515
20-Dec-19,1.91618,98.50781,98.6905,1.75,20291115,20191115,20200515
23-Dec-19,1.9338,98.35156,98.53906,1.75,20291115,20191115,20200515
24-Dec-19,1.90665,98.59375,98.79087,1.75,20291115,20191115,20200515
26-Dec-19,1.90405,98.61719,98.81911,1.75,20291115,20191115,20200515
27-Dec-19,1.8726,98.89844,99.11478,1.75,20291115,20191115,20200515
30-Dec-19,1.89367,98.71094,98.93209,1.75,20291115,20191115,20200515
31-Dec-19,1.90868,98.57812,98.80889,1.75,20291115,20191115,20200515
02-Jan-20,1.88149,98.82031,99.05589,1.75,20291115,20191115,20200515
03-Jan-20,1.78723,99.66406,99.91406,1.75,20291115,20191115,20200515
06-Jan-20,1.80988,99.46094,99.71575,1.75,20291115,20191115,20200515
07-Jan-20,1.82386,99.33594,99.59555,1.75,20291115,20191115,20200515
08-Jan-20,1.8729,98.89844,99.16286,1.75,20291115,20191115,20200515
09-Jan-20,1.85715,99.03906,99.30829,1.75,20291115,20191115,20200515
10-Jan-20,1.82482,99.32812,99.61178,1.75,20291115,20191115,20200515
13-Jan-20,1.84673,99.13281,99.42127,1.75,20291115,20191115,20200515
14-Jan-20,1.81699,99.39844,99.69171,1.75,20291115,20191115,20200515
15-Jan-20,1.78645,99.67188,99.96995,1.75,20291115,20191115,20200515
16-Jan-20,1.80741,99.48438,99.78726,1.75,20291115,20191115,20200515
17-Jan-20,1.83461,99.24219,99.5643,1.75,20291115,20191115,20200515
21-Jan-20,1.76818,99.83594,100.16286,1.75,20291115,20191115,20200515
22-Jan-20,1.76906,99.82812,100.15986,1.75,20291115,20191115,20200515
23-Jan-20,1.73772,100.10938,100.44591,1.75,20291115,20191115,20200515
24-Jan-20,1.6796,100.63281,100.98377,1.75,20291115,20191115,20200515
27-Jan-20,1.60373,101.32031,101.67608,1.75,20291115,20191115,20200515
28-Jan-20,1.63983,100.99219,101.35276,1.75,20291115,20191115,20200515
29-Jan-20,1.5925,101.42188,101.78726,1.75,20291115,20191115,20200515
30-Jan-20,1.5539,101.77344,102.14363,1.75,20291115,20191115,20200515
31-Jan-20,1.51787,102.10156,102.48618,1.75,20291115,20191115,20200515
03-Feb-20,1.51952,102.08594,102.47536,1.75,20291115,20191115,20200515
04-Feb-20,1.59999,101.35156,101.74579,1.75,20291115,20191115,20200515
05-Feb-20,1.64824,100.91406,101.3131,1.75,20291115,20191115,20200515
06-Feb-20,1.64303,100.96094,101.36478,1.75,20291115,20191115,20200515
07-Feb-20,1.57485,101.57812,101.99639,1.75,20291115,20191115,20200515
10-Feb-20,1.54649,101.83594,102.25901,1.75,20291115,20191115,20200515
11-Feb-20,1.58938,101.44531,101.8732,1.75,20291115,20191115,20200515
12-Feb-20,1.62518,98.8489,98.8489,1.5,20300215,20200218,20200815
13-Feb-20,1.61635,98.92969,98.92969,1.5,20300215,20200218,20200815
14-Feb-20,1.5874,99.19531,99.20768,1.5,20300215,20200218,20200815
18-Feb-20,1.55508,99.49219,99.50867,1.5,20300215,20200218,20200815
19-Feb-20,1.5687,99.36719,99.38779,1.5,20300215,20200218,20200815
20-Feb-20,1.52454,99.77344,99.79816,1.5,20300215,20200218,20200815
21-Feb-20,1.46873,100.28906,100.32615,1.5,20300215,20200218,20200815
24-Feb-20,1.37635,101.14844,101.18965,1.5,20300215,20200218,20200815
25-Feb-20,1.32961,101.58594,101.63127,1.5,20300215,20200218,20200815
26-Feb-20,1.30961,101.77344,101.82289,1.5,20300215,20200218,20200815
27-Feb-20,1.29793,101.88281,101.93638,1.5,20300215,20200218,20200815
28-Feb-20,1.1249,103.52344,103.58937,1.5,20300215,20200218,20200815
02-Mar-20,1.08652,103.89062,103.96068,1.5,20300215,20200218,20200815
03-Mar-20,1.0151,104.57812,104.6523,1.5,20300215,20200218,20200815
04-Mar-20,0.99158,104.80469,104.88298,1.5,20300215,20200218,20200815
05-Mar-20,0.92399,105.46094,105.54336,1.5,20300215,20200218,20200815
06-Mar-20,0.7057,107.60938,107.70416,1.5,20300215,20200218,20200815
09-Mar-20,0.49538,109.72656,109.82546,1.5,20300215,20200218,20200815
10-Mar-20,0.74928,107.17188,107.2749,1.5,20300215,20200218,20200815
11-Mar-20,0.81943,106.47656,106.58371,1.5,20300215,20200218,20200815
12-Mar-20,0.84707,106.20312,106.31439,1.5,20300215,20200218,20200815
13-Mar-20,0.94902,105.20312,105.32675,1.5,20300215,20200218,20200815
16-Mar-20,0.72292,107.42188,107.54962,1.5,20300215,20200218,20200815
17-Mar-20,0.99311,104.77344,104.90531,1.5,20300215,20200218,20200815
18-Mar-20,1.25443,102.28125,102.41724,1.5,20300215,20200218,20200815
19-Mar-20,1.12397,103.51562,103.65573,1.5,20300215,20200218,20200815
20-Mar-20,0.93433,105.33594,105.48841,1.5,20300215,20200218,20200815
23-Mar-20,0.76416,107,107.15659,1.5,20300215,20200218,20200815
24-Mar-20,0.81476,106.5,106.66071,1.5,20300215,20200218,20200815
25-Mar-20,0.85286,106.125,106.28984,1.5,20300215,20200218,20200815
26-Mar-20,0.80645,106.57812,106.74708,1.5,20300215,20200218,20200815
27-Mar-20,0.74243,107.20312,107.38444,1.5,20300215,20200218,20200815
30-Mar-20,0.66971,107.92188,108.10731,1.5,20300215,20200218,20200815
31-Mar-20,0.69703,107.64844,107.838,1.5,20300215,20200218,20200815
01-Apr-20,0.6332,108.28125,108.47493,1.5,20300215,20200218,20200815
02-Apr-20,0.62515,108.35938,108.55718,1.5,20300215,20200218,20200815
03-Apr-20,0.58695,108.73438,108.94454,1.5,20300215,20200218,20200815
06-Apr-20,0.67608,107.84375,108.05804,1.5,20300215,20200218,20200815
07-Apr-20,0.73353,107.27344,107.49184,1.5,20300215,20200218,20200815
08-Apr-20,0.76349,106.97656,107.19909,1.5,20300215,20200218,20200815
09-Apr-20,0.72064,107.39062,107.62964,1.5,20300215,20200218,20200815
13-Apr-20,0.74822,107.11719,107.36032,1.5,20300215,20200218,20200815
14-Apr-20,0.74961,107.10156,107.34882,1.5,20300215,20200218,20200815
15-Apr-20,0.64027,108.17969,108.43106,1.5,20300215,20200218,20200815
16-Apr-20,0.61019,108.47656,108.73206,1.5,20300215,20200218,20200815
17-Apr-20,0.65514,108.02344,108.29129,1.5,20300215,20200218,20200815
20-Apr-20,0.62499,108.32031,108.59229,1.5,20300215,20200218,20200815
21-Apr-20,0.56984,108.86719,109.14329,1.5,20300215,20200218,20200815
22-Apr-20,0.61745,108.39062,108.67084,1.5,20300215,20200218,20200815
23-Apr-20,0.61015,108.46094,108.74528,1.5,20300215,20200218,20200815
24-Apr-20,0.5953,108.60156,108.89827,1.5,20300215,20200218,20200815
27-Apr-20,0.65338,108.02344,108.32426,1.5,20300215,20200218,20200815
28-Apr-20,0.60899,108.46094,108.76588,1.5,20300215,20200218,20200815
29-Apr-20,0.6253,108.29688,108.60594,1.5,20300215,20200218,20200815
30-Apr-20,0.62428,108.30469,108.61787,1.5,20300215,20200218,20200815
01-May-20,0.6394,108.14844,108.47399,1.5,20300215,20200218,20200815
04-May-20,0.63601,108.17969,108.50936,1.5,20300215,20200218,20200815
05-May-20,0.65636,107.97656,108.31035,1.5,20300215,20200218,20200815
06-May-20,0.71098,107.4375,107.77541,1.5,20300215,20200218,20200815
07-May-20,0.63059,108.22656,108.5686,1.5,20300215,20200218,20200815
08-May-20,0.67988,107.73438,108.08877,1.5,20300215,20200218,20200815
11-May-20,0.72512,107.28906,107.64758,1.5,20300215,20200218,20200815
12-May-20,0.68866,99.38585,99.38585,0.625,20300515,20200515,20201115
13-May-20,0.64924,99.76562,99.76563,0.625,20300515,20200515,20201115
14-May-20,0.61774,100.07031,100.07031,0.625,20300515,20200515,20201115
15-May-20,0.63874,99.86719,99.87228,0.625,20300515,20200515,20201115
18-May-20,0.74042,98.89062,98.89742,0.625,20300515,20200515,20201115
19-May-20,0.71023,99.17969,99.18818,0.625,20300515,20200515,20201115
20-May-20,0.67769,99.49219,99.50238,0.625,20300515,20200515,20201115
21-May-20,0.67526,99.51562,99.52751,0.625,20300515,20200515,20201115
22-May-20,0.65824,99.67969,99.69837,0.625,20300515,20200515,20201115
26-May-20,0.69733,99.30469,99.32507,0.625,20300515,20200515,20201115
27-May-20,0.67534,99.51562,99.5377,0.625,20300515,20200515,20201115
28-May-20,0.7039,99.24219,99.26596,0.625,20300515,20200515,20201115
29-May-20,0.64366,99.82031,99.84918,0.625,20300515,20200515,20201115
01-Jun-20,0.66156,99.64844,99.67901,0.625,20300515,20200515,20201115
02-Jun-20,0.6795,99.47656,99.50883,0.625,20300515,20200515,20201115
03-Jun-20,0.75981,98.71094,98.7449,0.625,20300515,20200515,20201115
04-Jun-20,0.81845,98.15625,98.19192,0.625,20300515,20200515,20201115
05-Jun-20,0.90433,97.35156,97.39232,0.625,20300515,20200515,20201115
08-Jun-20,0.88269,97.55469,97.59715,0.625,20300515,20200515,20201115
09-Jun-20,0.82783,98.07031,98.11447,0.625,20300515,20200515,20201115
10-Jun-20,0.74688,98.83594,98.88179,0.625,20300515,20200515,20201115
11-Jun-20,0.65186,99.74219,99.78974,0.625,20300515,20200515,20201115
12-Jun-20,0.69769,99.30469,99.35734,0.625,20300515,20200515,20201115
15-Jun-20,0.70099,99.27344,99.32779,0.625,20300515,20200515,20201115
16-Jun-20,0.75367,98.77344,98.82948,0.625,20300515,20200515,20201115
17-Jun-20,0.73227,98.97656,99.03431,0.625,20300515,20200515,20201115
18-Jun-20,0.69284,99.35156,99.41101,0.625,20300515,20200515,20201115
19-Jun-20,0.69782,99.30469,99.36923,0.625,20300515,20200515,20201115
22-Jun-20,0.70277,99.25781,99.32405,0.625,20300515,20200515,20201115
23-Jun-20,0.70773,99.21094,99.27887,0.625,20300515,20200515,20201115
24-Jun-20,0.6831,99.44531,99.51495,0.625,20300515,20200515,20201115
25-Jun-20,0.67326,99.53906,99.61039,0.625,20300515,20200515,20201115
26-Jun-20,0.63643,99.89062,99.96705,0.625,20300515,20200515,20201115
29-Jun-20,0.63562,99.89844,99.97656,0.625,20300515,20200515,20201115
30-Jun-20,0.652,99.74219,99.82201,0.625,20300515,20200515,20201115
01-Jul-20,0.68156,99.46094,99.54246,0.625,20300515,20200515,20201115
02-Jul-20,0.6701,99.57031,99.65863,0.625,20300515,20200515,20201115
06-Jul-20,0.68246,99.45312,99.54314,0.625,20300515,20200515,20201115
07-Jul-20,0.6463,99.79688,99.88859,0.625,20300515,20200515,20201115
08-Jul-20,0.65205,99.74219,99.8356,0.625,20300515,20200515,20201115
09-Jul-20,0.60453,100.19531,100.29042,0.625,20300515,20200515,20201115
10-Jul-20,0.63237,99.92969,100.02989,0.625,20300515,20200515,20201115
13-Jul-20,0.63894,99.86719,99.96909,0.625,20300515,20200515,20201115
14-Jul-20,0.61269,100.11719,100.22079,0.625,20300515,20200515,20201115
15-Jul-20,0.62909,99.96094,100.06624,0.625,20300515,20200515,20201115
16-Jul-20,0.61105,100.13281,100.23981,0.625,20300515,20200515,20201115
17-Jul-20,0.62745,99.97656,100.08865,0.625,20300515,20200515,20201115
20-Jul-20,0.61924,100.05469,100.16848,0.625,20300515,20200515,20201115
21-Jul-20,0.6061,100.17969,100.29518,0.625,20300515,20200515,20201115
22-Jul-20,0.59462,100.28906,100.40625,0.625,20300515,20200515,20201115
23-Jul-20,0.5815,100.41406,100.53295,0.625,20300515,20200515,20201115
24-Jul-20,0.5872,100.35938,100.48336,0.625,20300515,20200515,20201115
27-Jul-20,0.60772,100.16406,100.28974,0.625,20300515,20200515,20201115
28-Jul-20,0.5798,100.42969,100.55707,0.625,20300515,20200515,20201115
29-Jul-20,0.57979,100.42969,100.55876,0.625,20300515,20200515,20201115
30-Jul-20,0.5405,100.80469,100.93546,0.625,20300515,20200515,20201115
31-Jul-20,0.53552,100.85156,100.98743,0.625,20300515,20200515,20201115
03-Aug-20,0.56169,100.60156,100.73913,0.625,20300515,20200515,20201115
04-Aug-20,0.5118,101.07812,101.21739,0.625,20300515,20200515,20201115
05-Aug-20,0.542,100.78906,100.93003,0.625,20300515,20200515,20201115
06-Aug-20,0.53543,100.85156,100.99423,0.625,20300515,20200515,20201115
07-Aug-20,0.56158,100.60156,100.74932,0.625,20300515,20200515,20201115
10-Aug-20,0.57307,100.49219,100.64164,0.625,20300515,20200515,20201115
11-Aug-20,0.65727,99.69531,99.84647,0.625,20300515,20200515,20201115
12-Aug-20,0.68387,99.43191,99.43191,0.625,20300815,20200817,20210215
13-Aug-20,0.71501,99.13281,99.13281,0.625,20300815,20200817,20210215
14-Aug-20,0.70854,99.19531,99.19871,0.625,20300815,20200817,20210215
17-Aug-20,0.68252,99.44531,99.45041,0.625,20300815,20200817,20210215
18-Aug-20,0.66792,99.58594,99.59273,0.625,20300815,20200817,20210215
19-Aug-20,0.67443,99.52344,99.53193,0.625,20300815,20200817,20210215
20-Aug-20,0.64361,99.82031,99.8305,0.625,20300815,20200817,20210215
21-Aug-20,0.63876,99.86719,99.88247,0.625,20300815,20200817,20210215
24-Aug-20,0.64525,99.80469,99.82167,0.625,20300815,20200817,20210215
25-Aug-20,0.68101,99.46094,99.47962,0.625,20300815,20200817,20210215
26-Aug-20,0.68592,99.41406,99.43444,0.625,20300815,20200817,20210215
27-Aug-20,0.74479,98.85156,98.87364,0.625,20300815,20200817,20210215
28-Aug-20,0.72767,99.01562,99.0428,0.625,20300815,20200817,20210215
31-Aug-20,0.69252,99.35156,99.38043,0.625,20300815,20200817,20210215
01-Sep-20,0.6697,99.57031,99.60088,0.625,20300815,20200817,20210215
02-Sep-20,0.65017,99.75781,99.79008,0.625,20300815,20200817,20210215
03-Sep-20,0.62094,100.03906,100.07303,0.625,20300815,20200817,20210215
04-Sep-20,0.72214,99.07031,99.11107,0.625,20300815,20200817,20210215
08-Sep-20,0.68285,99.44531,99.48777,0.625,20300815,20200817,20210215
09-Sep-20,0.70251,99.25781,99.30197,0.625,20300815,20200817,20210215
10-Sep-20,0.68288,99.44531,99.49117,0.625,20300815,20200817,20210215
11-Sep-20,0.66657,99.60156,99.65251,0.625,20300815,20200817,20210215
14-Sep-20,0.66822,99.58594,99.63859,0.625,20300815,20200817,20210215
15-Sep-20,0.67805,99.49219,99.54654,0.625,20300815,20200817,20210215
16-Sep-20,0.68625,99.41406,99.47011,0.625,20300815,20200817,20210215
17-Sep-20,0.68135,99.46094,99.51868,0.625,20300815,20200817,20210215
18-Sep-20,0.69288,99.35156,99.4144,0.625,20300815,20200817,20210215
21-Sep-20,0.66994,99.57031,99.63485,0.625,20300815,20200817,20210215
22-Sep-20,0.6634,99.63281,99.69905,0.625,20300815,20200817,20210215
23-Sep-20,0.67488,99.52344,99.59137,0.625,20300815,20200817,20210215
24-Sep-20,0.66342,99.63281,99.70245,0.625,20300815,20200817,20210215
25-Sep-20,0.65853,99.67969,99.75442,0.625,20300815,20200817,20210215
28-Sep-20,0.66182,99.64844,99.72486,0.625,20300815,20200817,20210215
29-Sep-20,0.64298,99.82812,99.90625,0.625,20300815,20200817,20210215
30-Sep-20,0.67579,99.51562,99.59545,0.625,20300815,20200817,20210215
01-Oct-20,0.67663,99.50781,99.58933,0.625,20300815,20200817,20210215
02-Oct-20,0.69231,99.35938,99.44599,0.625,20300815,20200817,20210215
05-Oct-20,0.76096,98.71094,98.79925,0.625,20300815,20200817,20210215
06-Oct-20,0.73944,98.91406,99.00408,0.625,20300815,20200817,20210215
07-Oct-20,0.7843,98.49219,98.5839,0.625,20300815,20200817,20210215
08-Oct-20,0.76522,98.67188,98.76529,0.625,20300815,20200817,20210215
09-Oct-20,0.77452,98.58594,98.68614,0.625,20300815,20200817,20210215
13-Oct-20,0.72638,99.03906,99.14096,0.625,20300815,20200817,20210215
14-Oct-20,0.72144,99.08594,99.18954,0.625,20300815,20200817,20210215
15-Oct-20,0.73224,98.98438,99.08967,0.625,20300815,20200817,20210215
16-Oct-20,0.74313,98.88281,98.99321,0.625,20300815,20200817,20210215
19-Oct-20,0.76146,98.71094,98.82303,0.625,20300815,20200817,20210215
20-Oct-20,0.79655,98.38281,98.4966,0.625,20300815,20200817,20210215
21-Oct-20,0.81502,98.21094,98.32643,0.625,20300815,20200817,20210215
22-Oct-20,0.84697,97.91406,98.03125,0.625,20300815,20200817,20210215
23-Oct-20,0.84042,97.97656,98.09885,0.625,20300815,20200817,20210215
26-Oct-20,0.80186,98.33594,98.45992,0.625,20300815,20200817,20210215
27-Oct-20,0.77679,98.57031,98.69599,0.625,20300815,20200817,20210215
28-Oct-20,0.78018,98.53906,98.66644,0.625,20300815,20200817,20210215
29-Oct-20,0.8356,98.02344,98.15251,0.625,20300815,20200817,20210215
30-Oct-20,0.85769,97.82031,97.95448,0.625,20300815,20200817,20210215
02-Nov-20,0.84763,97.91406,98.04993,0.625,20300815,20200817,20210215
03-Nov-20,0.87979,97.61719,97.75476,0.625,20300815,20200817,20210215
04-Nov-20,0.76707,98.66406,98.80333,0.625,20300815,20200817,20210215
05-Nov-20,0.77716,98.57031,98.71128,0.625,20300815,20200817,20210215
06-Nov-20,0.81931,98.17969,98.32575,0.625,20300815,20200817,20210215
09-Nov-20,0.95679,96.91406,97.06182,0.625,20300815,20200817,20210215
10-Nov-20,0.98763,98.93005,98.93005,0.875,20301115,20201116,20210515
12-Nov-20,0.88564,99.89844,99.89844,0.875,20301115,20201116,20210515
13-Nov-20,0.89219,99.83594,99.83835,0.875,20301115,20201116,20210515
16-Nov-20,0.90531,99.71094,99.71577,0.875,20301115,20201116,20210515
17-Nov-20,0.87091,100.03906,100.04631,0.875,20301115,20201116,20210515
18-Nov-20,0.87991,99.95312,99.96279,0.875,20301115,20201116,20210515
19-Nov-20,0.85455,100.19531,100.2074,0.875,20301115,20201116,20210515
20-Nov-20,0.8284,100.44531,100.46465,0.875,20301115,20201116,20210515
23-Nov-20,0.8578,100.16406,100.18582,0.875,20301115,20201116,20210515
24-Nov-20,0.88074,99.94531,99.96948,0.875,20301115,20201116,20210515
25-Nov-20,0.87745,99.97656,100.00557,0.875,20301115,20201116,20210515
27-Nov-20,0.84139,100.32031,100.35657,0.875,20301115,20201116,20210515
30-Nov-20,0.84138,100.32031,100.35899,0.875,20301115,20201116,20210515
01-Dec-20,0.93348,99.44531,99.4864,0.875,20301115,20201116,20210515
02-Dec-20,0.94507,99.33594,99.37945,0.875,20301115,20201116,20210515
03-Dec-20,0.92029,99.57031,99.61624,0.875,20301115,20201116,20210515
04-Dec-20,0.96837,99.11719,99.17036,0.875,20301115,20201116,20210515
07-Dec-20,0.92613,99.51562,99.57122,0.875,20301115,20201116,20210515
08-Dec-20,0.91209,99.64844,99.70645,0.875,20301115,20201116,20210515
09-Dec-20,0.94023,99.38281,99.44324,0.875,20301115,20201116,20210515
10-Dec-20,0.90715,99.69531,99.75816,0.875,20301115,20201116,20210515
11-Dec-20,0.88983,99.85938,99.92947,0.875,20301115,20201116,20210515
14-Dec-20,0.89066,99.85156,99.92408,0.875,20301115,20201116,20210515
15-Dec-20,0.92043,99.57031,99.64524,0.875,20301115,20201116,20210515
16-Dec-20,0.91879,99.58594,99.66329,0.875,20301115,20201116,20210515
17-Dec-20,0.92875,99.49219,99.57195,0.875,20301115,20201116,20210515
18-Dec-20,0.94707,99.32031,99.40733,0.875,20301115,20201116,20210515
21-Dec-20,0.94043,99.38281,99.47225,0.875,20301115,20201116,20210515
22-Dec-20,0.9172,99.60156,99.69341,0.875,20301115,20201116,20210515
23-Dec-20,0.95378,99.25781,99.35208,0.875,20301115,20201116,20210515
24-Dec-20,0.92889,99.49219,99.59612,0.875,20301115,20201116,20210515
28-Dec-20,0.93223,99.46094,99.56729,0.875,20301115,20201116,20210515
29-Dec-20,0.93391,99.44531,99.55408,0.875,20301115,20201116,20210515
30-Dec-20,0.9256,99.52344,99.63463,0.875,20301115,20201116,20210515
31-Dec-20,0.90984,99.67188,99.79273,0.875,20301115,20201116,20210515
04-Jan-21,0.91567,99.61719,99.74046,0.875,20301115,20201116,20210515
05-Jan-21,0.95405,99.25781,99.3835,0.875,20301115,20201116,20210515
06-Jan-21,1.0414,98.44531,98.57342,0.875,20301115,20201116,20210515
07-Jan-21,1.07017,98.17969,98.31021,0.875,20301115,20201116,20210515
08-Jan-21,1.10595,97.85156,97.98934,0.875,20301115,20201116,20210515
11-Jan-21,1.13325,97.60156,97.74176,0.875,20301115,20201116,20210515
12-Jan-21,1.13673,97.57031,97.71292,0.875,20301115,20201116,20210515
13-Jan-21,1.08744,98.02344,98.16847,0.875,20301115,20201116,20210515
14-Jan-21,1.12834,97.64844,97.79588,0.875,20301115,20201116,20210515
15-Jan-21,1.09623,97.94531,98.10243,0.875,20301115,20201116,20210515
19-Jan-21,1.09119,97.99219,98.15172,0.875,20301115,20201116,20210515
20-Jan-21,1.08954,98.00781,98.16976,0.875,20301115,20201116,20210515
21-Jan-21,1.10663,97.85156,98.01593,0.875,20301115,20201116,20210515
22-Jan-21,1.08892,98.01562,98.18724,0.875,20301115,20201116,20210515
25-Jan-21,1.03886,98.47656,98.6506,0.875,20301115,20201116,20210515
26-Jan-21,1.03805,98.48438,98.66083,0.875,20301115,20201116,20210515
27-Jan-21,1.01354,98.71094,98.8898,0.875,20301115,20201116,20210515
28-Jan-21,1.05427,98.33594,98.51722,0.875,20301115,20201116,20210515
29-Jan-21,1.09274,97.98438,98.17291,0.875,20301115,20201116,20210515
01-Feb-21,1.07659,98.13281,98.32377,0.875,20301115,20201116,20210515
02-Feb-21,1.10567,97.86719,98.06056,0.875,20301115,20201116,20210515
03-Feb-21,1.12971,97.64844,97.84422,0.875,20301115,20201116,20210515
04-Feb-21,1.13836,97.57031,97.76852,0.875,20301115,20201116,20210515
05-Feb-21,1.16868,97.29688,97.50233,0.875,20301115,20201116,20210515
08-Feb-21,1.15929,97.38281,97.59069,0.875,20301115,20201116,20210515
09-Feb-21,1.15592,97.41406,97.62435,0.875,20301115,20201116,20210515
10-Feb-21,1.14991,99.7653,99.76536,1.125,20310215,20210216,20210815
11-Feb-21,1.15735,99.69531,99.69531,1.125,20310215,20210216,20210815
12-Feb-21,1.19901,99.30469,99.3078,1.125,20310215,20210216,20210815
16-Feb-21,1.29721,98.39062,98.39684,1.125,20310215,20210216,20210815
17-Feb-21,1.29725,98.39062,98.39995,1.125,20310215,20210216,20210815
18-Feb-21,1.28633,98.49219,98.50462,1.125,20310215,20210216,20210815
19-Feb-21,1.34399,97.96094,97.98269,1.125,20310215,20210216,20210815
22-Feb-21,1.36784,97.74219,97.76705,1.125,20310215,20210216,20210815
23-Feb-21,1.36194,97.79688,97.82484,1.125,20310215,20210216,20210815
24-Feb-21,1.38841,97.55469,97.58576,1.125,20310215,20210216,20210815
25-Feb-21,1.51386,96.41406,96.44825,1.125,20310215,20210216,20210815
26-Feb-21,1.45466,96.95312,96.99663,1.125,20310215,20210216,20210815
01-Mar-21,1.44529,97.03906,97.08568,1.125,20310215,20210216,20210815
02-Mar-21,1.41449,97.32031,97.37004,1.125,20310215,20210216,20210815
03-Mar-21,1.46869,96.82812,96.88096,1.125,20310215,20210216,20210815
04-Mar-21,1.54926,96.10156,96.1575,1.125,20310215,20210216,20210815
05-Mar-21,1.5522,96.07812,96.14339,1.125,20310215,20210216,20210815
08-Mar-21,1.59329,95.71094,95.77931,1.125,20310215,20210216,20210815
09-Mar-21,1.54198,96.17188,96.24335,1.125,20310215,20210216,20210815
10-Mar-21,1.51777,96.39062,96.46521,1.125,20310215,20210216,20210815
11-Mar-21,1.52569,96.32031,96.39801,1.125,20310215,20210216,20210815
12-Mar-21,1.63435,95.35156,95.43858,1.125,20310215,20210216,20210815
15-Mar-21,1.6064,95.60156,95.69169,1.125,20310215,20210216,20210815
16-Mar-21,1.62232,95.46094,95.55417,1.125,20310215,20210216,20210815
17-Mar-21,1.64003,95.30469,95.40103,1.125,20310215,20210216,20210815
18-Mar-21,1.72856,94.52344,94.62289,1.125,20310215,20210216,20210815
19-Mar-21,1.73082,94.50781,94.61658,1.125,20310215,20210216,20210815
22-Mar-21,1.68131,94.94531,95.05719,1.125,20310215,20210216,20210815
23-Mar-21,1.63732,95.33594,95.45092,1.125,20310215,20210216,20210815
24-Mar-21,1.61281,95.55469,95.67278,1.125,20310215,20210216,20210815
25-Mar-21,1.61294,95.55469,95.67589,1.125,20310215,20210216,20210815
26-Mar-21,1.65918,95.14844,95.27896,1.125,20310215,20210216,20210815
29-Mar-21,1.71963,94.61719,94.75082,1.125,20310215,20210216,20210815
30-Mar-21,1.72513,94.57031,94.70705,1.125,20310215,20210216,20210815
31-Mar-21,1.74489,94.39844,94.53829,1.125,20310215,20210216,20210815
01-Apr-21,1.67746,94.99219,95.13514,1.125,20310215,20210216,20210815
02-Apr-21,1.72146,94.60938,94.76165,1.125,20310215,20210216,20210815
05-Apr-21,1.71894,94.63281,94.7882,1.125,20310215,20210216,20210815
06-Apr-21,1.65514,95.19531,95.35381,1.125,20310215,20210216,20210815
07-Apr-21,1.65262,95.21875,95.38035,1.125,20310215,20210216,20210815
08-Apr-21,1.63064,95.41406,95.57877,1.125,20310215,20210216,20210815
09-Apr-21,1.66471,95.11719,95.29122,1.125,20310215,20210216,20210815
12-Apr-21,1.67462,95.03125,95.20839,1.125,20310215,20210216,20210815
13-Apr-21,1.62246,95.49219,95.67244,1.125,20310215,20210216,20210815
14-Apr-21,1.63498,95.38281,95.56617,1.125,20310215,20210216,20210815
15-Apr-21,1.52939,96.32031,96.50678,1.125,20310215,20210216,20210815
16-Apr-21,1.5719,95.94531,96.1411,1.125,20310215,20210216,20210815
19-Apr-21,1.59848,95.71094,95.90983,1.125,20310215,20210216,20210815
20-Apr-21,1.56157,96.03906,96.24107,1.125,20310215,20210216,20210815
21-Apr-21,1.56344,96.02344,96.22855,1.125,20310215,20210216,20210815
22-Apr-21,1.55475,96.10156,96.30978,1.125,20310215,20210216,20210815
23-Apr-21,1.56567,96.00781,96.22535,1.125,20310215,20210216,20210815
26-Apr-21,1.56932,95.97656,96.19721,1.125,20310215,20210216,20210815
27-Apr-21,1.62076,95.52344,95.74719,1.125,20310215,20210216,20210815
28-Apr-21,1.61912,95.53906,95.76593,1.125,20310215,20210216,20210815
29-Apr-21,1.6388,95.36719,95.59716,1.125,20310215,20210216,20210815
30-Apr-21,1.63031,95.44531,95.68461,1.125,20310215,20210216,20210815
03-May-21,1.60469,95.67188,95.91428,1.125,20310215,20210216,20210815
04-May-21,1.59151,95.78906,96.03457,1.125,20310215,20210216,20210815
05-May-21,1.58278,95.86719,96.11581,1.125,20310215,20210216,20210815
06-May-21,1.55901,96.07812,96.32985,1.125,20310215,20210216,20210815
07-May-21,1.57795,95.91406,96.17511,1.125,20310215,20210216,20210815
10-May-21,1.60114,95.71094,95.97509,1.125,20310215,20210216,20210815
11-May-21,1.62262,95.52344,95.7907,1.125,20310215,20210216,20210815
12-May-21,1.70048,99.30856,99.30856,1.625,20310515,20210517,20211115
13-May-21,1.66672,99.61719,99.61719,1.625,20310515,20210517,20211115
14-May-21,1.63435,99.91406,99.92289,1.625,20310515,20210517,20211115
17-May-21,1.63946,99.86719,99.88043,1.625,20310515,20210517,20211115
18-May-21,1.64116,99.85156,99.86923,1.625,20310515,20210517,20211115
19-May-21,1.68129,99.48438,99.50645,1.625,20310515,20210517,20211115
20-May-21,1.6318,99.9375,99.96399,1.625,20310515,20210517,20211115
21-May-21,1.63009,99.95312,99.99287,1.625,20310515,20210517,20211115
24-May-21,1.60711,100.16406,100.20822,1.625,20310515,20210517,20211115
25-May-21,1.56298,100.57031,100.61889,1.625,20310515,20210517,20211115
26-May-21,1.57313,100.47656,100.52955,1.625,20310515,20210517,20211115
27-May-21,1.60879,100.14844,100.20584,1.625,20310515,20210517,20211115
28-May-21,1.59175,100.30469,100.37976,1.625,20310515,20210517,20211115
01-Jun-21,1.61388,100.10156,100.18105,1.625,20310515,20210517,20211115
02-Jun-21,1.59003,100.32031,100.40421,1.625,20310515,20210517,20211115
03-Jun-21,1.62582,99.99219,100.0805,1.625,20310515,20210517,20211115
04-Jun-21,1.55853,100.60938,100.71094,1.625,20310515,20210517,20211115
07-Jun-21,1.56956,100.50781,100.61379,1.625,20310515,20210517,20211115
08-Jun-21,1.52712,100.89844,101.00883,1.625,20310515,20210517,20211115
09-Jun-21,1.48822,101.25781,101.37262,1.625,20310515,20210517,20211115
10-Jun-21,1.45786,101.53906,101.65829,1.625,20310515,20210517,20211115
11-Jun-21,1.4611,101.50781,101.64029,1.625,20310515,20210517,20211115
14-Jun-21,1.49988,101.14844,101.28533,1.625,20310515,20210517,20211115
15-Jun-21,1.49815,101.16406,101.30537,1.625,20310515,20210517,20211115
16-Jun-21,1.56772,100.52344,100.66916,1.625,20310515,20210517,20211115
17-Jun-21,1.50994,101.05469,101.20482,1.625,20310515,20210517,20211115
18-Jun-21,1.449,101.61719,101.78057,1.625,20310515,20210517,20211115
21-Jun-21,1.48441,101.28906,101.45686,1.625,20310515,20210517,20211115
22-Jun-21,1.47085,101.41406,101.58628,1.625,20310515,20210517,20211115
23-Jun-21,1.48603,101.27344,101.45007,1.625,20310515,20210517,20211115
24-Jun-21,1.48599,101.27344,101.45448,1.625,20310515,20210517,20211115
25-Jun-21,1.53514,100.82031,101.01461,1.625,20310515,20210517,20211115
28-Jun-21,1.47738,101.35156,101.55027,1.625,20310515,20210517,20211115
29-Jun-21,1.47904,101.33594,101.53906,1.625,20310515,20210517,20211115
30-Jun-21,1.44348,101.66406,101.8716,1.625,20310515,20210517,20211115
01-Jul-21,1.47896,101.33594,101.54789,1.625,20310515,20210517,20211115
02-Jul-21,1.43142,101.77344,102.00306,1.625,20310515,20210517,20211115
06-Jul-21,1.36907,102.35156,102.5856,1.625,20310515,20210517,20211115
07-Jul-21,1.32044,102.80469,103.04314,1.625,20310515,20210517,20211115
08-Jul-21,1.28699,103.11719,103.36005,1.625,20310515,20210517,20211115
09-Jul-21,1.35531,102.47656,102.73268,1.625,20310515,20210517,20211115
12-Jul-21,1.36196,102.41406,102.67459,1.625,20310515,20210517,20211115
13-Jul-21,1.41411,101.92969,102.19463,1.625,20310515,20210517,20211115
14-Jul-21,1.3551,102.47656,102.74592,1.625,20310515,20210517,20211115
15-Jul-21,1.2964,103.02344,103.29721,1.625,20310515,20210517,20211115
16-Jul-21,1.29699,103.01562,103.30265,1.625,20310515,20210517,20211115
19-Jul-21,1.17971,104.11719,104.40863,1.625,20310515,20210517,20211115
20-Jul-21,1.20691,103.85938,104.15523,1.625,20310515,20210517,20211115
21-Jul-21,1.28002,103.17188,103.47215,1.625,20310515,20210517,20211115
22-Jul-21,1.26574,103.30469,103.60938,1.625,20310515,20210517,20211115
23-Jul-21,1.28384,103.13281,103.45075,1.625,20310515,20210517,20211115
26-Jul-21,1.2754,103.21094,103.53329,1.625,20310515,20210517,20211115
27-Jul-21,1.23359,103.60156,103.92833,1.625,20310515,20210517,20211115
28-Jul-21,1.26101,103.34375,103.67493,1.625,20310515,20210517,20211115
29-Jul-21,1.26844,103.27344,103.60904,1.625,20310515,20210517,20211115
30-Jul-21,1.23809,103.55469,103.90353,1.625,20310515,20210517,20211115
02-Aug-21,1.17148,104.17969,104.53295,1.625,20310515,20210517,20211115
03-Aug-21,1.17302,104.16406,104.52174,1.625,20310515,20210517,20211115
04-Aug-21,1.18286,104.07031,104.4324,1.625,20310515,20210517,20211115
05-Aug-21,1.21601,103.75781,104.12432,1.625,20310515,20210517,20211115
06-Aug-21,1.28765,103.08594,103.46569,1.625,20310515,20210517,20211115
09-Aug-21,1.31616,102.82031,103.20448,1.625,20310515,20210517,20211115
10-Aug-21,1.34139,102.58594,102.97452,1.625,20310515,20210517,20211115
11-Aug-21,1.35666,99.00573,99.00573,1.25,20310815,20210816,20220215
12-Aug-21,1.36655,98.91406,98.91406,1.25,20310815,20210816,20220215
13-Aug-21,1.29596,99.57031,99.57371,1.25,20310815,20210816,20220215
16-Aug-21,1.255,99.95312,99.95992,1.25,20310815,20210816,20220215
17-Aug-21,1.25751,99.92969,99.93988,1.25,20310815,20210816,20220215
18-Aug-21,1.27255,99.78906,99.80265,1.25,20310815,20210816,20220215
19-Aug-21,1.24082,100.08594,100.10292,1.25,20310815,20210816,20220215
20-Aug-21,1.25835,99.92188,99.94905,1.25,20310815,20210816,20220215
23-Aug-21,1.25417,99.96094,99.99151,1.25,20310815,20210816,20220215
24-Aug-21,1.28934,99.63281,99.66678,1.25,20310815,20210816,20220215
25-Aug-21,1.34321,99.13281,99.17018,1.25,20310815,20210816,20220215
26-Aug-21,1.34239,99.14062,99.18139,1.25,20310815,20210816,20220215
27-Aug-21,1.31126,99.42969,99.48064,1.25,20310815,20210816,20220215
30-Aug-21,1.28268,99.69531,99.74966,1.25,20310815,20210816,20220215
31-Aug-21,1.30118,99.52344,99.58118,1.25,20310815,20210816,20220215
01-Sep-21,1.30119,99.52344,99.58458,1.25,20310815,20210816,20220215
02-Sep-21,1.29279,99.60156,99.6661,1.25,20310815,20210816,20220215
03-Sep-21,1.3215,99.33594,99.41406,1.25,20310815,20210816,20220215
07-Sep-21,1.37064,98.88281,98.96433,1.25,20310815,20210816,20220215
08-Sep-21,1.33338,99.22656,99.31148,1.25,20310815,20210816,20220215
09-Sep-21,1.29961,99.53906,99.62738,1.25,20310815,20210816,20220215
10-Sep-21,1.34024,99.16406,99.26257,1.25,20310815,20210816,20220215
13-Sep-21,1.32247,99.32812,99.43003,1.25,20310815,20210816,20220215
14-Sep-21,1.27773,99.74219,99.84749,1.25,20310815,20210816,20220215
15-Sep-21,1.30306,99.50781,99.61651,1.25,20310815,20210816,20220215
16-Sep-21,1.3293,99.26562,99.37772,1.25,20310815,20210816,20220215
17-Sep-21,1.3693,98.89844,99.02072,1.25,20310815,20210816,20220215
20-Sep-21,1.3082,99.46094,99.58662,1.25,20310815,20210816,20220215
21-Sep-21,1.32346,99.32031,99.44939,1.25,20310815,20210816,20220215
22-Sep-21,1.32942,99.26562,99.3981,1.25,20310815,20210816,20220215
23-Sep-21,1.40871,98.53906,98.67493,1.25,20310815,20210816,20220215
24-Sep-21,1.45948,98.07812,98.22418,1.25,20310815,20210816,20220215
27-Sep-21,1.48281,97.86719,98.01664,1.25,20310815,20210816,20220215
28-Sep-21,1.5348,97.39844,97.55129,1.25,20310815,20210816,20220215
29-Sep-21,1.53835,97.36719,97.52344,1.25,20310815,20210816,20220215
30-Sep-21,1.52627,97.47656,97.63621,1.25,20310815,20210816,20220215
01-Oct-21,1.4659,98.02344,98.19327,1.25,20310815,20210816,20220215
04-Oct-21,1.47977,97.89844,98.07167,1.25,20310815,20210816,20220215
05-Oct-21,1.5301,97.44531,97.62194,1.25,20310815,20210816,20220215
06-Oct-21,1.52322,97.50781,97.68784,1.25,20310815,20210816,20220215
07-Oct-21,1.57032,97.08594,97.26936,1.25,20310815,20210816,20220215
08-Oct-21,1.60391,96.78906,96.98607,1.25,20310815,20210816,20220215
12-Oct-21,1.57947,97.00781,97.20822,1.25,20310815,20210816,20220215
13-Oct-21,1.54811,97.28906,97.49287,1.25,20310815,20210816,20220215
14-Oct-21,1.51857,97.55469,97.76189,1.25,20310815,20210816,20220215
15-Oct-21,1.57465,97.05469,97.27208,1.25,20310815,20210816,20220215
18-Oct-21,1.58305,96.98047,97.20126,1.25,20310815,20210816,20220215
19-Oct-21,1.63279,96.53906,96.76325,1.25,20310815,20210816,20220215
20-Oct-21,1.63377,96.53125,96.75883,1.25,20310815,20210816,20220215
21-Oct-21,1.67407,96.17578,96.40676,1.25,20310815,20210816,20220215
22-Oct-21,1.65404,96.35547,96.59664,1.25,20310815,20210816,20220215
25-Oct-21,1.63427,96.53125,96.77582,1.25,20310815,20210816,20220215
26-Oct-21,1.61761,96.67969,96.92765,1.25,20310815,20210816,20220215
27-Oct-21,1.5282,97.47656,97.72792,1.25,20310815,20210816,20220215
28-Oct-21,1.56767,97.125,97.37976,1.25,20310815,20210816,20220215
29-Oct-21,1.55476,97.24219,97.50713,1.25,20310815,20210816,20220215
01-Nov-21,1.5724,97.08594,97.35428,1.25,20310815,20210816,20220215
02-Nov-21,1.54615,97.32031,97.59205,1.25,20310815,20210816,20220215
03-Nov-21,1.57696,97.04688,97.32201,1.25,20310815,20210816,20220215
04-Nov-21,1.52353,97.52344,97.80197,1.25,20310815,20210816,20220215
05-Nov-21,1.4522,98.16406,98.45279,1.25,20310815,20210816,20220215
08-Nov-21,1.49583,97.77344,98.06556,1.25,20310815,20210816,20220215
09-Nov-21,1.4477,99.32544,99.32544,1.375,20311115,20211115,20220515
10-Nov-21,1.55704,98.32031,98.32031,1.375,20311115,20211115,20220515
12-Nov-21,1.58271,98.08594,98.08594,1.375,20311115,20211115,20220515
15-Nov-21,1.62054,97.74219,97.74599,1.375,20311115,20211115,20220515
16-Nov-21,1.63266,97.63281,97.64041,1.375,20311115,20211115,20220515
17-Nov-21,1.60346,97.89844,97.90983,1.375,20311115,20211115,20220515
18-Nov-21,1.58635,98.05469,98.06988,1.375,20311115,20211115,20220515
19-Nov-21,1.53512,98.52344,98.55003,1.375,20311115,20211115,20220515
22-Nov-21,1.62442,97.71094,97.74132,1.375,20311115,20211115,20220515
23-Nov-21,1.66337,97.35938,97.39356,1.375,20311115,20211115,20220515
24-Nov-21,1.64275,97.54688,97.58866,1.375,20311115,20211115,20220515
26-Nov-21,1.48334,99,99.05318,1.375,20311115,20211115,20220515
29-Nov-21,1.5286,98.58594,98.64291,1.375,20311115,20211115,20220515
30-Nov-21,1.44005,99.39844,99.45921,1.375,20311115,20211115,20220515
01-Dec-21,1.43329,99.46094,99.52551,1.375,20311115,20211115,20220515
02-Dec-21,1.44772,99.32812,99.3965,1.375,20311115,20211115,20220515
03-Dec-21,1.34045,100.32031,100.40008,1.375,20311115,20211115,20220515
06-Dec-21,1.43336,99.46094,99.5445,1.375,20311115,20211115,20220515
07-Dec-21,1.47932,99.03906,99.12642,1.375,20311115,20211115,20220515
08-Dec-21,1.50839,98.77344,98.8646,1.375,20311115,20211115,20220515
09-Dec-21,1.48534,98.98438,99.07933,1.375,20311115,20211115,20220515
10-Dec-21,1.48799,98.96094,99.06729,1.375,20311115,20211115,20220515
13-Dec-21,1.42326,99.55469,99.66484,1.375,20311115,20211115,20220515
14-Dec-21,1.43772,99.42188,99.53583,1.375,20311115,20211115,20220515
15-Dec-21,1.45989,99.21875,99.3365,1.375,20311115,20211115,20220515
16-Dec-21,1.42159,99.57031,99.69186,1.375,20311115,20211115,20220515
17-Dec-21,1.40124,99.75781,99.89075,1.375,20311115,20211115,20220515
20-Dec-21,1.41739,99.60938,99.74612,1.375,20311115,20211115,20220515
21-Dec-21,1.48653,98.97656,99.1171,1.375,20311115,20211115,20220515
22-Dec-21,1.45747,99.24219,99.38652,1.375,20311115,20211115,20220515
23-Dec-21,1.49173,98.92969,99.07782,1.375,20311115,20211115,20220515
24-Dec-21,N/A,N/A,N/A,N/A,N/A,N/A,N/A
27-Dec-21,1.47984,99.03906,99.20239,1.375,20311115,20211115,20220515
28-Dec-21,1.48073,99.03125,99.19838,1.375,20311115,20211115,20220515
29-Dec-21,1.54184,98.47656,98.64749,1.375,20311115,20211115,20220515
30-Dec-21,1.5143,98.72656,98.90129,1.375,20311115,20211115,20220515
31-Dec-21,1.49719,98.88281,99.06893,1.375,20311115,20211115,20220515
03-Jan-22,1.62886,97.69531,97.88523,1.375,20311115,20211115,20220515
04-Jan-22,1.66561,97.36719,97.5609,1.375,20311115,20211115,20220515
05-Jan-22,1.70253,97.03906,97.23658,1.375,20311115,20211115,20220515
06-Jan-22,1.73254,96.77344,96.97475,1.375,20311115,20211115,20220515
07-Jan-22,1.76817,96.46094,96.67364,1.375,20311115,20211115,20220515
10-Jan-22,1.77891,96.36719,96.58369,1.375,20311115,20211115,20220515
11-Jan-22,1.74537,96.66406,96.88437,1.375,20311115,20211115,20220515
12-Jan-22,1.72427,96.85156,97.07566,1.375,20311115,20211115,20220515
13-Jan-22,1.70849,96.99219,97.22009,1.375,20311115,20211115,20220515
14-Jan-22,1.77077,96.44531,96.68841,1.375,20311115,20211115,20220515
18-Jan-22,1.8672,95.60156,95.84845,1.375,20311115,20211115,20220515
19-Jan-22,1.82618,95.96094,96.21163,1.375,20311115,20211115,20220515
20-Jan-22,1.83344,95.89844,96.15293,1.375,20311115,20211115,20220515
21-Jan-22,1.74654,96.66406,96.92995,1.375,20311115,20211115,20220515
24-Jan-22,1.73422,96.77344,97.04312,1.375,20311115,20211115,20220515
25-Jan-22,1.78406,96.33594,96.60942,1.375,20311115,20211115,20220515
26-Jan-22,1.84402,95.8125,96.08978,1.375,20311115,20211115,20220515
27-Jan-22,1.80746,96.13281,96.41389,1.375,20311115,20211115,20220515
28-Jan-22,1.77925,96.38281,96.67528,1.375,20311115,20211115,20220515
31-Jan-22,1.78114,96.36719,96.66346,1.375,20311115,20211115,20220515
01-Feb-22,1.79909,96.21094,96.51101,1.375,20311115,20211115,20220515
02-Feb-22,1.76531,96.50781,96.81168,1.375,20311115,20211115,20220515
03-Feb-22,1.82527,95.98438,96.29204,1.375,20311115,20211115,20220515
04-Feb-22,1.93111,95.07031,95.38937,1.375,20311115,20211115,20220515
07-Feb-22,1.91495,95.21094,95.5338,1.375,20311115,20211115,20220515
08-Feb-22,1.955,94.86719,95.19384,1.375,20311115,20211115,20220515
09-Feb-22,1.92492,99.54787,99.54787,1.875,20320215,20220215,20220815
10-Feb-22,2.02848,98.61719,98.61719,1.875,20320215,20220215,20220815
11-Feb-22,1.95014,99.32031,99.32031,1.875,20320215,20220215,20220815
14-Feb-22,1.99533,98.91406,98.91406,1.875,20320215,20220215,20220815
15-Feb-22,2.04426,98.47656,98.48174,1.875,20320215,20220215,20220815
16-Feb-22,2.0443,98.47656,98.48692,1.875,20320215,20220215,20220815
17-Feb-22,1.97277,99.11719,99.13273,1.875,20320215,20220215,20220815
18-Feb-22,1.92943,99.50781,99.54407,1.875,20320215,20220215,20220815
22-Feb-22,1.9468,99.35156,99.393,1.875,20320215,20220215,20220815
23-Feb-22,1.97639,99.08594,99.13255,1.875,20320215,20220215,20220815
24-Feb-22,1.97031,99.14062,99.19242,1.875,20320215,20220215,20220815
25-Feb-22,1.98346,99.02344,99.09077,1.875,20320215,20220215,20220815
28-Feb-22,1.83791,100.33594,100.40845,1.875,20320215,20220215,20220815
01-Mar-22,1.70881,101.51562,101.59332,1.875,20320215,20220215,20220815
02-Mar-22,1.86374,100.10156,100.18444,1.875,20320215,20220215,20220815
03-Mar-22,1.84304,100.28906,100.37711,1.875,20320215,20220215,20220815
04-Mar-22,1.72135,101.39844,101.50203,1.875,20320215,20220215,20220815
07-Mar-22,1.74861,101.14844,101.25721,1.875,20320215,20220215,20220815
08-Mar-22,1.86976,100.04688,100.16083,1.875,20320215,20220215,20220815
09-Mar-22,1.94703,99.35156,99.47069,1.875,20320215,20220215,20220815
10-Mar-22,2.00739,98.8125,98.93681,1.875,20320215,20220215,20220815
11-Mar-22,2.00486,98.83594,98.97579,1.875,20320215,20220215,20220815
14-Mar-22,2.13922,97.64844,97.79347,1.875,20320215,20220215,20220815
15-Mar-22,2.15888,97.47656,97.62677,1.875,20320215,20220215,20220815
16-Mar-22,2.18574,97.24219,97.39757,1.875,20320215,20220215,20220815
17-Mar-22,2.19119,97.19531,97.35588,1.875,20320215,20220215,20220815
18-Mar-22,2.14674,97.58594,97.76204,1.875,20320215,20220215,20220815
21-Mar-22,2.31591,96.11719,96.29847,1.875,20320215,20220215,20220815
22-Mar-22,2.37517,95.60938,95.79584,1.875,20320215,20220215,20220815
23-Mar-22,2.31976,96.08594,96.27758,1.875,20320215,20220215,20220815
24-Mar-22,2.33987,95.91406,96.11089,1.875,20320215,20220215,20220815
25-Mar-22,2.49161,94.625,94.83736,1.875,20320215,20220215,20220815
28-Mar-22,2.47514,94.76562,94.98317,1.875,20320215,20220215,20220815
29-Mar-22,2.39893,95.41406,95.63678,1.875,20320215,20220215,20220815
30-Mar-22,2.35699,95.77344,96.00134,1.875,20320215,20220215,20220815
31-Mar-22,2.32429,96.05469,96.28777,1.875,20320215,20220215,20220815
01-Apr-22,2.37393,95.63281,95.88143,1.875,20320215,20220215,20220815
04-Apr-22,2.41074,95.32031,95.57411,1.875,20320215,20220215,20220815
05-Apr-22,2.55342,94.11719,94.37617,1.875,20320215,20220215,20220815
06-Apr-22,2.60688,93.67188,93.93603,1.875,20320215,20220215,20220815
07-Apr-22,2.65311,93.28906,93.5584,1.875,20320215,20220215,20220815
08-Apr-22,2.71326,92.79688,93.08175,1.875,20320215,20220215,20220815
11-Apr-22,2.78008,92.25,92.54006,1.875,20320215,20220215,20220815
12-Apr-22,2.72507,92.70312,92.99836,1.875,20320215,20220215,20220815
13-Apr-22,2.68831,93.00781,93.30823,1.875,20320215,20220215,20220815
14-Apr-22,2.80731,92.03906,92.3602,1.875,20320215,20220215,20220815
18-Apr-22,2.86138,91.60156,91.92787,1.875,20320215,20220215,20220815
19-Apr-22,2.91383,91.17969,91.51118,1.875,20320215,20220215,20220815
20-Apr-22,2.83491,91.82031,92.15698,1.875,20320215,20220215,20220815
21-Apr-22,2.9163,91.16406,91.50591,1.875,20320215,20220215,20220815
22-Apr-22,2.90546,91.25781,91.6152,1.875,20320215,20220215,20220815
25-Apr-22,2.82651,91.89844,92.26101,1.875,20320215,20220215,20220815
26-Apr-22,2.77109,92.35156,92.71931,1.875,20320215,20220215,20220815
27-Apr-22,2.81738,91.97656,92.34949,1.875,20320215,20220215,20220815
28-Apr-22,2.86197,91.61719,91.9953,1.875,20320215,20220215,20220815
29-Apr-22,2.88402,91.44531,91.83896,1.875,20320215,20220215,20220815
02-May-22,2.99538,90.55469,90.95351,1.875,20320215,20220215,20220815
03-May-22,2.95654,90.86719,91.27119,1.875,20320215,20220215,20220815
04-May-22,2.91393,91.21094,91.62012,1.875,20320215,20220215,20220815
05-May-22,3.06709,89.99219,90.40655,1.875,20320215,20220215,20220815
06-May-22,3.1235,89.55469,89.98459,1.875,20320215,20220215,20220815
09-May-22,3.07722,89.92188,90.35696,1.875,20320215,20220215,20220815
10-May-22,2.99179,90.60156,91.04182,1.875,20320215,20220215,20220815
11-May-22,2.90875,99.70896,99.70896,2.875,20320515,20220516,20221115
12-May-22,2.81638,100.50781,100.50781,2.875,20320515,20220516,20221115
13-May-22,2.93215,99.50781,99.51563,2.875,20320515,20220516,20221115
16-May-22,2.8768,99.98438,100,2.875,20320515,20220516,20221115
17-May-22,2.96864,99.19531,99.21875,2.875,20320515,20220516,20221115
18-May-22,2.88313,99.92969,99.96094,2.875,20320515,20220516,20221115
19-May-22,2.85416,100.17969,100.21875,2.875,20320515,20220516,20221115
20-May-22,2.78563,100.77344,100.83594,2.875,20320515,20220516,20221115
23-May-22,2.85774,100.14844,100.21875,2.875,20320515,20220516,20221115
24-May-22,2.75866,101.00781,101.08594,2.875,20320515,20220516,20221115
25-May-22,2.74608,101.11719,101.20313,2.875,20320515,20220516,20221115
26-May-22,2.7568,101.02344,101.11719,2.875,20320515,20220516,20221115
27-May-22,2.7477,101.10156,101.22656,2.875,20320515,20220516,20221115
31-May-22,2.84226,100.28125,100.41406,2.875,20320515,20220516,20221115
01-Jun-22,2.93045,99.52344,99.66406,2.875,20320515,20220516,20221115
02-Jun-22,2.91403,99.66406,99.8125,2.875,20320515,20220516,20221115
03-Jun-22,2.95428,99.32031,99.49219,2.875,20320515,20220516,20221115
06-Jun-22,3.03711,98.61719,98.79688,2.875,20320515,20220516,20221115
07-Jun-22,2.96898,99.19531,99.38281,2.875,20320515,20220516,20221115
08-Jun-22,3.02701,98.70312,98.89844,2.875,20320515,20220516,20221115
09-Jun-22,3.04091,98.58594,98.78906,2.875,20320515,20220516,20221115
10-Jun-22,3.15644,97.61719,97.84375,2.875,20320515,20220516,20221115
13-Jun-22,3.36938,95.85938,96.09375,2.875,20320515,20220516,20221115
14-Jun-22,3.48199,94.94531,95.1875,2.875,20320515,20220516,20221115
15-Jun-22,3.39259,95.67188,95.92188,2.875,20320515,20220516,20221115
16-Jun-22,3.30391,96.39844,96.65625,2.875,20320515,20220516,20221115
17-Jun-22,3.23791,96.94531,97.23438,2.875,20320515,20220516,20221115
21-Jun-22,3.3044,96.39844,96.69531,2.875,20320515,20220516,20221115
22-Jun-22,3.15518,97.63281,97.9375,2.875,20320515,20220516,20221115
23-Jun-22,3.06835,98.35938,98.67188,2.875,20320515,20220516,20221115
24-Jun-22,3.12356,97.89844,98.23438,2.875,20320515,20220516,20221115
27-Jun-22,3.19219,97.32812,97.67188,2.875,20320515,20220516,20221115
28-Jun-22,3.20642,97.21094,97.5625,2.875,20320515,20220516,20221115
29-Jun-22,3.09192,98.16406,98.52344,2.875,20320515,20220516,20221115
30-Jun-22,2.9731,99.16406,99.53125,2.875,20320515,20220516,20221115
01-Jul-22,2.90226,99.76562,100.16406,2.875,20320515,20220516,20221115
05-Jul-22,2.80904,100.5625,100.96875,2.875,20320515,20220516,20221115
06-Jul-22,2.91053,99.69531,100.10938,2.875,20320515,20220516,20221115
07-Jul-22,3.00659,98.88281,99.30469,2.875,20320515,20220516,20221115
08-Jul-22,3.09901,98.10938,98.55469,2.875,20320515,20220516,20221115
11-Jul-22,2.99,99.02344,99.47656,2.875,20320515,20220516,20221115
12-Jul-22,2.95669,99.30469,99.76563,2.875,20320515,20220516,20221115
13-Jul-22,2.90505,99.74219,100.21094,2.875,20320515,20220516,20221115
14-Jul-22,2.95765,99.29688,99.77344,2.875,20320515,20220516,20221115
15-Jul-22,2.92904,99.53906,100.03906,2.875,20320515,20220516,20221115
18-Jul-22,2.95864,99.28906,99.79688,2.875,20320515,20220516,20221115
19-Jul-22,3.01718,98.79688,99.3125,2.875,20320515,20220516,20221115
20-Jul-22,3.03493,98.64844,99.17188,2.875,20320515,20220516,20221115
21-Jul-22,2.90694,99.72656,100.25781,2.875,20320515,20220516,20221115
22-Jul-22,2.78041,100.80469,101.35938,2.875,20320515,20220516,20221115
25-Jul-22,2.81875,100.47656,101.03906,2.875,20320515,20220516,20221115
26-Jul-22,2.78584,100.75781,101.32813,2.875,20320515,20220516,20221115
27-Jul-22,2.7303,101.23438,101.8125,2.875,20320515,20220516,20221115
28-Jul-22,2.68046,101.66406,102.25,2.875,20320515,20220516,20221115
29-Jul-22,2.63971,102.01562,102.625,2.875,20320515,20220516,20221115
01-Aug-22,2.60458,102.32031,102.9375,2.875,20320515,20220516,20221115
02-Aug-22,2.74009,101.14844,101.77344,2.875,20320515,20220516,20221115
03-Aug-22,2.74734,101.08594,101.71875,2.875,20320515,20220516,20221115
04-Aug-22,2.67379,101.71875,102.35938,2.875,20320515,20220516,20221115
05-Aug-22,2.83785,100.3125,100.97656,2.875,20320515,20220516,20221115
08-Aug-22,2.76178,100.96094,101.63281,2.875,20320515,20220516,20221115
09-Aug-22,2.79651,100.66406,101.34375,2.875,20320515,20220516,20221115
10-Aug-22,2.77959,99.74324,99.74324,2.75,20320815,20220815,20230215
11-Aug-22,2.88666,98.82031,98.82031,2.75,20320815,20220815,20230215
12-Aug-22,2.84846,99.14844,99.14844,2.75,20320815,20220815,20230215
15-Aug-22,2.79054,99.64844,99.65591,2.75,20320815,20220815,20230215
16-Aug-22,2.8231,99.36719,99.38213,2.75,20320815,20220815,20230215
17-Aug-22,2.89403,98.75781,98.78023,2.75,20320815,20220815,20230215
18-Aug-22,2.87947,98.88281,98.9127,2.75,20320815,20220815,20230215
19-Aug-22,2.98774,97.96094,98.01325,2.75,20320815,20220815,20230215
22-Aug-22,3.03399,97.57031,97.6301,2.75,20320815,20220815,20230215
23-Aug-22,3.0526,97.41406,97.48132,2.75,20320815,20220815,20230215
24-Aug-22,3.10479,96.97656,97.05129,2.75,20320815,20220815,20230215
25-Aug-22,3.02306,97.66406,97.74626,2.75,20320815,20220815,20230215
26-Aug-22,3.03436,97.57031,97.67493,2.75,20320815,20220815,20230215
29-Aug-22,3.10892,96.94531,97.0574,2.75,20320815,20220815,20230215
30-Aug-22,3.10806,96.95312,97.07269,2.75,20320815,20220815,20230215
31-Aug-22,3.13154,96.75781,96.88485,2.75,20320815,20220815,20230215
01-Sep-22,3.2637,95.66406,95.79857,2.75,20320815,20220815,20230215
02-Sep-22,3.18936,96.28125,96.44565,2.75,20320815,20220815,20230215
06-Sep-22,3.33871,95.05469,95.22656,2.75,20320815,20220815,20230215
07-Sep-22,3.2644,95.66406,95.84341,2.75,20320815,20220815,20230215
08-Sep-22,3.29023,95.45312,95.63995,2.75,20320815,20220815,20230215
09-Sep-22,3.32023,95.21094,95.42018,2.75,20320815,20220815,20230215
12-Sep-22,3.36064,94.88281,95.09952,2.75,20320815,20220815,20230215
13-Sep-22,3.42248,94.38281,94.607,2.75,20320815,20220815,20230215
14-Sep-22,3.41007,94.48438,94.71603,2.75,20320815,20220815,20230215
15-Sep-22,3.45768,94.10156,94.34069,2.75,20320815,20220815,20230215
16-Sep-22,3.44652,94.19531,94.45686,2.75,20320815,20220815,20230215
19-Sep-22,3.48753,93.86719,94.13621,2.75,20320815,20220815,20230215
20-Sep-22,3.57089,93.20312,93.47962,2.75,20320815,20220815,20230215
21-Sep-22,3.51032,93.6875,93.97147,2.75,20320815,20220815,20230215
22-Sep-22,3.70586,92.14062,92.43207,2.75,20320815,20220815,20230215
23-Sep-22,3.69558,92.22656,92.54042,2.75,20320815,20220815,20230215
26-Sep-22,3.87869,90.80469,91.12602,2.75,20320815,20220815,20230215
27-Sep-22,3.96143,90.17188,90.50068,2.75,20320815,20220815,20230215
28-Sep-22,3.70521,92.15625,92.49253,2.75,20320815,20220815,20230215
29-Sep-22,3.74642,91.83594,92.17969,2.75,20320815,20220815,20230215
30-Sep-22,3.80341,91.39844,91.76461,2.75,20320815,20220815,20230215
03-Oct-22,3.64957,92.60156,92.9752,2.75,20320815,20220815,20230215
04-Oct-22,3.61607,92.86719,93.2483,2.75,20320815,20220815,20230215
05-Oct-22,3.75786,91.75781,92.1464,2.75,20320815,20220815,20230215
06-Oct-22,3.82257,91.25781,91.65387,2.75,20320815,20220815,20230215
07-Oct-22,3.88344,90.79688,91.22283,2.75,20320815,20220815,20230215
11-Oct-22,3.93778,90.38281,90.81624,2.75,20320815,20220815,20230215
12-Oct-22,3.9013,90.66406,91.10496,2.75,20320815,20220815,20230215
13-Oct-22,3.95269,90.27344,90.72181,2.75,20320815,20220815,20230215
14-Oct-22,4.00495,89.88281,90.3536,2.75,20320815,20220815,20230215
17-Oct-22,4.01247,89.82812,90.30639,2.75,20320815,20220815,20230215
18-Oct-22,3.99627,89.95312,90.43886,2.75,20320815,20220815,20230215
19-Oct-22,4.12829,88.96094,89.45414,2.75,20320815,20220815,20230215
20-Oct-22,4.22511,88.24219,88.74287,2.75,20320815,20220815,20230215
21-Oct-22,4.21142,88.35156,88.87466,2.75,20320815,20220815,20230215
24-Oct-22,4.23074,88.21094,88.74151,2.75,20320815,20220815,20230215
25-Oct-22,4.10938,89.11719,89.65523,2.75,20320815,20220815,20230215
26-Oct-22,4.01415,89.83594,90.38145,2.75,20320815,20220815,20230215
27-Oct-22,3.93719,90.42188,90.97486,2.75,20320815,20220815,20230215
28-Oct-22,4.00813,89.89062,90.46603,2.75,20320815,20220815,20230215
31-Oct-22,4.07588,89.38281,89.96569,2.75,20320815,20220815,20230215
01-Nov-22,4.0502,89.57812,90.16848,2.75,20320815,20220815,20230215
02-Nov-22,4.05883,89.51562,90.11345,2.75,20320815,20220815,20230215
03-Nov-22,4.12278,89.03906,89.64436,2.75,20320815,20220815,20230215
04-Nov-22,4.15734,88.78906,89.41678,2.75,20320815,20220815,20230215
07-Nov-22,4.21246,88.38281,89.018,2.75,20320815,20220815,20230215
08-Nov-22,4.12653,89.02344,89.6661,2.75,20320815,20220815,20230215
09-Nov-22,4.14015,99.87698,99.87698,4.125,20321115,20230117,20230515
10-Nov-22,3.82838,102.44531,102.44531,4.125,20321115,20230117,20230515
14-Nov-22,3.86581,102.13281,102.13281,4.125,20321115,20230117,20230515
15-Nov-22,3.79751,102.70312,102.71452,4.125,20321115,20230117,20230515
16-Nov-22,3.69265,103.58594,103.60873,4.125,20321115,20230117,20230515
17-Nov-22,3.7722,102.91406,102.94825,4.125,20321115,20230117,20230515
18-Nov-22,3.81668,102.53906,102.60743,4.125,20321115,20230117,20230515
21-Nov-22,3.82595,102.46094,102.5407,4.125,20321115,20230117,20230515
22-Nov-22,3.75593,103.04688,103.13804,4.125,20321115,20230117,20230515
23-Nov-22,3.70843,103.44531,103.55926,4.125,20321115,20230117,20230515
25-Nov-22,3.7007,103.50781,103.65595,4.125,20321115,20230117,20230515
28-Nov-22,3.7006,103.50781,103.66734,4.125,20321115,20230117,20230515
29-Nov-22,3.7469,103.11719,103.28811,4.125,20321115,20230117,20230515
30-Nov-22,3.70039,103.50781,103.69013,4.125,20321115,20230117,20230515
01-Dec-22,3.52483,105,105.19372,4.125,20321115,20230117,20230515
02-Dec-22,3.50163,105.19531,105.42321,4.125,20321115,20230117,20230515
05-Dec-22,3.59836,104.36719,104.60648,4.125,20321115,20230117,20230515
06-Dec-22,3.51225,105.10156,105.35225,4.125,20321115,20230117,20230515
07-Dec-22,3.40695,106.00781,106.2699,4.125,20321115,20230117,20230515
08-Dec-22,3.49193,105.27344,105.54692,4.125,20321115,20230117,20230515
09-Dec-22,3.56638,104.63281,104.94048,4.125,20321115,20230117,20230515
12-Dec-22,3.61035,104.25781,104.57687,4.125,20321115,20230117,20230515
13-Dec-22,3.50119,105.1875,105.51796,4.125,20321115,20230117,20230515
14-Dec-22,3.50196,105.17969,105.52154,4.125,20321115,20230117,20230515
15-Dec-22,3.44905,105.63281,105.98606,4.125,20321115,20230117,20230515
16-Dec-22,3.4804,105.35938,105.74681,4.125,20321115,20230117,20230515
19-Dec-22,3.58185,104.49219,104.89101,4.125,20321115,20230117,20230515
20-Dec-22,3.68341,103.63281,104.04303,4.125,20321115,20230117,20230515
21-Dec-22,3.6833,103.63281,104.05443,4.125,20321115,20230117,20230515
22-Dec-22,3.66926,103.75,104.18301,4.125,20321115,20230117,20230515
23-Dec-22,3.74622,103.10156,103.58015,4.125,20321115,20230117,20230515
27-Dec-22,3.85718,102.17969,102.66967,4.125,20321115,20230117,20230515
28-Dec-22,3.88459,101.95312,102.45451,4.125,20321115,20230117,20230515
29-Dec-22,3.83341,102.375,102.88778,4.125,20321115,20230117,20230515
30-Dec-22,3.82933,102.40625,102.96461,4.125,20321115,20230117,20230515
03-Jan-23,3.79058,102.72656,103.29631,4.125,20321115,20230117,20230515
04-Jan-23,3.70794,103.41406,103.99521,4.125,20321115,20230117,20230515
05-Jan-23,3.72093,103.30469,103.89723,4.125,20321115,20230117,20230515
06-Jan-23,3.56909,104.57812,105.20485,4.125,20321115,20230117,20230515
09-Jan-23,3.51646,105.02344,105.66156,4.125,20321115,20230117,20230515
