"Date","OIS 6 Months Rate"
12-Jan-18,1.58945
16-Jan-18,1.59425
17-Jan-18,1.59822
18-Jan-18,1.59978
19-Jan-18,1.60531
22-Jan-18,1.60974
23-Jan-18,1.61063
24-Jan-18,1.61345
25-Jan-18,1.62488
26-Jan-18,1.62993
29-Jan-18,1.63142
30-Jan-18,1.63582
31-Jan-18,1.64321
01-Feb-18,1.65084
02-Feb-18,1.64776
05-Feb-18,1.63008
06-Feb-18,1.63446
07-Feb-18,1.64806
08-Feb-18,1.65875
09-Feb-18,1.64396
12-Feb-18,1.65532
13-Feb-18,1.66071
14-Feb-18,1.6832
15-Feb-18,1.69415
16-Feb-18,1.69938
20-Feb-18,1.70477
21-Feb-18,N/A
22-Feb-18,1.71945
23-Feb-18,1.72449
26-Feb-18,1.7239
27-Feb-18,1.73471
28-Feb-18,1.73979
01-Mar-18,1.72771
02-Mar-18,1.73315
05-Mar-18,1.74537
06-Mar-18,1.75058
07-Mar-18,1.7514
08-Mar-18,1.75338
09-Mar-18,1.7597
12-Mar-18,1.76434
13-Mar-18,1.76966
14-Mar-18,1.77022
15-Mar-18,1.78215
16-Mar-18,1.78523
19-Mar-18,1.78981
20-Mar-18,1.80266
21-Mar-18,1.80213
22-Mar-18,1.80177
23-Mar-18,1.8007
26-Mar-18,1.80664
27-Mar-18,1.8018
28-Mar-18,1.81107
29-Mar-18,1.81288
02-Apr-18,1.80805
03-Apr-18,1.81405
04-Apr-18,1.82376
05-Apr-18,1.83318
06-Apr-18,1.82185
09-Apr-18,1.83646
10-Apr-18,1.8433
11-Apr-18,1.85045
12-Apr-18,1.86031
13-Apr-18,1.86546
16-Apr-18,1.86845
17-Apr-18,1.8733
18-Apr-18,1.88787
19-Apr-18,1.88981
20-Apr-18,1.89268
23-Apr-18,1.90549
24-Apr-18,1.90658
25-Apr-18,1.91867
26-Apr-18,1.92499
27-Apr-18,1.92598
30-Apr-18,1.93132
01-May-18,1.93716
02-May-18,1.94006
03-May-18,1.93871
04-May-18,1.95202
07-May-18,1.94957
08-May-18,1.96011
09-May-18,1.96452
10-May-18,1.97038
11-May-18,1.96966
14-May-18,1.97633
15-May-18,1.98747
16-May-18,1.98784
17-May-18,1.99416
18-May-18,1.99385
21-May-18,1.99767
22-May-18,2.00177
23-May-18,1.96596
24-May-18,1.97054
25-May-18,1.96436
29-May-18,1.91342
30-May-18,1.95123
31-May-18,1.96149
01-Jun-18,1.98725
04-Jun-18,1.99591
05-Jun-18,1.992
06-Jun-18,2.00036
07-Jun-18,2.00138
08-Jun-18,1.9976
11-Jun-18,2.00983
12-Jun-18,2.0139
13-Jun-18,2.01474
14-Jun-18,2.02123
15-Jun-18,2.01998
18-Jun-18,2.02131
19-Jun-18,2.01869
20-Jun-18,2.03875
21-Jun-18,2.04633
22-Jun-18,2.04179
25-Jun-18,2.03802
26-Jun-18,2.03832
27-Jun-18,2.03948
28-Jun-18,2.04439
29-Jun-18,2.04287
02-Jul-18,2.05316
03-Jul-18,2.05128
05-Jul-18,2.065
06-Jul-18,2.06182
09-Jul-18,2.06625
10-Jul-18,2.07493
11-Jul-18,2.07252
12-Jul-18,2.07898
13-Jul-18,2.08065
16-Jul-18,2.09679
17-Jul-18,2.11044
18-Jul-18,2.10829
19-Jul-18,2.11029
20-Jul-18,2.10997
23-Jul-18,2.11702
24-Jul-18,2.12013
25-Jul-18,2.1211
26-Jul-18,2.13148
27-Jul-18,2.13213
30-Jul-18,2.13869
31-Jul-18,2.14166
01-Aug-18,2.13925
02-Aug-18,2.14033
03-Aug-18,2.14002
06-Aug-18,2.14384
07-Aug-18,2.15221
08-Aug-18,2.15343
09-Aug-18,2.15314
10-Aug-18,2.14126
13-Aug-18,2.1505
14-Aug-18,2.16475
15-Aug-18,2.16089
16-Aug-18,2.17194
17-Aug-18,2.17261
20-Aug-18,2.16772
21-Aug-18,2.17668
22-Aug-18,2.17804
23-Aug-18,2.19601
24-Aug-18,2.19833
27-Aug-18,2.20164
28-Aug-18,2.20622
29-Aug-18,2.21205
30-Aug-18,2.21098
31-Aug-18,2.2136
04-Sep-18,2.21658
05-Sep-18,2.22359
06-Sep-18,2.22881
07-Sep-18,2.23755
10-Sep-18,2.24311
11-Sep-18,2.25255
12-Sep-18,2.25347
13-Sep-18,2.26552
14-Sep-18,2.26765
17-Sep-18,2.26912
18-Sep-18,2.27695
19-Sep-18,2.2853
20-Sep-18,2.29435
21-Sep-18,2.29397
24-Sep-18,2.29511
25-Sep-18,2.30366
26-Sep-18,2.30659
27-Sep-18,2.31503
28-Sep-18,2.31283
01-Oct-18,2.31917
02-Oct-18,2.32462
03-Oct-18,2.32953
04-Oct-18,2.34672
05-Oct-18,2.34929
09-Oct-18,2.34946
10-Oct-18,2.34999
11-Oct-18,2.34404
12-Oct-18,2.35405
15-Oct-18,2.35673
16-Oct-18,2.35598
17-Oct-18,2.3672
18-Oct-18,2.37244
19-Oct-18,2.38847
22-Oct-18,2.39245
23-Oct-18,2.38094
24-Oct-18,2.3763
25-Oct-18,2.38224
26-Oct-18,2.37749
29-Oct-18,2.37992
30-Oct-18,2.38345
31-Oct-18,2.3959
01-Nov-18,2.39923
02-Nov-18,2.40913
05-Nov-18,2.40715
06-Nov-18,2.41764
07-Nov-18,2.42555
08-Nov-18,2.44055
09-Nov-18,2.43892
13-Nov-18,2.43243
14-Nov-18,2.42209
15-Nov-18,2.42974
16-Nov-18,2.41928
19-Nov-18,2.41082
20-Nov-18,2.42792
21-Nov-18,2.44111
23-Nov-18,2.43753
26-Nov-18,2.44841
27-Nov-18,2.4547
28-Nov-18,2.45513
29-Nov-18,2.45582
30-Nov-18,2.4537
03-Dec-18,2.46659
04-Dec-18,2.45752
06-Dec-18,2.43861
07-Dec-18,2.42552
10-Dec-18,2.41734
11-Dec-18,2.43543
12-Dec-18,2.44896
13-Dec-18,2.45389
14-Dec-18,2.44714
17-Dec-18,2.42845
18-Dec-18,2.41713
19-Dec-18,2.44719
20-Dec-18,2.45159
21-Dec-18,2.44195
24-Dec-18,2.42559
26-Dec-18,2.42938
27-Dec-18,2.4166
28-Dec-18,2.42437
31-Dec-18,2.42202
02-Jan-19,2.42155
03-Jan-19,2.38015
04-Jan-19,2.41001
07-Jan-19,2.41796
08-Jan-19,2.43438
09-Jan-19,2.43012
10-Jan-19,2.43772
11-Jan-19,2.43229
14-Jan-19,2.42862
15-Jan-19,2.42616
16-Jan-19,2.4234
17-Jan-19,2.42642
18-Jan-19,2.43565
22-Jan-19,2.42691
23-Jan-19,2.43509
24-Jan-19,2.43055
25-Jan-19,2.43933
28-Jan-19,2.43202
29-Jan-19,2.43146
30-Jan-19,2.42404
31-Jan-19,2.40793
01-Feb-19,2.41423
04-Feb-19,2.41356
05-Feb-19,2.41366
06-Feb-19,2.41932
07-Feb-19,2.40804
08-Feb-19,2.40273
11-Feb-19,2.4079
12-Feb-19,2.41149
13-Feb-19,2.41496
14-Feb-19,2.40946
15-Feb-19,2.40976
19-Feb-19,2.40759
20-Feb-19,2.41015
21-Feb-19,2.41519
22-Feb-19,2.40699
25-Feb-19,2.40893
26-Feb-19,2.40857
27-Feb-19,2.41199
28-Feb-19,2.41755
01-Mar-19,2.42165
04-Mar-19,2.41949
05-Mar-19,2.42206
06-Mar-19,2.41758
07-Mar-19,2.41072
08-Mar-19,2.41082
11-Mar-19,2.4108
12-Mar-19,2.40272
13-Mar-19,2.40047
14-Mar-19,2.40215
15-Mar-19,2.39663
18-Mar-19,2.39977
19-Mar-19,2.39983
20-Mar-19,2.3993
21-Mar-19,2.40506
22-Mar-19,2.38703
25-Mar-19,2.36191
26-Mar-19,2.36949
27-Mar-19,2.35646
28-Mar-19,2.35703
29-Mar-19,2.36964
01-Apr-19,2.38135
02-Apr-19,2.38054
03-Apr-19,2.38474
04-Apr-19,2.38532
05-Apr-19,2.38866
08-Apr-19,2.39131
09-Apr-19,2.38862
10-Apr-19,2.38816
11-Apr-19,2.39335
12-Apr-19,2.39726
15-Apr-19,2.39985
16-Apr-19,2.40217
17-Apr-19,2.40449
18-Apr-19,2.40661
22-Apr-19,2.39417
23-Apr-19,2.39015
24-Apr-19,2.36484
25-Apr-19,2.3787
26-Apr-19,2.36627
29-Apr-19,2.36774
30-Apr-19,2.36201
01-May-19,2.36375
02-May-19,2.38209
03-May-19,2.38191
06-May-19,2.36486
07-May-19,2.35479
08-May-19,2.36417
09-May-19,2.34699
10-May-19,2.34061
13-May-19,2.31436
14-May-19,2.31432
15-May-19,2.30986
16-May-19,2.3216
17-May-19,2.324
20-May-19,2.32895
21-May-19,2.34796
22-May-19,2.34304
23-May-19,2.30684
24-May-19,2.32398
28-May-19,2.31251
29-May-19,2.30031
30-May-19,2.29705
31-May-19,2.22378
03-Jun-19,2.15923
04-Jun-19,2.1435
05-Jun-19,2.12966
06-Jun-19,2.13626
07-Jun-19,2.08456
10-Jun-19,2.11217
11-Jun-19,2.1246
12-Jun-19,2.09781
13-Jun-19,2.0485
14-Jun-19,2.05781
17-Jun-19,2.07271
18-Jun-19,2.0669
19-Jun-19,1.99139
20-Jun-19,1.9559
21-Jun-19,1.9789
24-Jun-19,1.9462
25-Jun-19,1.96232
26-Jun-19,1.98695
27-Jun-19,1.96137
28-Jun-19,1.96066
01-Jul-19,1.99731
02-Jul-19,1.97158
03-Jul-19,1.95962
05-Jul-19,2.02385
08-Jul-19,2.01322
09-Jul-19,2.02743
10-Jul-19,1.96191
11-Jul-19,1.97815
12-Jul-19,1.95118
15-Jul-19,1.93868
16-Jul-19,1.94374
17-Jul-19,1.92381
18-Jul-19,1.84952
19-Jul-19,1.91246
22-Jul-19,1.91503
23-Jul-19,1.92896
24-Jul-19,1.91825
25-Jul-19,1.92214
26-Jul-19,1.93024
29-Jul-19,1.9077
30-Jul-19,1.91582
31-Jul-19,1.97046
01-Aug-19,1.86626
02-Aug-19,1.83629
05-Aug-19,1.72837
06-Aug-19,1.7586
07-Aug-19,1.70987
08-Aug-19,1.73449
09-Aug-19,1.73783
12-Aug-19,1.70465
13-Aug-19,1.75691
14-Aug-19,1.69946
15-Aug-19,1.64852
16-Aug-19,1.65671
19-Aug-19,1.69565
20-Aug-19,1.67812
21-Aug-19,1.70845
22-Aug-19,1.72604
23-Aug-19,1.66742
26-Aug-19,1.70354
27-Aug-19,1.70113
28-Aug-19,1.696
29-Aug-19,1.69815
30-Aug-19,1.6883
03-Sep-19,1.64808
04-Sep-19,1.61581
05-Sep-19,1.66682
06-Sep-19,1.66252
09-Sep-19,1.67143
10-Sep-19,1.69182
11-Sep-19,1.6914
12-Sep-19,1.70903
13-Sep-19,1.74755
16-Sep-19,1.7232
17-Sep-19,1.73693
18-Sep-19,1.73146
19-Sep-19,1.69742
20-Sep-19,1.70508
23-Sep-19,1.67414
24-Sep-19,1.63952
25-Sep-19,1.67506
26-Sep-19,1.66576
27-Sep-19,1.63846
30-Sep-19,1.64803
01-Oct-19,1.59912
02-Oct-19,1.55328
03-Oct-19,1.4899
04-Oct-19,1.50526
07-Oct-19,1.52666
08-Oct-19,1.50226
09-Oct-19,1.52008
10-Oct-19,1.52461
11-Oct-19,1.57779
15-Oct-19,1.58557
16-Oct-19,1.54624
17-Oct-19,1.55599
18-Oct-19,1.52308
21-Oct-19,1.53389
22-Oct-19,1.51651
23-Oct-19,1.50575
24-Oct-19,1.50947
25-Oct-19,1.51822
28-Oct-19,1.52621
29-Oct-19,1.52548
30-Oct-19,1.5122
31-Oct-19,1.47325
01-Nov-19,1.50481
04-Nov-19,1.51624
05-Nov-19,1.52876
06-Nov-19,1.51166
07-Nov-19,1.52651
08-Nov-19,1.52785
12-Nov-19,1.52199
13-Nov-19,1.51285
14-Nov-19,1.50183
15-Nov-19,1.51463
18-Nov-19,1.51037
19-Nov-19,1.50649
20-Nov-19,1.49693
21-Nov-19,1.5121
22-Nov-19,1.52131
25-Nov-19,1.52861
26-Nov-19,1.5252
27-Nov-19,1.53309
29-Nov-19,1.52928
02-Dec-19,1.52984
03-Dec-19,1.50905
04-Dec-19,1.51909
05-Dec-19,1.51218
06-Dec-19,1.52749
09-Dec-19,1.52705
10-Dec-19,1.52948
11-Dec-19,1.53013
12-Dec-19,1.54363
13-Dec-19,1.53917
16-Dec-19,1.54808
17-Dec-19,1.54584
18-Dec-19,1.5486
19-Dec-19,1.54901
20-Dec-19,1.54911
23-Dec-19,1.55579
24-Dec-19,1.5547
26-Dec-19,1.55538
27-Dec-19,1.55059
30-Dec-19,1.55047
31-Dec-19,1.55005
02-Jan-20,1.54588
03-Jan-20,1.54827
06-Jan-20,1.54453
07-Jan-20,1.54484
08-Jan-20,1.55646
09-Jan-20,1.55171
10-Jan-20,1.55395
13-Jan-20,1.55926
14-Jan-20,1.56135
15-Jan-20,1.5669
16-Jan-20,1.56406
17-Jan-20,1.56982
21-Jan-20,1.55717
22-Jan-20,1.56048
23-Jan-20,1.55352
24-Jan-20,1.54757
27-Jan-20,1.52674
28-Jan-20,1.54106
29-Jan-20,1.54623
30-Jan-20,1.52247
31-Jan-20,1.49175
03-Feb-20,1.50243
04-Feb-20,1.53338
05-Feb-20,1.5418
06-Feb-20,1.54121
07-Feb-20,1.51861
10-Feb-20,1.50312
11-Feb-20,1.52328
12-Feb-20,1.53089
13-Feb-20,1.51938
14-Feb-20,1.50601
18-Feb-20,1.50016
19-Feb-20,1.51647
20-Feb-20,1.50139
21-Feb-20,1.47327
24-Feb-20,1.42441
25-Feb-20,1.38165
26-Feb-20,1.34932
27-Feb-20,1.26358
28-Feb-20,1.02688
02-Mar-20,0.91245
03-Mar-20,0.68852
04-Mar-20,0.62313
05-Mar-20,0.49969
06-Mar-20,0.38756
09-Mar-20,0.20935
10-Mar-20,0.27982
11-Mar-20,0.20043
12-Mar-20,0.13225
13-Mar-20,0.13281
16-Mar-20,0.0932
17-Mar-20,0.12246
18-Mar-20,0.10257
19-Mar-20,0.11699
20-Mar-20,0.10094
23-Mar-20,0.08458
24-Mar-20,0.08679
25-Mar-20,0.08213
26-Mar-20,0.07047
27-Mar-20,0.06194
30-Mar-20,0.06705
31-Mar-20,0.06541
01-Apr-20,0.06668
02-Apr-20,0.0746
03-Apr-20,0.07326
06-Apr-20,0.07814
07-Apr-20,0.07787
08-Apr-20,0.07663
09-Apr-20,0.07382
13-Apr-20,0.0771
14-Apr-20,0.075
15-Apr-20,0.06872
16-Apr-20,0.0711
17-Apr-20,0.07264
20-Apr-20,0.07095
21-Apr-20,0.07445
22-Apr-20,0.07439
23-Apr-20,0.0749
24-Apr-20,0.06865
27-Apr-20,0.0689
28-Apr-20,0.07037
29-Apr-20,0.05177
30-Apr-20,0.04409
01-May-20,0.04555
04-May-20,0.04274
05-May-20,0.04519
06-May-20,0.04269
07-May-20,0.03295
08-May-20,0.04445
11-May-20,0.04664
12-May-20,0.04688
13-May-20,0.04368
14-May-20,0.0446
15-May-20,0.046
18-May-20,0.05675
19-May-20,0.05356
20-May-20,0.04681
21-May-20,0.04826
22-May-20,0.04509
26-May-20,0.04855
27-May-20,0.04774
28-May-20,0.0466
29-May-20,0.04277
01-Jun-20,0.04226
02-Jun-20,0.04411
03-Jun-20,0.04749
04-Jun-20,0.05713
05-Jun-20,0.05939
08-Jun-20,0.06555
09-Jun-20,0.06817
10-Jun-20,0.0605
11-Jun-20,0.05718
12-Jun-20,0.0761
15-Jun-20,0.074
16-Jun-20,0.0782
17-Jun-20,0.07162
18-Jun-20,0.06639
19-Jun-20,0.06351
22-Jun-20,0.06179
23-Jun-20,0.06383
24-Jun-20,0.06257
25-Jun-20,0.06037
26-Jun-20,0.05666
29-Jun-20,0.05202
30-Jun-20,0.05183
01-Jul-20,0.05109
02-Jul-20,0.05749
06-Jul-20,0.05986
07-Jul-20,0.05901
08-Jul-20,0.05606
09-Jul-20,0.0545
10-Jul-20,0.05688
13-Jul-20,0.0591
14-Jul-20,0.05941
15-Jul-20,0.05811
16-Jul-20,0.05383
17-Jul-20,0.05912
20-Jul-20,0.0591
21-Jul-20,0.06117
22-Jul-20,0.06128
23-Jul-20,0.05667
24-Jul-20,0.05617
27-Jul-20,0.05444
28-Jul-20,0.05788
29-Jul-20,0.05777
30-Jul-20,0.05661
31-Jul-20,0.05655
03-Aug-20,0.06122
04-Aug-20,0.06122
05-Aug-20,0.06257
06-Aug-20,0.06195
07-Aug-20,0.06362
10-Aug-20,0.06659
11-Aug-20,0.06587
12-Aug-20,0.06573
13-Aug-20,0.06469
14-Aug-20,0.07397
17-Aug-20,0.07312
18-Aug-20,0.06888
19-Aug-20,0.06801
20-Aug-20,0.06499
21-Aug-20,0.06302
24-Aug-20,0.06226
25-Aug-20,0.06729
26-Aug-20,0.06944
27-Aug-20,0.06718
28-Aug-20,0.06289
31-Aug-20,0.06574
01-Sep-20,0.06635
02-Sep-20,0.06653
03-Sep-20,0.05974
04-Sep-20,0.06933
08-Sep-20,0.06964
09-Sep-20,0.06917
10-Sep-20,0.0732
11-Sep-20,0.07218
14-Sep-20,0.07198
15-Sep-20,0.07175
16-Sep-20,0.0719
17-Sep-20,0.07091
18-Sep-20,0.07335
21-Sep-20,0.07272
22-Sep-20,0.0729
23-Sep-20,0.06884
24-Sep-20,0.06707
25-Sep-20,0.0672
28-Sep-20,0.06899
29-Sep-20,0.06692
30-Sep-20,0.07218
01-Oct-20,0.0722
02-Oct-20,0.07148
05-Oct-20,0.07176
06-Oct-20,0.07204
07-Oct-20,0.07181
08-Oct-20,0.07613
09-Oct-20,0.07446
13-Oct-20,0.07593
14-Oct-20,0.07239
15-Oct-20,0.07698
16-Oct-20,0.0755
19-Oct-20,0.07536
20-Oct-20,0.07612
21-Oct-20,0.07609
22-Oct-20,0.07936
23-Oct-20,0.08043
26-Oct-20,0.07561
27-Oct-20,0.07667
28-Oct-20,0.07538
29-Oct-20,0.07393
30-Oct-20,0.07522
02-Nov-20,0.07419
03-Nov-20,0.07348
04-Nov-20,0.07644
05-Nov-20,0.07798
06-Nov-20,0.07932
09-Nov-20,0.08188
10-Nov-20,0.08201
12-Nov-20,0.079
13-Nov-20,0.08113
16-Nov-20,0.07795
17-Nov-20,0.07827
18-Nov-20,0.07818
19-Nov-20,0.07242
20-Nov-20,0.07273
23-Nov-20,0.07368
24-Nov-20,0.07287
25-Nov-20,0.07634
27-Nov-20,0.07511
30-Nov-20,0.07702
01-Dec-20,0.07848
02-Dec-20,0.08102
03-Dec-20,0.08072
04-Dec-20,0.07934
07-Dec-20,0.07477
08-Dec-20,0.07946
09-Dec-20,0.08178
10-Dec-20,0.08158
11-Dec-20,0.07416
14-Dec-20,0.07533
15-Dec-20,0.07867
16-Dec-20,0.07865
17-Dec-20,0.08104
18-Dec-20,0.07814
21-Dec-20,0.07958
22-Dec-20,0.08044
23-Dec-20,0.07592
24-Dec-20,0.07489
28-Dec-20,0.07804
29-Dec-20,0.078
30-Dec-20,0.07721
31-Dec-20,0.07454
04-Jan-21,0.07422
05-Jan-21,0.07447
06-Jan-21,0.07742
07-Jan-21,0.07935
08-Jan-21,0.07534
11-Jan-21,0.07414
12-Jan-21,0.07871
13-Jan-21,0.07874
14-Jan-21,0.07834
15-Jan-21,0.07727
19-Jan-21,0.07716
20-Jan-21,0.0772
21-Jan-21,0.07198
22-Jan-21,0.07434
25-Jan-21,0.07305
26-Jan-21,0.07071
27-Jan-21,0.07094
28-Jan-21,0.07123
29-Jan-21,0.0699
01-Feb-21,0.06794
02-Feb-21,0.06823
03-Feb-21,0.06821
04-Feb-21,0.06668
05-Feb-21,0.07049
08-Feb-21,0.07157
09-Feb-21,0.07509
10-Feb-21,0.07151
11-Feb-21,0.07628
12-Feb-21,0.07612
16-Feb-21,0.07582
17-Feb-21,0.07767
18-Feb-21,0.07837
19-Feb-21,0.07657
22-Feb-21,0.08136
23-Feb-21,0.08199
24-Feb-21,0.08191
25-Feb-21,0.08648
26-Feb-21,0.0837
01-Mar-21,0.08385
02-Mar-21,0.08433
03-Mar-21,0.08119
04-Mar-21,0.08148
05-Mar-21,0.07658
08-Mar-21,0.07708
09-Mar-21,0.07953
10-Mar-21,0.07818
11-Mar-21,0.0774
12-Mar-21,0.07743
15-Mar-21,0.07625
16-Mar-21,0.08011
17-Mar-21,0.07763
18-Mar-21,0.07578
19-Mar-21,0.07147
22-Mar-21,0.06547
23-Mar-21,0.07332
24-Mar-21,0.06844
25-Mar-21,0.07198
26-Mar-21,0.07071
29-Mar-21,0.07234
30-Mar-21,0.0722
31-Mar-21,0.07689
01-Apr-21,0.07389
02-Apr-21,0.07725
05-Apr-21,0.07418
06-Apr-21,0.07414
07-Apr-21,0.07873
08-Apr-21,0.08051
09-Apr-21,0.08061
12-Apr-21,0.08104
13-Apr-21,0.08106
14-Apr-21,0.08119
15-Apr-21,0.08595
16-Apr-21,0.09118
19-Apr-21,0.0861
20-Apr-21,0.09032
21-Apr-21,0.09049
22-Apr-21,0.0909
23-Apr-21,0.09105
26-Apr-21,0.08659
27-Apr-21,0.09173
28-Apr-21,0.08418
29-Apr-21,0.08848
30-Apr-21,0.08861
03-May-21,0.09385
04-May-21,0.08614
05-May-21,0.08689
06-May-21,0.08192
07-May-21,0.08003
10-May-21,0.08024
11-May-21,0.07759
12-May-21,0.07765
13-May-21,0.07786
14-May-21,0.0781
17-May-21,0.07349
18-May-21,0.07331
19-May-21,0.0769
20-May-21,0.07766
21-May-21,0.08089
24-May-21,0.08099
25-May-21,0.07593
26-May-21,0.08126
27-May-21,0.08173
28-May-21,0.07845
01-Jun-21,0.07855
02-Jun-21,0.08207
03-Jun-21,0.08221
04-Jun-21,0.08023
07-Jun-21,0.07759
08-Jun-21,0.07773
09-Jun-21,0.07663
10-Jun-21,0.07823
11-Jun-21,0.07836
14-Jun-21,0.08734
15-Jun-21,0.08729
16-Jun-21,0.09821
17-Jun-21,0.09537
18-Jun-21,0.09639
21-Jun-21,0.09804
22-Jun-21,0.09123
23-Jun-21,0.09507
24-Jun-21,0.09498
25-Jun-21,0.09541
28-Jun-21,0.09513
29-Jun-21,0.0908
30-Jun-21,0.09422
01-Jul-21,0.0952
02-Jul-21,0.09392
06-Jul-21,0.09043
07-Jul-21,0.09041
08-Jul-21,0.0923
09-Jul-21,0.09302
12-Jul-21,0.09201
13-Jul-21,0.08898
14-Jul-21,0.09185
15-Jul-21,0.08906
16-Jul-21,0.09032
19-Jul-21,0.08898
20-Jul-21,0.09193
21-Jul-21,0.09189
22-Jul-21,0.09048
23-Jul-21,0.09043
26-Jul-21,0.08878
27-Jul-21,0.08908
28-Jul-21,0.08905
29-Jul-21,0.08657
30-Jul-21,0.08682
02-Aug-21,0.08691
03-Aug-21,0.08468
04-Aug-21,0.08464
05-Aug-21,0.08894
06-Aug-21,0.08884
09-Aug-21,0.08895
10-Aug-21,0.08921
11-Aug-21,0.08868
12-Aug-21,0.08863
13-Aug-21,0.08881
16-Aug-21,0.09244
17-Aug-21,0.08823
18-Aug-21,0.08875
19-Aug-21,0.08608
20-Aug-21,0.0866
23-Aug-21,0.08619
24-Aug-21,0.0904
25-Aug-21,0.08677
26-Aug-21,0.08639
27-Aug-21,0.08417
30-Aug-21,0.07921
31-Aug-21,0.07909
01-Sep-21,0.07911
02-Sep-21,0.07919
03-Sep-21,0.07498
07-Sep-21,0.07509
08-Sep-21,0.07511
09-Sep-21,0.0752
10-Sep-21,0.0802
13-Sep-21,0.07916
14-Sep-21,0.07876
15-Sep-21,0.07858
16-Sep-21,0.07867
17-Sep-21,0.08001
20-Sep-21,0.08009
21-Sep-21,0.08
22-Sep-21,0.07862
23-Sep-21,0.07869
24-Sep-21,0.07864
27-Sep-21,0.07865
28-Sep-21,0.07934
29-Sep-21,0.07908
30-Sep-21,0.07709
01-Oct-21,0.07875
04-Oct-21,0.07464
05-Oct-21,0.07876
06-Oct-21,0.07938
07-Oct-21,0.07769
08-Oct-21,0.07872
12-Oct-21,0.08283
13-Oct-21,0.08586
14-Oct-21,0.08195
15-Oct-21,0.0839
18-Oct-21,0.08893
19-Oct-21,0.08321
20-Oct-21,0.08326
21-Oct-21,0.08712
22-Oct-21,0.09285
25-Oct-21,0.08861
26-Oct-21,0.08882
27-Oct-21,0.09014
28-Oct-21,0.09342
29-Oct-21,0.09339
01-Nov-21,0.09241
02-Nov-21,0.08757
03-Nov-21,0.09191
04-Nov-21,0.08761
05-Nov-21,0.08479
08-Nov-21,0.09131
09-Nov-21,0.08902
10-Nov-21,0.09867
12-Nov-21,0.10327
15-Nov-21,0.10404
16-Nov-21,0.10593
17-Nov-21,0.10347
18-Nov-21,0.10193
19-Nov-21,0.10819
22-Nov-21,0.11501
23-Nov-21,0.12076
24-Nov-21,0.12775
26-Nov-21,0.10614
29-Nov-21,0.10839
30-Nov-21,0.11807
01-Dec-21,0.12
02-Dec-21,0.13058
03-Dec-21,0.12806
06-Dec-21,0.13922
07-Dec-21,0.14447
08-Dec-21,0.1471
09-Dec-21,0.14994
10-Dec-21,0.15211
13-Dec-21,0.14703
14-Dec-21,0.154
15-Dec-21,0.16914
16-Dec-21,0.17278
17-Dec-21,0.18565
20-Dec-21,0.18027
21-Dec-21,0.19138
22-Dec-21,0.19397
23-Dec-21,0.20908
24-Dec-21,N/A
27-Dec-21,0.21345
28-Dec-21,0.22103
29-Dec-21,0.22397
30-Dec-21,0.22381
31-Dec-21,0.22246
03-Jan-22,0.23681
04-Jan-22,0.23182
05-Jan-22,0.2581
06-Jan-22,0.28023
07-Jan-22,0.2779
10-Jan-22,0.29328
11-Jan-22,0.28981
12-Jan-22,0.29457
13-Jan-22,0.30634
14-Jan-22,0.32492
18-Jan-22,0.36138
19-Jan-22,0.36193
20-Jan-22,0.37834
21-Jan-22,0.3599
24-Jan-22,0.35127
25-Jan-22,0.3795
26-Jan-22,0.3966
27-Jan-22,0.44617
28-Jan-22,0.4493
31-Jan-22,0.45884
01-Feb-22,0.45502
02-Feb-22,0.45097
03-Feb-22,0.49104
04-Feb-22,0.57098
07-Feb-22,0.55775
08-Feb-22,0.57446
09-Feb-22,0.57425
10-Feb-22,0.74233
11-Feb-22,0.69886
14-Feb-22,0.72728
15-Feb-22,0.70216
16-Feb-22,0.67657
17-Feb-22,0.66913
18-Feb-22,0.65736
22-Feb-22,0.72648
23-Feb-22,0.72703
24-Feb-22,0.67152
25-Feb-22,0.70434
28-Feb-22,0.63305
01-Mar-22,0.55776
02-Mar-22,0.67696
03-Mar-22,0.69617
04-Mar-22,0.6786
07-Mar-22,0.70638
08-Mar-22,0.73065
09-Mar-22,0.76201
10-Mar-22,0.78457
11-Mar-22,0.80428
14-Mar-22,0.86314
15-Mar-22,0.86315
16-Mar-22,0.89466
17-Mar-22,0.86285
18-Mar-22,0.90022
21-Mar-22,0.98532
22-Mar-22,1.00224
23-Mar-22,1.00369
24-Mar-22,1.04684
25-Mar-22,1.0896
28-Mar-22,1.11565
29-Mar-22,1.09203
30-Mar-22,1.09803
31-Mar-22,1.11184
01-Apr-22,1.15047
04-Apr-22,1.16751
05-Apr-22,1.18945
06-Apr-22,1.22314
07-Apr-22,1.24021
08-Apr-22,1.25871
11-Apr-22,1.27403
12-Apr-22,1.24239
13-Apr-22,1.28128
14-Apr-22,1.32084
18-Apr-22,1.3239
19-Apr-22,1.36985
20-Apr-22,1.41195
21-Apr-22,1.49025
22-Apr-22,1.56537
25-Apr-22,1.54683
26-Apr-22,1.53987
27-Apr-22,1.54667
28-Apr-22,1.61427
29-Apr-22,1.66475
02-May-22,1.63879
03-May-22,1.68913
04-May-22,1.62787
05-May-22,1.66639
06-May-22,1.65765
09-May-22,1.65508
10-May-22,1.67223
11-May-22,1.69639
12-May-22,1.6773
13-May-22,1.71725
16-May-22,1.72334
17-May-22,1.78012
18-May-22,1.77825
19-May-22,1.78074
20-May-22,1.76832
23-May-22,1.79614
24-May-22,1.77546
25-May-22,1.77042
26-May-22,1.79756
27-May-22,1.79886
31-May-22,1.87508
01-Jun-22,1.91255
02-Jun-22,1.91246
03-Jun-22,1.91685
06-Jun-22,1.93695
07-Jun-22,1.93989
08-Jun-22,1.9679
09-Jun-22,2.00443
10-Jun-22,2.15592
13-Jun-22,2.25867
14-Jun-22,2.53598
15-Jun-22,2.52531
16-Jun-22,2.57723
17-Jun-22,2.59271
21-Jun-22,2.62508
22-Jun-22,2.61954
23-Jun-22,2.63204
24-Jun-22,2.60728
27-Jun-22,2.64483
28-Jun-22,2.64279
29-Jun-22,2.66632
30-Jun-22,2.65165
01-Jul-22,2.66518
05-Jul-22,2.64589
06-Jul-22,2.6921
07-Jul-22,2.74521
08-Jul-22,2.80912
11-Jul-22,2.80625
12-Jul-22,2.82288
13-Jul-22,3.05977
14-Jul-22,3.0063
15-Jul-22,2.94161
18-Jul-22,2.95144
19-Jul-22,2.99611
20-Jul-22,2.99848
21-Jul-22,2.96883
22-Jul-22,2.92976
25-Jul-22,2.97331
26-Jul-22,2.97213
27-Jul-22,2.92619
28-Jul-22,2.91087
29-Jul-22,2.93022
01-Aug-22,2.93728
02-Aug-22,2.99895
03-Aug-22,3.01586
04-Aug-22,3.00962
05-Aug-22,3.13425
08-Aug-22,3.13845
09-Aug-22,3.16702
10-Aug-22,3.10891
11-Aug-22,3.13588
12-Aug-22,3.14234
15-Aug-22,3.13363
16-Aug-22,3.15596
17-Aug-22,3.1674
18-Aug-22,3.17575
19-Aug-22,3.19699
22-Aug-22,3.25141
23-Aug-22,3.25658
24-Aug-22,3.28813
25-Aug-22,3.31828
26-Aug-22,3.32334
29-Aug-22,3.37155
30-Aug-22,3.3925
31-Aug-22,3.39474
01-Sep-22,3.45345
02-Sep-22,3.39259
06-Sep-22,3.4833
07-Sep-22,3.49139
08-Sep-22,3.54533
09-Sep-22,3.59863
12-Sep-22,3.61344
13-Sep-22,3.83779
14-Sep-22,3.86679
15-Sep-22,3.94017
16-Sep-22,3.91269
19-Sep-22,3.94261
20-Sep-22,3.94542
21-Sep-22,3.96719
22-Sep-22,4.03205
23-Sep-22,4.05649
26-Sep-22,4.04203
27-Sep-22,4.01749
28-Sep-22,3.97088
29-Sep-22,4.01252
30-Sep-22,4.035
03-Oct-22,4.03839
04-Oct-22,4.06679
05-Oct-22,4.08543
06-Oct-22,4.15219
07-Oct-22,4.21249
11-Oct-22,4.23641
12-Oct-22,4.25176
13-Oct-22,4.40493
14-Oct-22,4.43629
17-Oct-22,4.43517
18-Oct-22,4.43725
19-Oct-22,4.48155
20-Oct-22,4.52467
21-Oct-22,4.45012
24-Oct-22,4.48933
25-Oct-22,4.48907
26-Oct-22,4.45722
27-Oct-22,4.45734
28-Oct-22,4.50677
31-Oct-22,4.5506
01-Nov-22,4.57712
02-Nov-22,4.57174
03-Nov-22,4.61997
04-Nov-22,4.59543
07-Nov-22,4.63228
08-Nov-22,4.6156
09-Nov-22,4.64776
10-Nov-22,4.55053
14-Nov-22,4.57721
15-Nov-22,4.57
16-Nov-22,4.58045
17-Nov-22,4.6249
18-Nov-22,4.65683
21-Nov-22,4.67453
22-Nov-22,4.70436
23-Nov-22,4.70695
25-Nov-22,4.703
28-Nov-22,4.71634
29-Nov-22,4.70909
30-Nov-22,4.68903
01-Dec-22,4.67147
02-Dec-22,4.69684
05-Dec-22,4.74174
06-Dec-22,4.73334
07-Dec-22,4.71352
08-Dec-22,4.74101
09-Dec-22,4.75728
12-Dec-22,4.78313
13-Dec-22,4.70463
14-Dec-22,4.70761
15-Dec-22,4.72822
16-Dec-22,4.70744
19-Dec-22,4.73535
20-Dec-22,4.73352
21-Dec-22,4.7238
22-Dec-22,4.75759
23-Dec-22,4.77385
27-Dec-22,4.81245
28-Dec-22,4.78934
29-Dec-22,4.79243
30-Dec-22,4.81627
03-Jan-23,4.81644
04-Jan-23,4.82447
05-Jan-23,4.86183
06-Jan-23,4.82236
09-Jan-23,4.81194
10-Jan-23,4.82235
11-Jan-23,4.82506
12-Jan-23,4.80335
