"Date","Euro (vs. 3M Euribor) 10 Years Term Spot Fwd Mid Rate","Euro (vs. 3M Euribor) 10 Years Term Spot Fwd Modified Duration","Germany 10 year Mid Yield","Germany 10 year Mid Price","Germany 10 year Dirty Mid Price","Italy 10 year Mid Yield","Italy 10 year Mid Price","Italy 10 year Dirty Mid Price"
11-Jan-18,0.88027,9.76336,0.59492,99.0734,99.07751,2.05904,100.0121,100.9424
12-Jan-18,0.88862,9.75333,0.58926,99.1286,99.13408,1.98748,100.62553,101.5614
16-Jan-18,0.86408,9.76233,0.56051,99.40863,99.41685,1.96344,100.83229,101.7793
17-Jan-18,0.85889,9.76466,0.55696,99.44334,99.45293,1.98761,100.62399,101.57657
18-Jan-18,0.87989,9.762,0.57402,99.27789,99.29158,1.9834,100.65976,101.62905
19-Jan-18,0.88819,9.75787,0.56963,99.32067,99.33574,1.9555,100.89965,101.87451
22-Jan-18,0.88607,9.75711,0.56261,99.38911,99.40555,1.92358,101.17483,102.15526
23-Jan-18,0.88241,9.75743,0.55937,99.42073,99.43854,1.89262,101.44237,102.42838
24-Jan-18,0.90816,9.74699,0.59158,99.10836,99.12754,1.91063,101.28617,102.27775
25-Jan-18,0.92142,9.74286,0.61298,98.90224,98.92553,1.96393,100.82593,101.83422
26-Jan-18,0.93211,9.73017,0.62913,98.74677,98.77142,1.99318,100.57481,101.58867
29-Jan-18,1.00369,9.702,0.69766,98.08937,98.11539,2.03173,100.24512,101.26455
30-Jan-18,0.99174,9.70493,0.68622,98.1993,98.22669,2.12343,98.99269,98.99269
31-Jan-18,0.98447,9.70758,0.69013,98.16232,98.19109,2.11498,99.06751,99.07303
01-Feb-18,1.00582,9.70601,0.70881,97.98543,98.01831,2.04387,99.69817,99.72027
02-Feb-18,1.05208,9.68403,0.75874,97.51114,97.54538,2.11764,99.04483,99.07245
05-Feb-18,1.04469,9.68632,0.74453,97.64668,97.68229,2.12437,98.98568,99.01883
06-Feb-18,0.99105,9.70954,0.68672,98.19782,98.2348,2.07914,99.38547,99.42414
07-Feb-18,1.02852,9.69298,0.73457,97.7425,97.78086,2.03956,99.73662,99.78082
08-Feb-18,1.06053,9.68471,0.77108,97.39832,97.44078,2.09962,99.20505,99.26582
09-Feb-18,1.05972,9.68555,0.74914,97.60664,97.65047,2.14018,98.84807,98.91437
12-Feb-18,1.0792,9.67739,0.75094,97.59024,97.63544,2.12131,99.0142,99.08602
13-Feb-18,1.0724,9.684,0.74043,97.69048,97.73706,2.15918,98.68185,98.7592
14-Feb-18,1.07476,9.68253,0.75004,97.60003,97.64797,2.14334,98.82108,98.90395
15-Feb-18,1.08709,9.68168,0.75922,97.51505,97.5671,2.13394,98.90439,99.00384
16-Feb-18,1.04312,9.69685,0.70884,97.99306,98.04648,2.07311,99.44025,99.54522
20-Feb-18,1.06335,9.686,0.72569,97.83428,97.89044,2.14701,98.79057,98.90659
21-Feb-18,1.05177,9.69017,0.71832,97.90475,97.96229,2.13789,98.87073,98.99228
22-Feb-18,1.04423,9.70058,0.70261,98.05531,98.11695,2.15587,98.71416,98.85228
23-Feb-18,1.00472,9.7168,0.65179,98.53942,98.60243,2.14025,98.85115,98.9948
26-Feb-18,1.00205,9.71321,0.64539,98.60085,98.66524,2.09835,99.219,99.36817
27-Feb-18,1.01095,9.70994,0.67232,98.34469,98.41044,2.08256,99.35803,99.51273
28-Feb-18,1.00386,9.71252,0.65846,98.47702,98.54414,2.06323,99.52853,99.68875
01-Mar-18,0.99311,9.7195,0.64113,98.64338,98.71462,2.02774,99.84221,100.01901
02-Mar-18,0.99038,9.71955,0.63501,98.70211,98.77471,2.02858,99.83477,100.01709
05-Mar-18,0.98944,9.71985,0.62823,98.76718,98.84115,2.08758,99.31483,99.50268
06-Mar-18,1.02017,9.7068,0.67358,98.33576,98.41111,2.0737,99.43694,99.63031
07-Mar-18,1.00212,9.71301,0.65798,98.4844,98.56111,2.03668,99.76331,99.96221
08-Mar-18,0.98508,9.72082,0.6318,98.73479,98.81561,1.9719,100.33685,100.55232
09-Mar-18,0.99849,9.71184,0.64886,98.57266,98.65485,1.99321,100.14781,100.3688
12-Mar-18,0.98186,9.72144,0.62938,98.75847,98.84203,1.99359,100.14438,100.3709
13-Mar-18,0.97096,9.72936,0.61576,98.8886,98.97353,1.98373,100.23166,100.4637
14-Mar-18,0.94191,9.74171,0.5838,99.19417,99.28047,1.99953,100.09168,100.32925
15-Mar-18,0.92747,9.75083,0.57093,99.31797,99.40838,1.97077,100.34624,100.60038
16-Mar-18,0.92938,9.74824,0.56775,99.34856,99.44034,1.96885,100.3631,100.62277
19-Mar-18,0.93016,9.74505,0.56516,99.37359,99.46674,1.95855,100.45438,100.71957
20-Mar-18,0.94112,9.73913,0.57688,99.26158,99.3561,1.89349,101.03335,101.30407
21-Mar-18,0.95711,9.73358,0.59312,99.10669,99.20258,1.92832,100.72262,100.99886
22-Mar-18,0.90091,9.76154,0.51689,99.83716,99.93716,1.87283,101.21679,101.50961
23-Mar-18,0.91338,9.75557,0.52349,99.77379,99.87516,1.86731,101.26588,101.56422
26-Mar-18,0.91173,9.75514,0.52014,99.80605,99.90879,1.91371,100.85156,101.15543
27-Mar-18,0.89178,9.76763,0.49958,100.00369,100.1078,1.86557,101.28073,101.59012
28-Mar-18,0.88555,9.76952,0.49654,100.03289,100.14385,1.83735,101.53142,101.86844
29-Mar-18,0.88381,9.7713,0.49143,100.08199,100.19431,1.77929,102.05244,102.39498
02-Apr-18,N/A,N/A,0.49143,100.08199,100.19568,1.77923,102.05244,102.40051
03-Apr-18,0.87836,9.77266,0.50196,99.98081,100.09451,1.78888,101.96555,102.31362
04-Apr-18,0.86514,9.77923,0.49108,100.08537,100.20044,1.74405,102.3692,102.72279
05-Apr-18,0.88631,9.77258,0.5197,99.81084,99.93002,1.77464,102.09159,102.46176
06-Apr-18,0.86705,9.77807,0.49154,100.08084,100.20138,1.78092,102.03458,102.41027
09-Apr-18,0.87256,9.77523,0.50435,99.95796,100.07988,1.76369,102.18905,102.57027
10-Apr-18,0.87215,9.77333,0.52136,99.79509,99.91838,1.79282,101.92658,102.31332
11-Apr-18,0.84809,9.78357,0.49093,100.08662,100.21128,1.77834,102.05614,102.44841
12-Apr-18,0.86827,9.78022,0.50982,99.9057,100.03447,1.80396,101.82478,102.23362
13-Apr-18,0.86945,9.77768,0.50646,99.9378,100.06794,1.78605,101.98483,102.39919
16-Apr-18,0.88059,9.77003,0.522,99.78937,99.92088,1.79167,101.93394,102.35383
17-Apr-18,0.86677,9.77617,0.50879,99.91553,100.04841,1.75616,102.25213,102.67754
18-Apr-18,0.87505,9.77095,0.5304,99.70938,99.84363,1.72096,102.56865,102.99959
19-Apr-18,0.92623,9.75162,0.59437,99.10227,99.24062,1.77501,102.08061,102.52812
20-Apr-18,0.9341,9.74644,0.59717,99.07602,99.21575,1.77863,102.04763,102.50067
23-Apr-18,0.95337,9.73567,0.62675,98.79705,98.93815,1.78215,102.01559,102.47415
24-Apr-18,0.95598,9.73463,0.63153,98.75242,98.89488,1.76727,102.14835,102.61244
25-Apr-18,0.96642,9.72924,0.63526,98.71761,98.86145,1.77326,102.09418,102.56379
26-Apr-18,0.93215,9.73743,0.59406,99.1069,99.25485,1.74393,102.35547,102.84166
27-Apr-18,0.91524,9.75021,0.56963,99.33823,99.48891,1.73225,102.45913,102.95637
30-Apr-18,0.91411,9.75179,0.56351,99.39633,99.54839,1.7743,102.08161,102.58437
01-May-18,N/A,N/A,0.55884,99.44068,99.5941,1.77539,102.0713,102.57959
02-May-18,0.92318,9.74844,0.57809,99.25863,99.41206,1.77401,102.08359,102.59188
03-May-18,0.88535,9.76806,0.52977,99.71658,99.87412,1.73584,102.42369,102.94855
04-May-18,0.88918,9.76326,0.54109,99.60936,99.76827,1.79111,101.92883,102.45922
07-May-18,N/A,N/A,0.5411,99.60936,99.76964,1.79106,101.92883,102.46474
08-May-18,0.90888,9.75566,0.56,99.43069,99.59233,1.87269,101.20381,101.74525
09-May-18,0.91375,9.7529,0.55987,99.432,99.59502,1.87845,101.15269,101.69965
10-May-18,0.90742,9.7597,0.5447,99.57589,99.74302,1.93107,100.68873,101.25227
11-May-18,0.9237,9.75017,0.56143,99.41793,99.58642,1.88327,101.10897,101.67803
14-May-18,0.96386,9.73109,0.61471,98.91675,99.08661,1.91623,100.81862,101.39321
15-May-18,0.9894,9.72261,0.64253,98.65654,98.82777,1.94293,100.58423,101.16434
16-May-18,0.97906,9.72868,0.61051,98.95674,99.12934,2.11298,99.10785,99.69349
17-May-18,1.00455,9.72159,0.63508,98.7276,98.90431,2.13225,98.94301,99.54522
18-May-18,0.95885,9.73992,0.57428,99.29809,99.47618,2.22044,98.18995,98.79768
21-May-18,0.93876,9.75046,0.53507,99.66776,99.84721,2.37957,96.84842,97.46168
22-May-18,0.96182,9.74213,0.56198,99.41413,99.59495,2.32269,97.32626,97.94504
23-May-18,0.91148,9.7674,0.49798,100.01873,100.20093,2.41196,96.57961,97.20392
24-May-18,0.89445,9.77781,0.46513,100.33024,100.51654,2.38943,96.77009,97.41097
25-May-18,0.85103,9.80336,0.40472,100.90579,101.09346,2.44955,96.27078,96.91719
29-May-18,0.7963,9.83684,0.27647,102.13895,102.32936,3.1262,90.85021,91.50767
30-May-18,0.83743,9.80894,0.33576,101.56614,101.75792,3.02956,91.60434,92.26732
31-May-18,0.82245,9.81463,0.32339,101.68379,101.87968,2.84508,93.06521,93.74477
01-Jun-18,0.83604,9.79807,0.37392,101.1984,101.39566,2.70278,94.2073,94.89238
04-Jun-18,0.87096,9.78299,0.41458,100.80983,101.00846,2.53637,95.56285,96.25346
05-Jun-18,0.84806,9.79358,0.37282,101.20824,101.40824,2.72727,94.01291,94.70904
06-Jun-18,0.91926,9.76026,0.46053,100.3728,100.57417,2.91903,92.48639,93.18805
07-Jun-18,0.95737,9.74794,0.49637,100.03382,100.2393,2.97449,92.05584,92.77407
08-Jun-18,0.92296,9.76346,0.44526,100.5171,100.72395,3.10484,91.04244,91.7662
11-Jun-18,0.93988,9.75273,0.4903,100.09104,100.29926,2.83546,93.15729,93.88657
12-Jun-18,0.92676,9.75677,0.48539,100.13728,100.34687,2.86794,92.90136,93.63617
13-Jun-18,0.90884,9.76202,0.47102,100.27293,100.48388,2.81517,93.32212,94.06245
14-Jun-18,0.87863,9.78159,0.42821,100.67779,100.89285,2.74622,93.87763,94.63454
15-Jun-18,0.83873,9.80165,0.39647,100.97901,101.19545,2.58566,95.17549,95.93792
18-Jun-18,0.83121,9.80712,0.39637,100.97968,101.19749,2.54853,95.47937,96.24733
19-Jun-18,0.81012,9.81882,0.36979,101.23239,101.45157,2.5504,95.46534,96.23882
20-Jun-18,0.81681,9.81608,0.3735,101.1967,101.41725,2.5487,95.48036,96.25937
21-Jun-18,0.80048,9.82769,0.32922,101.61815,101.84281,2.72483,94.0598,94.85538
22-Jun-18,0.81061,9.81989,0.33221,101.58913,101.81516,2.68856,94.35247,95.15357
25-Jun-18,0.80923,9.82062,0.32435,101.66388,101.89128,2.8103,93.3811,94.18773
26-Jun-18,0.82362,9.81367,0.3351,101.56065,101.78941,2.90126,92.66383,93.47598
27-Jun-18,0.81529,9.81607,0.32074,101.69746,101.9276,2.81465,93.34996,94.16764
28-Jun-18,0.80718,9.82062,0.30962,101.8023,102.03654,2.78238,93.61137,94.44562
29-Jun-18,0.80004,9.82004,0.30194,101.87523,102.11085,2.67164,94.49852,95.3383
02-Jul-18,0.8009,9.82063,0.30018,101.89155,102.12853,2.63547,94.79128,95.63658
03-Jul-18,0.79599,9.82063,0.29369,101.95309,102.19145,2.64609,94.70699,95.55782
05-Jul-18,0.79155,9.82289,0.29652,101.92386,102.16769,2.70651,94.22758,95.10051
06-Jul-18,0.78693,9.82426,0.28793,102.00546,102.25066,2.72128,94.11102,94.98947
09-Jul-18,0.79295,9.82356,0.30282,101.86264,102.10922,2.67322,94.49726,95.38124
10-Jul-18,0.80702,9.81665,0.31791,101.71825,101.96619,2.67661,94.47146,95.36096
11-Jul-18,0.80331,9.81793,0.36715,98.84162,98.84162,2.68256,94.42521,95.32024
12-Jul-18,0.79753,9.82446,0.35234,98.98804,98.9901,2.64493,94.73137,95.64297
13-Jul-18,0.79152,9.82678,0.33729,99.13636,99.1391,2.56064,95.41287,96.33
16-Jul-18,0.81587,9.81502,0.3721,98.79454,98.79796,2.58158,95.24466,96.16731
17-Jul-18,0.79701,9.8241,0.34491,99.06186,99.06597,2.46327,96.20769,97.13587
18-Jul-18,0.79312,9.82743,0.33839,99.12616,99.13095,2.50952,95.83149,96.76519
19-Jul-18,0.79263,9.82949,0.32963,99.21302,99.21987,2.50296,95.88809,96.83837
20-Jul-18,0.81993,9.81547,0.36932,98.82369,98.83122,2.57998,95.26502,96.22082
23-Jul-18,0.84091,9.80654,0.40052,98.5191,98.52732,2.64345,94.75566,95.71699
24-Jul-18,0.83289,9.8094,0.39014,98.62074,98.62965,2.66505,94.58399,95.55084
25-Jul-18,0.82329,9.81244,0.38582,98.6633,98.67289,2.66713,94.56879,95.54117
26-Jul-18,0.8416,9.80631,0.39898,98.536,98.54764,2.69852,94.32263,95.31158
27-Jul-18,0.85051,9.80125,0.40641,98.46411,98.47644,2.73487,94.03512,95.0296
30-Jul-18,0.8841,9.78276,0.44938,98.04721,98.06023,2.93386,99.00324,99.00324
31-Jul-18,0.87672,9.78445,0.44013,98.13735,98.15105,2.87451,99.52067,99.52832
01-Aug-18,0.90614,9.77237,0.48807,97.67445,97.68884,2.92015,99.12273,99.13803
02-Aug-18,0.89279,9.78131,0.46268,97.92127,97.9377,3.03745,98.10978,98.14803
03-Aug-18,0.85459,9.79558,0.40563,98.47449,98.49161,3.07899,97.75432,97.80022
06-Aug-18,0.84379,9.80027,0.38693,98.65684,98.67464,3.04326,98.06068,98.11423
07-Aug-18,0.86221,9.79279,0.41086,98.42451,98.443,3.02644,98.20549,98.26669
08-Aug-18,0.86097,9.79401,0.40429,98.48878,98.50796,3.01421,98.31091,98.37976
09-Aug-18,0.84913,9.80396,0.3767,98.75813,98.77937,3.03161,98.1625,98.2543
10-Aug-18,0.80984,9.81967,0.31725,99.33882,99.36074,3.13852,97.25114,97.35059
13-Aug-18,0.80966,9.82052,0.31615,99.34976,99.37236,3.23634,96.42654,96.53364
14-Aug-18,0.81083,9.81947,0.32827,99.23135,99.25464,3.21557,96.60175,96.7165
15-Aug-18,0.7898,9.82952,0.29682,99.5395,99.56347,3.35271,95.4577,95.5801
16-Aug-18,0.79886,9.8276,0.31157,99.39544,99.42146,3.28871,95.99244,96.1378
17-Aug-18,0.7937,9.82691,0.29945,99.51423,99.54094,3.29995,95.89966,96.05267
20-Aug-18,0.78754,9.82876,0.2954,99.5541,99.5815,3.22658,96.51365,96.67431
21-Aug-18,0.80763,9.81968,0.32971,99.21881,99.24689,3.13412,97.29354,97.46185
22-Aug-18,0.81302,9.81686,0.34747,99.04594,99.0747,3.22256,96.54879,96.72475
23-Aug-18,0.80827,9.82086,0.34288,99.09133,99.12215,3.26724,96.17737,96.37628
24-Aug-18,0.80702,9.81829,0.34231,99.09717,99.12868,3.30277,95.88232,96.08888
27-Aug-18,0.80702,9.82357,0.34233,99.09717,99.12936,3.30288,95.88232,96.09653
28-Aug-18,0.82894,9.81056,0.38228,98.70975,98.74263,3.34523,95.53209,95.75395
29-Aug-18,0.84824,9.80054,0.40538,98.48668,98.52024,3.29245,95.9707,96.20021
30-Aug-18,0.8173,9.81535,0.34891,99.03444,99.07006,3.34977,95.49842,95.75088
31-Aug-18,0.80213,9.81823,0.32792,99.23866,99.27496,3.37919,95.25686,95.51697
04-Sep-18,0.81719,9.81147,0.35508,98.97541,99.01308,3.19416,96.79625,97.07166
05-Sep-18,0.83355,9.80112,0.38475,98.68859,98.72694,3.10128,97.5797,97.86276
06-Sep-18,0.81954,9.80893,0.34929,99.03265,99.07306,3.06309,97.9051,98.21111
07-Sep-18,0.84157,9.79563,0.38535,98.68429,98.72538,3.04188,98.08591,98.39957
10-Sep-18,0.85451,9.78925,0.40199,98.52418,98.56596,2.91371,99.18458,99.50589
11-Sep-18,0.878,9.77687,0.43201,98.23608,98.27854,2.93872,98.96934,99.2983
12-Sep-18,0.86866,9.77909,0.41314,98.41775,98.4609,2.96426,98.75019,99.0868
13-Sep-18,0.87532,9.77704,0.42553,98.30012,98.34533,2.94914,98.88072,99.24028
14-Sep-18,0.88733,9.76843,0.44777,98.08764,98.13353,2.97595,98.65116,99.01837
17-Sep-18,0.89525,9.76249,0.45862,97.98438,98.03096,2.8576,99.67042,100.04528
18-Sep-18,0.90497,9.75716,0.47838,97.79642,97.84368,2.77782,100.36429,100.7468
19-Sep-18,0.91712,9.75168,0.4861,97.72347,97.77142,2.84757,99.7574,100.14756
20-Sep-18,0.91838,9.75408,0.47909,97.79204,97.84204,2.86807,99.58014,99.99325
21-Sep-18,0.90607,9.75771,0.45942,97.98,98.03068,2.82099,99.98805,100.40882
24-Sep-18,0.93876,9.74003,0.51069,97.49312,97.54449,2.93678,98.98875,99.41717
25-Sep-18,0.96796,9.72661,0.54298,97.18822,97.24028,2.87807,99.49404,99.93011
26-Sep-18,0.96055,9.72786,0.52954,97.31605,97.36879,2.83033,99.90694,100.35066
27-Sep-18,0.95866,9.7277,0.52935,97.31996,97.37475,2.8717,99.54933,100.016
28-Sep-18,0.92971,9.74043,0.47483,97.83731,97.89279,3.14113,97.25791,97.73223
01-Oct-18,0.94299,9.73711,0.4795,97.7935,97.84967,3.25363,96.32072,96.80269
02-Oct-18,0.91586,9.75217,0.42569,98.30643,98.36328,3.41502,94.99533,95.48495
03-Oct-18,0.9402,9.73898,0.46924,97.89213,97.94966,3.31366,95.82661,96.32388
04-Oct-18,0.99101,9.71757,0.53545,97.2675,97.32709,3.30694,95.88472,96.40494
05-Oct-18,1.01704,9.70423,0.56727,96.96897,97.02924,3.4182,94.97509,95.50296
09-Oct-18,1.00102,9.71443,0.53498,97.27419,97.33584,3.53783,94.01019,94.55336
10-Oct-18,1.01427,9.70634,0.5488,97.14486,97.20719,3.51168,94.22183,94.77265
11-Oct-18,0.99432,9.71884,0.5144,97.47103,97.53541,3.56905,93.76534,94.33911
12-Oct-18,0.98693,9.71993,0.50203,97.58841,97.65348,3.56423,93.80528,94.3867
15-Oct-18,0.98489,9.72188,0.49797,97.62737,97.69312,3.55903,93.84825,94.43732
16-Oct-18,0.97192,9.72817,0.48813,97.72088,97.78732,3.45545,94.68318,95.2799
17-Oct-18,0.94247,9.73873,0.45711,98.01507,98.0822,3.53585,94.03676,94.64113
18-Oct-18,0.931,9.74733,0.43089,98.26528,98.33446,3.66153,93.03967,93.66699
19-Oct-18,0.94876,9.73709,0.44127,98.16727,98.23713,3.55402,93.89662,94.53159
22-Oct-18,0.94533,9.73727,0.44648,98.11837,98.18892,3.48705,94.43552,95.07814
23-Oct-18,0.92003,9.74929,0.41508,98.41688,98.48811,3.56758,93.79098,94.44125
24-Oct-18,0.90368,9.7602,0.38709,98.68368,98.7556,3.61352,93.42644,94.08436
25-Oct-18,0.90425,9.76474,0.38795,98.67656,98.75053,3.50059,94.33289,95.01376
26-Oct-18,0.85585,9.78261,0.33904,99.14376,99.21842,3.45,94.74161,95.43013
29-Oct-18,0.88434,9.77291,0.37393,98.81079,98.88613,3.3102,95.87935,96.57552
30-Oct-18,0.88785,9.76703,0.37014,98.84724,98.92327,3.46308,94.63851,95.34234
31-Oct-18,0.89374,9.76162,0.38418,98.71393,98.79064,3.41415,95.03495,95.74643
01-Nov-18,0.90601,9.75933,0.4054,98.51338,98.59215,3.37675,95.34163,96.07606
02-Nov-18,0.92245,9.75073,0.43212,98.2608,98.34025,3.31438,95.85087,96.59295
05-Nov-18,0.91525,9.75307,0.42654,98.31406,98.39419,3.30146,95.9575,96.70723
06-Nov-18,0.91619,9.75272,0.42985,98.28322,98.36404,3.40659,95.10292,95.8603
07-Nov-18,0.9273,9.74652,0.44423,98.1479,98.22941,3.3395,95.64878,96.41381
08-Nov-18,0.9344,9.74562,0.45468,98.05087,98.13444,3.39728,95.18278,95.97076
09-Nov-18,0.90403,9.75627,0.40748,98.49703,98.58128,3.39771,95.18034,95.97597
13-Nov-18,0.90112,9.75855,0.40369,98.53366,98.61927,3.44156,94.82874,95.63967
14-Nov-18,0.89745,9.76103,0.39995,98.56943,98.65573,3.49735,94.38206,95.20064
15-Nov-18,0.86902,9.77789,0.35408,99.00547,99.09383,3.48977,94.44656,95.28809
16-Nov-18,0.86977,9.77594,0.36655,98.88736,98.9764,3.49075,94.44003,95.28921
19-Nov-18,0.87838,9.77061,0.37014,98.85362,98.94335,3.58593,93.68344,94.54027
20-Nov-18,0.86021,9.77906,0.34806,99.0634,99.15381,3.60319,93.54826,94.41274
21-Nov-18,0.86848,9.77467,0.37182,98.83831,98.9294,3.48585,94.48311,95.35524
23-Nov-18,0.84271,9.78494,0.33589,99.18025,99.27409,3.41082,95.09031,95.99304
26-Nov-18,0.85619,9.7794,0.36237,98.9294,99.02392,3.26301,96.29101,97.20139
27-Nov-18,0.84558,9.78303,0.34352,99.10833,99.20354,3.28258,96.13207,97.0501
28-Nov-18,0.85004,9.78144,0.35181,99.02998,99.12587,3.25589,96.35095,97.27663
29-Nov-18,0.82456,9.79762,0.31523,99.37776,99.4757,3.18606,96.92622,96.9416
30-Nov-18,0.81547,9.79875,0.30536,99.4718,99.57043,3.21252,96.70938,96.73246
03-Dec-18,0.81572,9.79886,0.30764,99.45028,99.5496,3.13158,97.37697,97.40774
04-Dec-18,0.78698,9.81208,0.26385,99.86755,99.96755,3.15054,97.22084,97.2593
06-Dec-18,0.77969,9.81923,0.2252,100.23707,100.33981,3.18202,96.964,97.03323
07-Dec-18,0.80127,9.80681,0.2527,99.97409,100.07751,3.12709,97.41748,97.4944
10-Dec-18,0.78917,9.8117,0.23628,100.13101,100.23512,3.0956,97.67872,97.76334
11-Dec-18,0.80235,9.80777,0.23005,100.19046,100.29525,3.11961,97.48037,97.57268
12-Dec-18,0.81976,9.7979,0.26526,99.85443,99.95991,3.00109,98.46669,98.56669
13-Dec-18,0.82099,9.80203,0.27334,99.77766,99.88519,2.95161,98.8824,99.00548
14-Dec-18,0.80977,9.80554,0.25317,99.96972,100.07794,2.93412,99.02966,99.16043
17-Dec-18,0.81057,9.80541,0.2573,99.93033,100.03923,2.94867,98.90752,99.04598
18-Dec-18,0.79292,9.8127,0.2451,100.04656,100.15615,2.94493,98.93918,99.08533
19-Dec-18,0.78609,9.81674,0.24293,100.0672,100.17748,2.79553,100.20416,100.35801
20-Dec-18,0.77096,9.8228,0.23296,100.16221,100.27454,2.73399,100.73011,100.90703
21-Dec-18,0.78592,9.8187,0.24843,100.01478,100.12916,2.81348,100.05081,100.25081
24-Dec-18,N/A,N/A,0.24843,100.01478,100.12985,2.81348,100.05081,100.2585
26-Dec-18,N/A,N/A,0.24843,100.01478,100.1319,2.81346,100.05081,100.28158
27-Dec-18,0.76554,9.82935,0.22222,100.26408,100.3812,2.73613,100.71025,100.94102
28-Dec-18,0.76472,9.83168,0.24159,100.07978,100.19827,2.73693,100.70303,100.94918
31-Dec-18,N/A,N/A,0.24158,100.07978,100.19895,2.7369,100.70303,100.95688
02-Jan-19,0.70081,9.8601,0.16562,100.80377,100.92364,2.68851,101.11776,101.3793
03-Jan-19,0.69988,9.86402,0.15554,100.89955,101.02146,2.87496,99.53056,99.81518
04-Jan-19,0.74163,9.84243,0.21069,100.37315,100.49575,2.88251,99.46706,99.75937
07-Jan-19,0.7429,9.84014,0.21366,100.34472,100.46801,2.89439,99.36723,99.66723
08-Jan-19,0.76266,9.82957,0.22779,100.21045,100.33443,2.951,98.89288,99.20057
09-Jan-19,0.76558,9.82973,0.27076,99.7935,99.7935,2.89115,99.39473,99.71011
10-Jan-19,0.76036,9.83529,0.25227,99.97736,99.97942,2.89133,99.3935,99.73196
11-Jan-19,0.75228,9.83623,0.23407,100.15857,100.16131,2.85462,99.70248,100.04863
14-Jan-19,0.73568,9.8448,0.22292,100.26967,100.27309,2.83656,99.85487,100.20872
15-Jan-19,0.72017,9.85483,0.19957,100.50268,100.50679,2.86478,99.61702,99.97856
16-Jan-19,0.72985,9.8494,0.22251,100.27354,100.27834,2.75537,100.54278,100.91201
17-Jan-19,0.73945,9.84678,0.2421,100.07849,100.08534,2.77621,100.36534,100.75765
18-Jan-19,0.75448,9.83491,0.2586,99.91462,99.92216,2.72864,100.76964,101.16964
22-Jan-19,0.72745,9.84575,0.23728,100.12623,100.13513,2.73936,100.67799,101.09337
23-Jan-19,0.70952,9.85179,0.23093,100.18931,100.1989,2.7477,100.60685,101.02993
24-Jan-19,0.66647,9.87377,0.17943,100.70212,100.71376,2.66413,101.31922,101.76537
25-Jan-19,0.66902,9.87078,0.19485,100.54807,100.5604,2.63806,101.54241,101.99626
28-Jan-19,0.67814,9.86769,0.20814,100.4156,100.42861,2.66666,101.29688,101.75842
29-Jan-19,0.65983,9.87547,0.19753,100.52114,100.53484,2.62352,101.66648,102.13571
30-Jan-19,0.64251,9.87586,0.18915,100.6045,100.61888,2.59264,101.93185,102.40877
31-Jan-19,0.60435,9.894,0.15455,100.9492,100.96564,2.58191,102.02281,102.52281
01-Feb-19,0.6309,9.88157,0.16256,100.86896,100.88609,2.72251,100.81885,101.32654
04-Feb-19,0.64114,9.87628,0.17869,100.70785,100.72565,2.74786,100.60355,101.11893
05-Feb-19,0.63426,9.87916,0.16492,100.84495,100.86344,2.79177,100.23217,100.75525
06-Feb-19,0.6219,9.88418,0.1643,100.85089,100.87006,2.83143,99.89825,100.42902
07-Feb-19,0.58718,9.90453,0.10855,101.4076,101.42883,2.94291,98.96782,99.52167
08-Feb-19,0.55484,9.91594,0.08254,101.66836,101.69028,2.97586,98.69507,99.25661
11-Feb-19,0.57903,9.90667,0.10899,101.40247,101.42507,2.89251,99.38746,99.95669
12-Feb-19,0.60087,9.89626,0.13288,101.16299,101.18628,2.8387,99.83743,100.41435
13-Feb-19,0.60009,9.89461,0.12679,101.22348,101.24745,2.78667,100.27458,100.8592
14-Feb-19,0.58171,9.90346,0.09819,101.50866,101.53468,2.78696,100.27189,100.87958
15-Feb-19,0.58629,9.89752,0.10141,101.476,101.50271,2.80623,100.10983,100.72521
19-Feb-19,0.58783,9.89708,0.10527,101.43656,101.46464,2.7796,100.3336,100.96437
20-Feb-19,0.56822,9.90525,0.09936,101.49527,101.52404,2.8525,99.72233,100.36079
21-Feb-19,0.5929,9.89502,0.1296,101.19218,101.223,2.83808,99.84296,100.5045
22-Feb-19,0.56662,9.90456,0.09295,101.55782,101.58932,2.85488,99.70273,100.37196
25-Feb-19,0.56928,9.90329,0.10653,101.42167,101.45386,2.76043,100.49437,101.17129
26-Feb-19,0.57038,9.90271,0.11768,101.30998,101.34286,2.71031,100.91725,101.60187
27-Feb-19,0.60568,9.88695,0.15606,100.92782,100.96138,2.93723,100.74915,100.98119
28-Feb-19,0.63052,9.87868,0.18255,100.66465,100.70026,2.89856,101.09092,101.34783
01-Mar-19,0.63637,9.87271,0.1876,100.61458,100.65088,2.8836,101.22344,101.48863
04-Mar-19,0.61441,9.88209,0.16236,100.86409,100.90107,2.8795,101.25956,101.53304
05-Mar-19,0.61765,9.88108,0.16656,100.8223,100.85997,2.84797,101.5398,101.82157
06-Mar-19,0.57884,9.89966,0.12643,101.22006,101.25841,2.76232,102.3062,102.59626
07-Mar-19,0.50971,9.9331,0.06308,101.85047,101.89088,2.6412,103.39991,103.71483
08-Mar-19,0.49612,9.93152,0.06961,101.78471,101.82581,2.64402,103.37347,103.69667
11-Mar-19,0.4987,9.93137,0.06052,101.87504,101.91682,2.69174,102.93967,103.27116
12-Mar-19,0.5061,9.93006,0.05999,101.87984,101.9223,2.67751,103.06782,103.4076
13-Mar-19,0.50639,9.93118,0.06356,101.84367,101.88683,2.70383,102.82903,103.1771
14-Mar-19,0.52134,9.92774,0.0874,101.60454,101.64974,2.63553,103.44577,103.8187
15-Mar-19,0.52483,9.92297,0.08706,101.60742,101.65331,2.64355,103.3721,103.75332
18-Mar-19,0.50205,9.93256,0.07708,101.70634,101.75292,2.56919,104.04915,104.43865
19-Mar-19,0.5161,9.92747,0.09982,101.47972,101.52698,2.62556,103.53394,103.93173
20-Mar-19,0.50492,9.93057,0.07884,101.68786,101.7358,2.64951,103.31556,103.72164
21-Mar-19,0.46949,9.94868,0.0379,102.0946,102.1446,2.58862,103.86691,104.29785
22-Mar-19,0.41003,9.96917,-0.02794,102.75386,102.80454,2.59734,103.78645,104.22568
25-Mar-19,0.41976,9.96664,-0.0202,102.67532,102.72669,2.63759,103.41964,103.86715
26-Mar-19,0.42934,9.96275,-0.01629,102.63533,102.68739,2.61552,103.61929,104.07509
27-Mar-19,0.36248,10.00256,-0.08877,103.36497,103.41771,2.58523,103.89409,104.35818
28-Mar-19,0.38866,9.99113,-0.07373,103.21024,103.26503,2.61523,103.61839,104.10734
29-Mar-19,0.40685,9.98466,-0.06988,103.17056,103.22604,2.64128,103.38132,103.87856
01-Apr-19,0.43723,9.97049,-0.02337,102.70196,102.75813,2.65454,103.26054,103.76606
02-Apr-19,0.40745,9.98293,-0.05266,102.99534,103.05219,2.6754,103.0715,103.58531
03-Apr-19,0.45322,9.96381,-0.00184,102.48484,102.54237,2.6962,102.88341,103.40551
04-Apr-19,0.44685,9.9688,-0.01003,102.56466,102.62425,2.65375,103.26383,103.81079
05-Apr-19,0.45542,9.96249,0.00262,102.43753,102.49781,2.61968,103.57125,104.1265
08-Apr-19,0.45224,9.96382,0.00226,102.4404,102.50136,2.63448,103.43635,103.99989
09-Apr-19,0.44632,9.96568,-0.00591,102.5213,102.58295,2.57759,103.95159,104.52341
10-Apr-19,0.40826,9.98632,-0.03482,102.80982,102.87215,2.55438,104.16195,104.74206
11-Apr-19,0.42736,9.97941,-0.01039,102.5633,102.62768,2.50674,104.59414,105.19911
12-Apr-19,0.48072,9.95114,0.05768,101.8857,101.95077,2.53502,104.33457,104.94783
15-Apr-19,0.48183,9.95052,0.05436,101.91801,101.98376,2.56489,104.06133,104.68288
16-Apr-19,0.49059,9.94586,0.06153,101.8465,101.91294,2.59625,103.77574,104.40557
17-Apr-19,0.50961,9.93707,0.0836,101.6261,101.69596,2.61781,103.5763,104.24757
18-Apr-19,0.45347,9.96061,0.01861,102.26849,102.33904,2.58589,103.86417,104.54373
22-Apr-19,N/A,N/A,0.01855,102.26849,102.33972,2.58579,103.86417,104.55202
23-Apr-19,0.47279,9.95245,0.04001,102.05573,102.12697,2.68525,102.96784,103.65569
24-Apr-19,0.41617,9.97713,-0.01595,102.61074,102.68266,2.61847,103.56779,104.26392
25-Apr-19,0.42652,9.97527,-0.01364,102.58554,102.65951,2.68607,102.95776,103.67875
26-Apr-19,0.42123,9.97507,-0.02204,102.66838,102.74304,2.57688,103.94028,104.66956
29-Apr-19,0.4272,9.97237,-0.00359,102.4836,102.55963,2.57403,103.96413,104.70999
30-Apr-19,0.43867,9.96734,0.01477,102.30089,102.3776,2.56877,104.01085,104.76499
01-May-19,N/A,N/A,0.01457,102.30089,102.37965,2.56846,104.01085,104.78986
02-May-19,0.4429,9.96848,0.01975,102.2496,102.32837,2.54454,104.22763,105.00664
03-May-19,0.44189,9.96674,0.01878,102.25863,102.33809,2.54651,104.20879,104.99608
06-May-19,N/A,N/A,0.00633,102.38116,102.4613,2.57172,103.97945,104.77503
07-May-19,0.39566,9.9879,-0.03676,102.80801,102.88883,2.58252,103.88096,104.68483
08-May-19,0.39232,9.98946,-0.04597,102.89878,102.98029,2.59967,103.72534,104.53749
09-May-19,0.39645,9.99127,-0.04887,102.92513,103.00869,2.66004,103.1807,104.01772
10-May-19,0.39519,9.98885,-0.04923,102.92792,103.01217,2.67561,103.04075,103.88605
13-May-19,0.37453,9.99609,-0.06986,103.1324,103.21734,2.69312,102.88377,103.73736
14-May-19,0.36151,10.00292,-0.07531,103.18576,103.27138,2.72445,102.60438,103.46626
15-May-19,0.34964,10.0076,-0.09899,103.42112,103.50742,2.72653,102.58524,103.45541
16-May-19,0.35654,10.00642,-0.09744,103.40275,103.49111,2.67604,103.03267,103.9277
17-May-19,0.35298,10.00589,-0.10638,103.491,103.58004,2.66929,103.09218,103.99549
20-May-19,0.36054,10.00332,-0.08717,103.29845,103.38818,2.69472,102.86489,103.77649
21-May-19,0.37596,9.99621,-0.06414,103.06849,103.1589,2.64388,103.31766,104.23755
22-May-19,0.36664,10.00125,-0.08146,103.23981,103.33091,2.63314,103.41301,104.34119
23-May-19,0.33582,10.01738,-0.11592,103.58017,103.67332,2.64179,103.33327,104.28631
24-May-19,0.33553,10.01434,-0.11648,103.58479,103.67863,2.54182,104.23035,105.19168
28-May-19,0.29713,10.03513,-0.15628,103.98035,104.07556,2.68868,102.91318,103.89108
29-May-19,0.28205,10.04153,-0.17246,104.14128,104.23717,2.62902,103.44426,104.43045
30-May-19,0.28737,10.03595,-0.17098,104.12293,104.22088,2.64412,103.30704,104.31809
31-May-19,0.26607,10.0422,-0.1968,104.38065,104.47928,2.6512,103.24315,104.26249
03-Jun-19,0.25227,10.04858,-0.19841,104.39558,104.4949,2.56497,104.01409,105.04171
04-Jun-19,0.23047,10.05673,-0.20754,104.48599,104.58599,2.52298,104.39131,105.42722
05-Jun-19,0.21571,10.06888,-0.22206,104.63069,104.73137,2.50385,104.563,105.6072
06-Jun-19,0.20264,10.07308,-0.2366,104.77293,104.87567,2.49569,104.63354,105.7026
07-Jun-19,0.18068,10.08202,-0.25825,104.98963,105.09305,2.36255,105.84443,106.92178
10-Jun-19,0.22415,10.06509,-0.21813,104.58459,104.6887,2.35691,105.89479,106.98043
11-Jun-19,0.21034,10.07037,-0.23241,104.72665,104.83144,2.31322,106.29479,107.38871
12-Jun-19,0.20679,10.07465,-0.24014,104.80303,104.90851,2.40077,105.49086,106.59307
13-Jun-19,0.19706,10.08122,-0.24336,104.83125,104.93878,2.36272,105.83451,106.96158
14-Jun-19,0.17791,10.08649,-0.25848,104.98201,105.09023,2.31539,106.26726,107.40262
17-Jun-19,0.18838,10.08209,-0.24469,104.84189,104.9508,2.29488,106.45455,107.5982
18-Jun-19,0.1206,10.12181,-0.32706,105.67148,105.78107,2.09882,108.27724,109.42917
19-Jun-19,0.15352,10.10364,-0.28645,105.2594,105.36968,2.12478,108.03156,109.19178
20-Jun-19,0.1312,10.1166,-0.32026,105.59618,105.70851,2.13347,107.94444,109.12952
21-Jun-19,0.16688,10.09517,-0.28266,105.21516,105.32817,2.16943,107.60678,108.80015
24-Jun-19,0.14053,10.10814,-0.3079,105.46806,105.58175,2.15568,107.73309,108.93475
25-Jun-19,0.11453,10.11857,-0.33421,105.73243,105.84681,2.15206,107.765,108.97494
26-Jun-19,0.12914,10.11245,-0.31105,105.4967,105.61176,2.14179,107.85895,109.07718
27-Jun-19,0.11932,10.11992,-0.31914,105.57352,105.69064,2.1356,107.91101,109.1541
28-Jun-19,0.10502,10.12504,-0.32544,105.63551,105.75332,2.07781,108.45024,109.70162
01-Jul-19,0.08322,10.138,-0.36195,106.00306,106.12155,1.92215,109.92148,111.18115
02-Jul-19,0.08011,10.14058,-0.36542,106.03652,106.1557,1.85914,110.5221,111.79006
03-Jul-19,0.03832,10.15576,-0.38698,106.25339,106.37325,1.63787,112.66819,113.94443
05-Jul-19,0.05136,10.14708,-0.35656,105.9382,106.0608,1.73713,111.68649,112.99588
08-Jul-19,0.02798,10.15591,-0.37743,106.14757,106.27086,1.75004,111.55837,112.87605
09-Jul-19,0.06033,10.14183,-0.35837,105.95299,106.07696,1.73983,111.65451,112.98048
10-Jul-19,0.10617,10.12386,-0.26936,102.7598,102.7598,1.71719,111.87147,113.20572
11-Jul-19,0.15511,10.10704,-0.22348,102.28198,102.28198,1.70778,111.954,113.31312
12-Jul-19,0.16785,10.10035,-0.21436,102.18711,102.18711,1.72601,111.77397,113.14137
15-Jul-19,0.12655,10.11882,-0.25418,102.59843,102.59843,1.64031,112.60621,113.9819
16-Jul-19,0.10679,10.12914,-0.25264,102.58175,102.58175,1.61055,112.89477,114.27875
17-Jul-19,0.07047,10.14792,-0.29148,102.9843,102.9843,1.59667,113.02776,114.42003
18-Jul-19,0.05406,10.16027,-0.31149,103.19014,103.19014,1.56057,113.37313,114.79026
19-Jul-19,0.04321,10.16658,-0.32134,103.29188,103.29188,1.60187,112.96363,114.38904
22-Jul-19,0.02473,10.17347,-0.34621,103.5506,103.5506,1.66362,112.35656,113.79026
23-Jul-19,0.02029,10.1744,-0.35611,103.65309,103.65309,1.60005,112.975,114.41699
24-Jul-19,-0.01567,10.18972,-0.38323,103.93616,103.93616,1.49393,114.018,115.46828
25-Jul-19,-0.00949,10.19446,-0.36392,103.7307,103.7307,1.51792,113.77,115.24514
26-Jul-19,-0.01521,10.18704,-0.37979,103.89573,103.89573,1.57014,113.252,114.73543
29-Jul-19,-0.02348,10.18957,-0.39381,104.04164,104.04164,1.5754,113.197,114.68871
30-Jul-19,-0.03064,10.18857,-0.40136,104.11972,104.11972,1.58118,113.137,113.137
31-Jul-19,-0.06349,10.20442,-0.43809,104.50463,104.50463,1.5374,113.564,113.57215
01-Aug-19,-0.09092,10.21728,-0.45883,104.71939,104.71939,1.55699,113.361,113.39361
02-Aug-19,-0.13032,10.23058,-0.48759,105.02186,105.02186,1.54169,113.508,113.54876
05-Aug-19,-0.1533,10.24417,-0.5138,105.29814,105.29814,1.55579,113.366,113.41491
06-Aug-19,-0.16129,10.24761,-0.53685,105.54136,105.54136,1.51012,113.812,113.86907
07-Aug-19,-0.21401,10.27538,-0.58628,106.06664,106.06664,1.39173,114.983,115.04822
08-Aug-19,-0.18732,10.26821,-0.56249,105.80786,105.80786,1.5342,113.561,113.65067
09-Aug-19,-0.1852,10.26579,-0.57626,105.95292,105.95292,1.82257,110.766,110.86383
12-Aug-19,-0.19928,10.27226,-0.59349,106.135,106.135,1.72794,111.67,111.77598
13-Aug-19,-0.22492,10.28116,-0.61367,106.349,106.349,1.61135,112.796,112.91013
14-Aug-19,-0.28965,10.30723,-0.65431,106.783,106.783,1.51712,113.715,113.83728
15-Aug-19,-0.37869,10.35678,-0.70417,107.314,107.314,1.32571,115.60423,115.75097
16-Aug-19,-0.38798,10.35792,-0.67643,107.013,107.013,1.40365,114.82237,114.97726
19-Aug-19,-0.31828,10.33001,-0.64682,106.693,106.693,1.43389,114.51849,114.68153
20-Aug-19,-0.34645,10.3453,-0.69478,107.2065,107.2065,1.33837,115.46546,115.63666
21-Aug-19,-0.31564,10.3261,-0.67924,107.03721,107.03721,1.33021,115.54309,115.72244
22-Aug-19,-0.26249,10.30083,-0.64104,106.62177,106.62177,1.32107,115.62255,115.82635
23-Aug-19,-0.29078,10.31407,-0.6746,106.97947,106.97947,1.3048,115.78145,115.99341
26-Aug-19,N/A,N/A,-0.67479,106.97947,106.97947,1.3044,115.78145,116.00156
27-Aug-19,-0.33878,10.34172,-0.69978,107.24603,107.24603,1.13567,117.48251,117.71077
28-Aug-19,-0.38506,10.35995,-0.72146,107.47741,107.47741,1.03781,118.4804,118.71681
29-Aug-19,-0.36014,10.35206,-0.69875,107.22677,107.22677,1.04837,103.04094,103.04463
30-Aug-19,-0.3536,10.34747,-0.70968,107.34221,107.34221,1.09095,102.61121,102.61859
03-Sep-19,-0.37208,10.35482,-0.72333,107.48476,107.48476,0.93749,104.16492,104.17967
04-Sep-19,-0.3186,10.3303,-0.67238,106.93595,106.93595,0.88434,104.70868,104.72712
05-Sep-19,-0.23763,10.29746,-0.59268,106.08154,106.08154,0.99713,103.55387,103.58338
06-Sep-19,-0.28379,10.31158,-0.6368,106.5485,106.5485,0.94507,104.08245,104.11565
09-Sep-19,-0.22572,10.28664,-0.572,105.85933,105.85933,1.03613,103.15768,103.19457
10-Sep-19,-0.20601,10.27711,-0.55399,105.66761,105.66761,1.1105,102.40951,102.45008
11-Sep-19,-0.20588,10.27241,-0.56582,105.79082,105.79082,1.04749,103.04158,103.08584
12-Sep-19,-0.17879,10.25219,-0.54907,105.60932,105.60932,0.91245,104.40922,104.46455
13-Sep-19,-0.06987,10.20372,-0.44769,104.54686,104.54686,0.95833,103.94045,103.99947
16-Sep-19,-0.11878,10.22396,-0.4822,104.90529,104.90529,0.93087,104.21897,104.28167
17-Sep-19,-0.13299,10.23009,-0.47704,104.85005,104.85005,1.00317,103.48405,103.55044
18-Sep-19,-0.17111,10.24368,-0.5102,105.19521,105.19521,0.95448,103.97664,104.04672
19-Sep-19,-0.17074,10.24415,-0.50685,105.15572,105.15572,0.96886,103.82774,103.90889
20-Sep-19,-0.18335,10.24409,-0.51933,105.28489,105.28489,0.99598,103.55234,103.63718
23-Sep-19,-0.25171,10.27713,-0.58966,106.02219,106.02219,0.90807,104.44403,104.53255
24-Sep-19,-0.2687,10.2832,-0.60676,106.20094,106.20094,0.91058,104.41732,104.50953
25-Sep-19,-0.25216,10.27672,-0.58849,106.00642,106.00642,0.91659,104.35497,104.45087
26-Sep-19,-0.23068,10.26186,-0.58478,105.96225,105.96225,0.90725,104.44687,104.55384
27-Sep-19,-0.22355,10.26653,-0.5765,105.87345,105.87345,0.91379,104.3791,104.3791
30-Sep-19,-0.2219,10.26693,-0.58171,105.92656,105.92656,0.89787,104.54019,104.54388
01-Oct-19,-0.22026,10.26674,-0.56881,105.78935,105.78935,0.93084,104.20358,104.21096
02-Oct-19,-0.20064,10.26032,-0.54173,105.50396,105.50396,0.9818,103.68655,103.69762
03-Oct-19,-0.2312,10.27684,-0.58524,105.95521,105.95521,0.9109,104.40194,104.42407
04-Oct-19,-0.23485,10.27673,-0.58964,105.99968,105.99968,0.91687,104.3402,104.36602
07-Oct-19,-0.22173,10.26992,-0.57672,105.8624,105.8624,0.9367,104.13787,104.16738
08-Oct-19,-0.23735,10.27687,-0.60032,106.10844,106.10844,0.94069,104.09637,104.12957
09-Oct-19,-0.19203,10.25398,-0.55842,105.6674,105.6674,0.9631,103.86875,103.90564
10-Oct-19,-0.14271,10.23042,-0.48861,104.93568,104.93568,1.04789,103.01414,103.06209
11-Oct-19,-0.08972,10.2049,-0.44969,104.53165,104.53165,1.03282,103.16418,103.21582
15-Oct-19,-0.07097,10.19266,-0.41475,104.16916,104.16916,1.03464,103.14436,103.20338
16-Oct-19,-0.04658,10.18043,-0.3916,103.93032,103.93032,1.01892,103.30103,103.36373
17-Oct-19,-0.05215,10.18263,-0.40016,104.0147,104.0147,0.99573,103.53098,103.60475
18-Oct-19,-0.037,10.17307,-0.3868,103.8768,103.8768,1.02001,103.28673,103.36419
21-Oct-19,0.00691,10.1538,-0.3434,103.43268,103.43268,1.08247,102.66315,102.7443
22-Oct-19,-0.03059,10.16809,-0.37791,103.78365,103.78365,1.02142,103.27102,103.35586
23-Oct-19,-0.06514,10.18321,-0.39812,103.98925,103.98925,1.04196,103.065,103.15352
24-Oct-19,-0.05791,10.18426,-0.40668,104.07344,104.07344,1.00559,103.426,103.52559
25-Oct-19,-0.02269,10.16832,-0.37595,103.75827,103.75827,1.03845,103.097,103.20028
28-Oct-19,0.01714,10.15025,-0.33394,103.32981,103.32981,1.09008,102.583,102.68997
29-Oct-19,-0.00303,10.16077,-0.35376,103.53021,103.53021,1.08003,102.682,102.79266
30-Oct-19,0.0041,10.15263,-0.35628,103.55484,103.55484,1.0947,102.536,102.65034
31-Oct-19,-0.03349,10.1756,-0.40304,104.0282,104.0282,1.02072,103.269,103.39441
01-Nov-19,-0.02057,10.1695,-0.38294,103.82203,103.82203,1.08151,102.664,102.7931
04-Nov-19,0.00783,10.1591,-0.35261,103.51255,103.51255,1.08185,102.66,102.79279
05-Nov-19,0.02673,10.1509,-0.31836,103.16453,103.16453,1.10777,102.403,102.53948
06-Nov-19,0.01644,10.15276,-0.32709,103.25196,103.25196,1.11856,102.296,102.43616
07-Nov-19,0.08188,10.12419,-0.25387,102.51184,102.51184,1.22325,101.269,101.42023
08-Nov-19,0.07492,10.12547,-0.2601,102.57364,102.57364,1.27152,100.8,100.95492
12-Nov-19,0.07772,10.12521,-0.24727,102.44359,102.44359,1.29848,100.539,100.7013
13-Nov-19,0.02709,10.14737,-0.30191,102.99154,102.99154,1.32099,100.322,100.48798
14-Nov-19,-0.00216,10.16405,-0.34566,103.4302,103.4302,1.38116,99.745,99.92205
15-Nov-19,0.00863,10.15623,-0.33702,103.34199,103.34199,1.31628,100.367,100.54774
18-Nov-19,0.00976,10.154,-0.33763,103.34714,103.34714,1.29186,100.602,100.78643
19-Nov-19,0.00427,10.15461,-0.34397,103.41018,103.41018,1.32541,100.279,100.46711
20-Nov-19,-0.00306,10.1587,-0.35467,103.51731,103.51731,1.29287,100.592,100.7838
21-Nov-19,0.01156,10.15329,-0.33158,103.28142,103.28142,1.26814,100.83,101.03287
22-Nov-19,-0.0122,10.16049,-0.36335,103.60103,103.60103,1.28388,100.678,100.88456
25-Nov-19,-0.0013,10.15639,-0.35252,103.4906,103.4906,1.25205,100.985,101.19525
26-Nov-19,-0.02368,10.16528,-0.37954,103.76263,103.76263,1.26621,100.848,101.06193
27-Nov-19,-0.02524,10.16587,-0.37133,103.67846,103.67846,1.32389,100.293,100.51062
29-Nov-19,-0.01229,10.15881,-0.35515,103.51117,103.51117,1.32835,100.25,100.48238
02-Dec-19,0.05654,10.1277,-0.27514,102.7076,102.7076,1.43533,99.232,99.46807
03-Dec-19,-0.00896,10.15919,-0.34816,103.43877,103.43877,1.38915,99.67,99.90975
04-Dec-19,0.01855,10.14722,-0.32477,103.20277,103.20277,1.37465,99.808,100.05144
05-Dec-19,0.05093,10.13244,-0.29582,102.91023,102.91023,1.46925,98.913,99.16751
06-Dec-19,0.04553,10.13145,-0.29103,102.8616,102.8616,1.44106,99.179,99.4372
09-Dec-19,0.02911,10.13968,-0.30887,103.039,103.039,1.37341,99.82,100.08189
10-Dec-19,0.03968,10.13655,-0.2995,102.94452,102.94452,1.34212,100.118,100.38357
11-Dec-19,0.01683,10.14652,-0.32328,103.18144,103.18144,1.30893,100.435,100.70426
12-Dec-19,0.06122,10.13011,-0.26642,102.61161,102.61161,1.3419,100.12,100.40033
13-Dec-19,0.03286,10.13559,-0.28939,102.83944,102.83944,1.26162,100.888,101.17202
16-Dec-19,0.05911,10.12545,-0.26953,102.64104,102.64104,1.29351,100.582,100.8697
17-Dec-19,0.04484,10.13079,-0.29123,102.85621,102.85621,1.2646,100.859,101.15039
18-Dec-19,0.08404,10.11257,-0.24836,102.42947,102.42947,1.33212,100.213,100.50808
19-Dec-19,0.09269,10.11972,-0.23417,102.28693,102.28693,1.39121,99.652,99.95815
20-Dec-19,0.08736,10.11064,-0.25205,102.46317,102.46317,1.40518,99.52,99.82984
23-Dec-19,0.10042,10.09932,-0.24521,102.39342,102.39342,1.42272,99.355,99.6759
24-Dec-19,N/A,N/A,-0.24542,102.39342,102.39342,1.42277,99.355,99.68697
26-Dec-19,N/A,N/A,-0.24549,102.39342,102.39342,1.42279,99.355,99.69066
27-Dec-19,0.09101,10.10883,-0.25744,102.51153,102.51153,1.36811,99.871,100.20666
30-Dec-19,0.14533,10.08312,-0.18568,101.80347,101.80347,1.41453,99.433,99.77603
31-Dec-19,N/A,N/A,-0.18573,101.80347,101.80347,1.41455,99.433,99.77972
02-Jan-20,0.10335,10.10619,-0.23,102.23674,102.23674,1.41746,99.406,99.76379
03-Jan-20,0.05456,10.12655,-0.28702,102.79895,102.79895,1.33898,100.147,100.50848
06-Jan-20,0.0426,10.13252,-0.29345,102.86178,102.86178,1.34573,100.083,100.44816
07-Jan-20,0.04145,10.13426,-0.28631,102.79025,102.79025,1.38351,99.726,100.09485
08-Jan-20,0.05995,10.12556,-0.22872,102.33938,102.33938,1.39774,99.592,99.96454
09-Jan-20,0.09899,10.10763,-0.18642,101.90063,101.90063,1.37091,99.845,100.22861
10-Jan-20,0.09368,10.10565,-0.19888,102.02851,102.02851,1.32659,100.264,100.6513
13-Jan-20,0.12932,10.09012,-0.1597,101.62487,101.62487,1.38642,99.699,100.08998
14-Jan-20,0.11637,10.09488,-0.17489,101.78051,101.78051,1.38229,99.738,100.13267
15-Jan-20,0.09468,10.1042,-0.20408,102.08047,102.08047,1.37709,99.787,100.18536
16-Jan-20,0.079,10.11445,-0.22025,102.24545,102.24545,1.43478,99.246,99.65543
17-Jan-20,0.08391,10.10857,-0.21436,102.18416,102.18416,1.3785,99.774,100.18711
21-Jan-20,0.04491,10.12357,-0.25361,102.58829,102.58829,1.35301,100.014,100.43449
22-Jan-20,0.04008,10.12612,-0.26285,102.68321,102.68321,1.35641,99.982,100.40618
23-Jan-20,-0.00139,10.14845,-0.30957,103.1657,103.1657,1.25122,100.978,101.41325
24-Jan-20,-0.01871,10.15387,-0.32721,103.34842,103.34842,1.23094,101.171,101.60993
27-Jan-20,-0.08656,10.19053,-0.39109,104.01534,104.01534,1.03475,103.062,103.50462
28-Jan-20,-0.05061,10.17553,-0.3563,103.65,103.65,1.02297,103.176,103.62231
29-Jan-20,-0.06791,10.18311,-0.37899,103.88628,103.88628,0.96023,103.789,104.239
30-Jan-20,-0.09009,10.1906,-0.41102,104.21875,104.21875,0.93083,104.075,104.53607
31-Jan-20,-0.12347,10.20415,-0.44292,104.55304,104.55304,0.91853,104.195,104.65975
03-Feb-20,-0.11512,10.20035,-0.43409,104.45883,104.45883,0.95077,103.877,104.34544
04-Feb-20,-0.09287,10.1897,-0.41111,104.21614,104.21614,0.94395,103.943,104.41513
05-Feb-20,-0.05536,10.17244,-0.36998,103.78466,103.78466,0.96465,103.739,104.21482
06-Feb-20,-0.05029,10.17224,-0.36256,103.70411,103.70411,0.96527,103.73,104.21689
07-Feb-20,-0.07578,10.18126,-0.38607,103.94836,103.94836,0.9417,103.96,104.45057
10-Feb-20,-0.10435,10.19323,-0.41168,104.21515,104.21515,0.94578,103.919,104.41326
11-Feb-20,-0.08649,10.18593,-0.39149,104.00272,104.00272,0.97071,103.674,104.17195
12-Feb-20,-0.07767,10.18127,-0.37479,103.82739,103.82739,0.91897,104.18,104.68164
13-Feb-20,-0.1005,10.19438,-0.39313,104.01544,104.01544,0.88945,104.467,104.9797
14-Feb-20,-0.10971,10.19577,-0.40506,104.13883,104.13883,0.91507,104.214,104.73039
18-Feb-20,-0.12094,10.20073,-0.41009,104.18908,104.18908,0.93259,104.04,104.56377
19-Feb-20,-0.13201,10.20454,-0.418,104.27055,104.27055,0.93075,104.057,104.58446
20-Feb-20,-0.15728,10.2166,-0.43899,104.48643,104.48643,0.91583,104.2,104.73852
21-Feb-20,-0.16135,10.21335,-0.43946,104.49009,104.49009,0.89788,104.375,104.91721
24-Feb-20,-0.18945,10.22928,-0.48612,104.97841,104.97841,0.95869,103.779,104.3249
25-Feb-20,-0.20345,10.23868,-0.51611,105.29281,105.29281,0.97101,103.658,104.20759
26-Feb-20,-0.18169,10.23121,-0.50128,105.13506,105.13506,0.97708,103.598,104.15128
27-Feb-20,-0.2056,10.25171,-0.54653,105.60793,105.60793,1.08348,98.71705,98.71966
28-Feb-20,-0.2459,10.27172,-0.61383,106.32032,106.32032,1.13737,98.19601,98.20123
02-Mar-20,-0.2549,10.28055,-0.62385,106.42525,106.42525,1.18169,97.77003,97.77786
03-Mar-20,-0.26843,10.28468,-0.62768,106.46428,106.46428,1.00265,99.50556,99.516
04-Mar-20,-0.27242,10.29197,-0.63853,106.5781,106.5781,1.01585,99.37656,99.38961
05-Mar-20,-0.29137,10.30797,-0.68237,107.0409,107.0409,1.08582,98.69656,98.71744
06-Mar-20,-0.32173,10.32019,-0.73485,107.60237,107.60237,1.10063,98.55356,98.57705
09-Mar-20,-0.3567,10.34614,-0.84431,108.78578,108.78578,1.40685,95.64356,95.66966
10-Mar-20,-0.32007,10.31711,-0.8003,108.30498,108.30498,1.39434,95.76156,95.79027
11-Mar-20,-0.29412,10.30249,-0.74892,107.74736,107.74736,1.20212,97.57956,97.61088
12-Mar-20,-0.24456,10.27683,-0.73644,107.60643,107.60643,1.76722,92.35156,92.39071
13-Mar-20,-0.16636,10.2386,-0.58853,106.02733,106.02733,1.79971,92.06256,92.10432
16-Mar-20,-0.08168,10.20317,-0.45708,104.6459,104.6459,2.14583,89.03056,89.07493
17-Mar-20,-0.10065,10.20701,-0.44675,104.53706,104.53706,2.34199,87.36456,87.41154
18-Mar-20,0.06288,10.12924,-0.23001,102.30763,102.30763,2.25186,88.12956,88.17915
19-Mar-20,0.12428,10.1045,-0.16476,101.64567,101.64567,1.81378,91.94856,92.00598
20-Mar-20,0.00593,10.15576,-0.33898,103.41737,103.41737,1.62137,93.68256,93.74259
23-Mar-20,-0.02989,10.17141,-0.37918,103.83004,103.83004,1.6419,93.49756,93.5602
24-Mar-20,0.03975,10.13738,-0.32697,103.29229,103.29229,1.59601,93.91656,93.98181
25-Mar-20,0.07641,10.11952,-0.27634,102.77403,102.77403,1.58586,94.01056,94.07842
26-Mar-20,0.00544,10.15604,-0.37875,103.82023,103.82023,1.25717,97.06756,97.14325
27-Mar-20,-0.06725,10.18779,-0.46983,104.76138,104.76138,1.35124,96.18356,96.26186
30-Mar-20,-0.1185,10.2112,-0.54077,105.50013,105.50013,1.49747,94.82756,94.90847
31-Mar-20,-0.06551,10.18505,-0.47159,104.77691,104.77691,1.56994,94.16456,94.24808
01-Apr-20,-0.08658,10.19137,-0.47329,104.7932,104.7932,1.56757,94.18756,94.27369
02-Apr-20,-0.08263,10.19373,-0.42868,104.32718,104.32718,1.51002,94.71856,94.81252
03-Apr-20,-0.08863,10.19871,-0.44179,104.46148,104.46148,1.56633,94.20456,94.30113
06-Apr-20,-0.06504,10.18911,-0.42143,104.24989,104.24989,1.53715,94.47256,94.57174
07-Apr-20,0.00066,10.16029,-0.3248,103.25722,103.25722,1.63788,93.55756,93.65935
08-Apr-20,-0.01218,10.17034,-0.31903,103.19381,103.19381,1.68035,93.18256,93.2974
09-Apr-20,-0.0563,10.1849,-0.34853,103.49382,103.49382,1.63107,93.62856,93.74601
13-Apr-20,N/A,N/A,-0.34863,103.49382,103.49382,1.63124,93.62856,93.74861
14-Apr-20,-0.09565,10.20284,-0.39491,103.9677,103.9677,1.80092,92.109,92.22905
15-Apr-20,-0.13557,10.2229,-0.47274,104.76856,104.76856,1.9196,91.065,91.18766
16-Apr-20,-0.13414,10.22965,-0.47493,104.78711,104.78711,1.86632,91.539,91.66949
17-Apr-20,-0.13714,10.22677,-0.48676,104.90809,104.90809,1.81906,91.958,92.0911
20-Apr-20,-0.10475,10.209,-0.45563,104.58513,104.58513,1.97703,90.575,90.71071
21-Apr-20,-0.11419,10.21369,-0.48858,104.92415,104.92415,2.18681,88.775,88.91332
22-Apr-20,-0.05819,10.19378,-0.4267,104.2848,104.2848,2.10985,89.434,89.57493
23-Apr-20,-0.07863,10.20516,-0.43027,104.31778,104.31778,2.01274,90.277,90.42576
24-Apr-20,-0.12414,10.22306,-0.47422,104.76885,104.76885,1.9269,91.025,91.17637
27-Apr-20,-0.10753,10.20917,-0.4495,104.51288,104.51288,1.79244,92.209,92.36298
28-Apr-20,-0.13118,10.22014,-0.47218,104.74511,104.74511,1.76287,92.473,92.62959
29-Apr-20,-0.14285,10.22927,-0.49255,104.94965,104.94965,1.78571,92.278,92.44503
30-Apr-20,-0.21841,10.26302,-0.58611,105.91841,105.91841,1.79768,92.174,92.34364
01-May-20,N/A,N/A,-0.58628,105.91841,105.91841,1.7979,92.174,92.34625
04-May-20,-0.18833,10.24389,-0.55883,105.63291,105.63291,1.78071,92.326,92.49825
05-May-20,-0.20901,10.25401,-0.58404,105.89342,105.89342,1.91113,91.182,91.35686
06-May-20,-0.16727,10.23394,-0.51052,105.12945,105.12945,2.00691,90.353,90.53047
07-May-20,-0.18957,10.24703,-0.54914,105.5243,105.5243,1.93313,90.999,91.1843
08-May-20,N/A,N/A,-0.54929,105.5243,105.5243,1.93338,90.999,91.18691
11-May-20,-0.18669,10.24282,-0.52302,105.25104,105.25104,1.91364,91.173,91.36352
12-May-20,-0.2033,10.24817,-0.5128,105.14411,105.14411,1.91239,91.186,91.37913
13-May-20,-0.20942,10.25035,-0.52911,105.31089,105.31089,1.82439,91.958,92.15374
14-May-20,-0.21073,10.25632,-0.52988,105.31428,105.31428,1.84387,91.793,91.99657
15-May-20,-0.21422,10.25179,-0.53779,105.39435,105.39435,1.87965,91.482,91.68818
18-May-20,-0.1899,10.23692,-0.49849,104.98807,104.98807,1.78653,92.301,92.50979
19-May-20,-0.18181,10.22819,-0.46549,104.64817,104.64817,1.67554,93.287,93.4984
20-May-20,-0.18573,10.22847,-0.46654,104.65758,104.65758,1.67304,93.311,93.52501
21-May-20,-0.20028,10.2424,-0.49599,104.95528,104.95528,1.65835,93.447,93.66884
22-May-20,-0.20044,10.24041,-0.49562,104.95001,104.95001,1.62934,93.708,93.93245
26-May-20,-0.16176,10.21652,-0.43138,104.291,104.291,1.575,94.199,94.42867
27-May-20,-0.16842,10.22594,-0.42605,104.23555,104.23555,1.51668,94.727,94.95928
28-May-20,-0.16931,10.22609,-0.42413,104.21237,104.21237,1.46281,95.22,95.46011
29-May-20,-0.18794,10.23126,-0.45218,104.49652,104.49652,1.52235,94.681,94.92372
01-Jun-20,-0.14398,10.20761,-0.39584,103.92312,103.92312,1.46242,95.226,95.47133
02-Jun-20,-0.15105,10.21094,-0.41332,104.09909,104.09909,1.5397,94.527,94.77494
03-Jun-20,-0.10536,10.18784,-0.34995,103.45778,103.45778,1.59266,94.052,94.30255
04-Jun-20,-0.09018,10.18553,-0.32033,103.1573,103.1573,1.50755,101.43106,101.46262
05-Jun-20,-0.05466,10.16465,-0.26769,102.63027,102.63027,1.51703,101.33906,101.37513
08-Jun-20,-0.09317,10.17903,-0.31373,103.08943,103.08943,1.4992,101.51106,101.55163
09-Jun-20,-0.08299,10.17666,-0.31283,103.07946,103.07946,1.55039,101.01706,101.06214
10-Jun-20,-0.09675,10.18182,-0.33595,103.31028,103.31028,1.61163,100.43006,100.47965
11-Jun-20,-0.17179,10.22232,-0.42738,104.22829,104.22829,1.5378,101.13706,101.20017
12-Jun-20,-0.18543,10.22814,-0.44701,104.42594,104.42594,1.50362,101.46606,101.53368
15-Jun-20,-0.19114,10.2291,-0.44504,104.40468,104.40468,1.49406,101.55806,101.63019
16-Jun-20,-0.18069,10.22454,-0.43491,104.30088,104.30088,1.46518,101.83706,101.9137
17-Jun-20,-0.18603,10.2264,-0.40035,104.15819,104.15819,1.46389,101.84906,101.93021
18-Jun-20,-0.2069,10.23959,-0.41264,104.28517,104.28517,1.43868,102.09206,102.18673
19-Jun-20,-0.20586,10.23432,-0.41809,104.34194,104.34194,1.42175,102.25606,102.35524
22-Jun-20,-0.22791,10.24259,-0.44197,104.59482,104.59482,1.35507,102.90606,103.00975
23-Jun-20,-0.20803,10.2325,-0.41412,104.29739,104.29739,1.33021,103.14906,103.25726
24-Jun-20,-0.2182,10.23729,-0.43868,104.55734,104.55734,1.3283,103.16706,103.27976
25-Jun-20,-0.22692,10.23925,-0.47134,104.90157,104.90157,1.37046,102.75206,102.87829
26-Jun-20,-0.23969,10.24197,-0.48087,105.00196,105.00196,1.35371,102.91506,103.0458
29-Jun-20,-0.2413,10.2469,-0.47769,104.96665,104.96665,1.36151,102.83806,102.97331
30-Jun-20,-0.24156,10.24727,-0.46964,104.87937,104.87937,1.311,103.33206,103.47181
01-Jul-20,-0.18468,10.21986,-0.38839,104.0157,104.0157,1.33918,103.05506,103.19932
02-Jul-20,-0.2227,10.2426,-0.4347,104.50246,104.50246,1.27486,103.68406,103.84185
06-Jul-20,-0.21092,10.23084,-0.43149,104.46602,104.46602,1.29868,103.44806,103.61486
07-Jul-20,-0.20524,10.22632,-0.42842,104.43221,104.43221,1.28038,103.62706,103.79837
08-Jul-20,-0.22196,10.23259,-0.44294,104.58493,104.58493,1.26829,103.74506,103.92088
09-Jul-20,-0.23399,10.24419,-0.46754,104.84216,104.84216,1.2674,103.75106,103.9404
10-Jul-20,-0.23987,10.24672,-0.47447,104.91453,104.91453,1.28277,103.59906,103.79291
13-Jul-20,-0.19854,10.22302,-0.41313,104.26332,104.26332,1.29837,103.44506,103.64342
14-Jul-20,-0.22767,10.23624,-0.44824,104.63348,104.63348,1.26447,103.77706,103.97993
15-Jul-20,-0.22967,10.23774,-0.44141,104.55987,104.55987,1.2657,103.76406,103.97144
16-Jul-20,-0.24738,10.25107,-0.47405,104.9019,104.9019,1.23453,104.06806,104.28896
17-Jul-20,-0.2285,10.23885,-0.45465,104.69488,104.69488,1.23524,104.06006,104.28547
20-Jul-20,-0.24404,10.24234,-0.46342,104.78649,104.78649,1.14898,104.913,105.14292
21-Jul-20,-0.25339,10.24461,-0.46202,104.77028,104.77028,1.14684,104.933,105.16743
22-Jul-20,-0.27427,10.25436,-0.49654,105.13524,105.13524,1.09868,105.412,105.65093
23-Jul-20,-0.26142,10.25349,-0.48432,105.0012,105.0012,1.04318,105.964,106.21646
24-Jul-20,-0.23858,10.28677,-0.4462,104.59654,104.59654,1.06665,105.727,105.98397
27-Jul-20,-0.26862,10.30124,-0.49086,105.06778,105.06778,1.04268,105.966,106.22748
28-Jul-20,-0.28209,10.30512,-0.51199,105.29069,105.29069,1.06966,105.694,105.95998
29-Jul-20,-0.26727,10.2986,-0.50096,105.17207,105.17207,1.05794,105.81,106.08049
30-Jul-20,-0.29846,10.31871,-0.54673,105.6543,105.6543,1.02988,106.087,106.37102
31-Jul-20,-0.28531,10.3112,-0.53961,105.57688,105.57688,1.06805,105.703,105.99152
03-Aug-20,-0.27659,10.30314,-0.5227,105.39556,105.39556,1.0708,105.674,105.96703
04-Aug-20,-0.30047,10.31378,-0.55419,105.72905,105.72905,1.014,106.242,106.53954
05-Aug-20,-0.26354,10.29638,-0.50821,105.23884,105.23884,1.03506,106.029,106.33105
06-Aug-20,-0.28722,10.31279,-0.53694,105.53919,105.53919,0.98843,106.493,106.80857
07-Aug-20,-0.26297,10.29825,-0.50942,105.24575,105.24575,0.97636,106.613,106.93308
10-Aug-20,-0.27871,10.3026,-0.5284,105.44543,105.44543,0.98224,106.552,106.87659
11-Aug-20,-0.23672,10.28436,-0.47721,104.9025,104.9025,1.01061,106.265,106.5941
12-Aug-20,-0.22151,10.27553,-0.45175,104.63307,104.63307,1.01933,106.176,106.50961
13-Aug-20,-0.19029,10.26577,-0.40992,104.19084,104.19084,1.07662,105.599,105.94613
14-Aug-20,-0.20016,10.26757,-0.42217,104.31777,104.31777,1.0511,105.852,106.20364
17-Aug-20,-0.22097,10.27431,-0.45188,104.628,104.628,0.98955,106.467,106.82315
18-Aug-20,-0.23688,10.28046,-0.46543,104.769,104.769,0.99098,106.451,106.81166
19-Aug-20,-0.24185,10.2841,-0.47421,104.86,104.86,0.97509,106.609,106.97416
20-Aug-20,-0.26165,10.29827,-0.49788,105.105,105.105,0.97549,106.6,106.97869
21-Aug-20,-0.26666,10.29908,-0.50533,105.182,105.182,1.00293,106.323,106.7062
24-Aug-20,-0.26423,10.29399,-0.49892,105.113,105.113,1.00227,106.328,106.7157
25-Aug-20,-0.20962,10.26871,-0.42591,104.346,104.346,1.09313,105.421,105.81321
26-Aug-20,-0.20094,10.26298,-0.41281,104.208,104.208,1.07898,105.56,105.95672
27-Aug-20,-0.18185,10.26062,-0.40008,104.072,104.072,1.08582,105.488,105.89825
28-Aug-20,-0.19306,10.26677,-0.40875,104.161,104.161,1.09578,105.388,105.80275
31-Aug-20,N/A,N/A,-0.40886,104.161,104.161,1.09564,105.388,105.80726
01-Sep-20,-0.19732,10.26553,-0.41032,104.175,104.175,1.10491,105.295,105.71877
02-Sep-20,-0.24789,10.29108,-0.46993,104.796,104.796,1.02748,106.062,106.49028
03-Sep-20,-0.26172,10.30435,-0.49685,105.074,105.074,1.03767,105.956,106.3978
04-Sep-20,-0.2497,10.29615,-0.47809,104.876,104.876,1.08157,105.519,105.96531
08-Sep-20,-0.26808,10.30067,-0.49778,105.0795,105.0795,1.09697,105.364,105.81933
09-Sep-20,-0.2313,10.28268,-0.46346,104.719,104.719,1.0857,105.474,105.93384
10-Sep-20,-0.20939,10.27684,-0.42774,104.343,104.343,1.07,105.625,106.09836
11-Sep-20,-0.25565,10.2957,-0.48126,104.8995,104.8995,1.04119,105.909,106.38687
14-Sep-20,-0.25721,10.29546,-0.48163,104.902,104.902,1.01628,106.155,106.63738
15-Sep-20,-0.25938,10.29644,-0.48373,104.9225,104.9225,0.99673,106.348,106.83489
16-Sep-20,-0.2603,10.29633,-0.47931,104.875,104.875,0.97341,106.579,107.07039
17-Sep-20,-0.27834,10.31031,-0.5014,105.1015,105.1015,0.9434,106.874,107.37892
18-Sep-20,-0.26614,10.3009,-0.48904,104.971,104.971,0.96202,106.686,107.19543
21-Sep-20,-0.28934,10.31098,-0.52838,105.381,105.381,0.93017,107.003,107.51693
22-Sep-20,-0.27249,10.30339,-0.50942,105.181,105.181,0.85612,107.746,108.26444
23-Sep-20,-0.26163,10.29821,-0.50028,105.084,105.084,0.85315,107.774,108.29695
24-Sep-20,-0.27069,10.30697,-0.51467,105.23,105.23,0.8716,107.582,108.11848
25-Sep-20,-0.28313,10.30781,-0.53012,105.39,105.39,0.8908,107.387,107.92798
28-Sep-20,-0.2758,10.30193,-0.52816,105.368,105.368,0.87837,107.51,108.05549
29-Sep-20,-0.2868,10.30573,-0.54742,105.568,105.568,0.87243,100.295,100.295
30-Sep-20,-0.26845,10.29689,-0.5264,105.3465,105.3465,0.90775,99.943,99.94547
01-Oct-20,-0.27342,10.30619,-0.53483,105.43,105.43,0.86469,100.372,100.38189
02-Oct-20,-0.26967,10.302,-0.53426,105.4225,105.4225,0.81672,100.852,100.86436
05-Oct-20,-0.25872,10.29379,-0.51615,105.232,105.232,0.83096,100.709,100.72384
06-Oct-20,-0.24932,10.28817,-0.50631,105.128,105.128,0.81997,100.819,100.83631
07-Oct-20,-0.23943,10.28185,-0.49645,105.024,105.024,0.82314,100.787,100.80678
08-Oct-20,-0.25278,10.294,-0.52253,105.291,105.291,0.79626,101.056,101.0832
09-Oct-20,-0.25733,10.29338,-0.53602,105.43,105.43,0.74935,101.528,101.55767
13-Oct-20,-0.28199,10.30228,-0.5574,105.65,105.65,0.69552,102.072,102.10662
14-Oct-20,-0.29585,10.30763,-0.57754,105.859,105.859,0.6802,102.227,102.26409
15-Oct-20,-0.31894,10.32567,-0.61448,106.241,106.241,0.73227,101.698,101.74251
16-Oct-20,-0.32083,10.32588,-0.62503,106.35,106.35,0.67909,102.236,102.28298
19-Oct-20,-0.318,10.32165,-0.62625,106.361,106.361,0.74557,101.563,101.61245
20-Oct-20,-0.29199,10.30875,-0.60154,106.1,106.1,0.76809,101.336,101.38792
21-Oct-20,-0.28465,10.30381,-0.5976,106.057,106.057,0.80006,101.015,101.0694
22-Oct-20,-0.25706,10.29784,-0.56285,105.689,105.689,0.83222,100.693,100.75481
23-Oct-20,-0.25929,10.29338,-0.56838,105.745,105.745,0.80265,100.988,101.05229
26-Oct-20,-0.26597,10.29423,-0.57372,105.799,105.799,0.7622,101.393,101.45976
27-Oct-20,-0.30225,10.31264,-0.61591,106.238,106.238,0.73492,101.667,101.73623
28-Oct-20,-0.30096,10.31343,-0.62439,106.325,106.325,0.79017,101.112,101.1837
29-Oct-20,-0.30122,10.317,-0.63961,106.479,106.479,0.73982,101.616,101.69512
30-Oct-20,-0.29255,10.30768,-0.62852,106.361,106.361,0.74226,101.591,101.67259
02-Nov-20,-0.28745,10.30234,-0.63481,106.425,106.425,0.74969,101.516,101.60007
03-Nov-20,-0.27252,10.29544,-0.62094,106.278,106.278,0.72816,101.732,101.81854
04-Nov-20,-0.29287,10.30378,-0.64414,106.519,106.519,0.69348,102.081,102.17001
05-Nov-20,-0.29482,10.30974,-0.63866,106.456,106.456,0.66541,102.363,102.45943
06-Nov-20,-0.2816,10.30138,-0.61778,106.236,106.236,0.6608,102.409,102.5079
09-Nov-20,-0.21288,10.26484,-0.50958,105.112,105.112,0.75351,101.475,101.57637
10-Nov-20,-0.18745,10.25207,-0.4866,104.874,104.874,0.75687,101.441,101.54485
12-Nov-20,-0.22648,10.27366,-0.53348,105.351,105.351,0.68153,102.196,102.30974
13-Nov-20,-0.24001,10.27569,-0.54626,105.4815,105.4815,0.66265,102.386,102.50221
16-Nov-20,-0.24393,10.27344,-0.54589,105.47608,105.47608,0.64133,102.601,102.71968
17-Nov-20,-0.25936,10.27845,-0.56322,105.65359,105.65359,0.63366,102.678,102.79915
18-Nov-20,-0.25776,10.27556,-0.55773,105.59521,105.59521,0.64119,102.601,102.72463
19-Nov-20,-0.26241,10.28404,-0.57255,105.74355,105.74355,0.64119,102.599,102.73004
20-Nov-20,-0.27632,10.28772,-0.58592,105.88025,105.88025,0.62976,102.714,102.84752
23-Nov-20,-0.26831,10.28028,-0.57795,105.79606,105.79606,0.61823,102.83,102.96599
24-Nov-20,-0.26231,10.27652,-0.56972,105.70928,105.70928,0.60415,102.972,103.11046
25-Nov-20,-0.26398,10.27713,-0.5731,105.74255,105.74255,0.60871,102.925,103.06593
27-Nov-20,-0.2756,10.285,-0.58625,105.87171,105.87171,0.5941,103.07,103.22082
30-Nov-20,-0.27633,10.28297,-0.57204,105.72325,105.72325,0.6197,102.81,102.9633
01-Dec-20,-0.25222,10.2713,-0.52547,105.24258,105.24258,0.66893,102.313,102.46877
02-Dec-20,-0.24345,10.26705,-0.51885,105.17319,105.17319,0.64076,102.596,102.75424
03-Dec-20,-0.25505,10.27879,-0.55,105.48819,105.48819,0.60371,102.968,103.13366
04-Dec-20,-0.25178,10.276,-0.54404,105.4254,105.4254,0.62373,102.765,102.93313
07-Dec-20,-0.27614,10.28644,-0.58288,105.82331,105.82331,0.60752,102.928,103.0986
08-Dec-20,-0.30043,10.29701,-0.61254,106.1277,106.1277,0.5849,103.156,103.32908
09-Dec-20,-0.29749,10.29419,-0.60768,106.0757,106.0757,0.57584,103.247,103.42255
10-Dec-20,-0.30112,10.30005,-0.60212,106.013,106.013,0.56483,103.356,103.53897
11-Dec-20,-0.33014,10.30935,-0.63893,106.3915,106.3915,0.55371,103.468,103.65344
14-Dec-20,-0.3181,10.30211,-0.62247,106.2195,106.2195,0.54072,103.599,103.78691
15-Dec-20,-0.31519,10.30089,-0.61286,106.1185,106.1185,0.52028,103.806,103.99638
16-Dec-20,-0.28212,10.28306,-0.56812,105.6565,105.6565,0.53699,103.635,103.82786
17-Dec-20,-0.28739,10.29161,-0.57689,105.7415,105.7415,0.53681,103.634,103.83427
18-Dec-20,-0.28557,10.2874,-0.57433,105.7135,105.7135,0.56355,103.362,103.56475
21-Dec-20,-0.28725,10.28648,-0.58696,105.8415,105.8415,0.57049,103.291,103.49622
22-Dec-20,-0.28558,10.29185,-0.59341,105.906,105.906,0.55271,103.47,103.67769
23-Dec-20,-0.25271,10.27297,-0.54219,105.375,105.375,0.60002,102.989,103.20658
24-Dec-20,N/A,N/A,-0.54234,105.375,105.375,0.59995,102.989,103.20905
28-Dec-20,N/A,N/A,N/A,N/A,N/A,N/A,N/A,N/A
29-Dec-20,-0.27876,10.28873,-0.58288,105.786,105.786,0.55169,103.474,103.699
30-Dec-20,-0.28047,10.28752,-0.5773,105.72222,105.72222,0.54896,103.498,103.73289
31-Dec-20,N/A,N/A,-0.57746,105.72222,105.72222,0.54887,103.498,103.73536
04-Jan-21,-0.3077,10.29812,-0.60422,105.99424,105.99424,0.55125,103.473,103.71284
05-Jan-21,-0.3,10.2928,-0.58914,105.83816,105.83816,0.56326,103.351,103.59331
06-Jan-21,-0.27334,10.27775,-0.52189,105.42913,105.42913,0.56297,103.353,103.59778
07-Jan-21,-0.25641,10.27531,-0.51723,105.37474,105.37474,0.55725,103.408,103.6602
08-Jan-21,-0.25527,10.27166,-0.52152,105.41914,105.41914,0.52772,103.705,103.95967
11-Jan-21,-0.23666,10.26132,-0.49962,105.18376,105.18376,0.5691,103.287,103.54414
12-Jan-21,-0.20609,10.24405,-0.46695,104.83464,104.83464,0.67407,102.237,102.49662
13-Jan-21,-0.25791,10.2659,-0.52591,105.46154,105.46154,0.58377,103.138,103.40009
14-Jan-21,-0.27139,10.27978,-0.55512,105.76954,105.76954,0.64527,102.521,102.79051
15-Jan-21,-0.2602,10.27303,-0.54381,105.64679,105.64679,0.60842,102.888,103.15998
19-Jan-21,-0.2522,10.26333,-0.52982,105.49423,105.49423,0.58008,103.17,103.44692
20-Jan-21,-0.24895,10.26061,-0.53111,105.5064,105.5064,0.61179,102.852,103.1314
21-Jan-21,-0.21515,10.25177,-0.49115,105.07655,105.07655,0.69879,101.986,102.27281
22-Jan-21,-0.22809,10.25544,-0.51213,105.29808,105.29808,0.74287,101.551,101.84029
25-Jan-21,-0.25669,10.26567,-0.55168,105.71829,105.71829,0.67583,102.212,102.50376
26-Jan-21,-0.23647,10.25745,-0.53255,105.51252,105.51252,0.63746,102.592,102.88623
27-Jan-21,-0.2463,10.27155,-0.5504,105.70148,105.70148,0.64182,102.548,102.8447
28-Jan-21,-0.24225,10.27149,-0.54993,105.69161,105.69161,0.63518,102.612,102.91612
29-Jan-21,-0.21115,10.25284,-0.51583,105.32702,105.32702,0.64277,102.536,102.84259
01-Feb-21,-0.21411,10.25133,-0.51499,105.31667,105.31667,0.61532,102.808,103.11707
02-Feb-21,-0.19562,10.24231,-0.48679,105.01623,105.01623,0.64808,102.482,102.79354
03-Feb-21,-0.17932,10.23309,-0.46973,104.83447,104.83447,0.58345,103.124,103.43801
04-Feb-21,-0.16454,10.23302,-0.45777,104.70429,104.70429,0.54936,103.462,103.78343
05-Feb-21,-0.14903,10.22418,-0.44714,104.59104,104.59104,0.53509,103.604,103.9279
08-Feb-21,-0.14526,10.21936,-0.44172,104.53277,104.53277,0.51227,103.832,104.15837
09-Feb-21,-0.15469,10.22429,-0.44732,104.59034,104.59034,0.5048,103.906,104.23485
10-Feb-21,-0.14551,10.22134,-0.44015,104.51368,104.51368,0.49833,103.97,104.30132
11-Feb-21,-0.15967,10.23464,-0.46154,104.73479,104.73479,0.45669,104.386,104.72474
12-Feb-21,-0.13094,10.22044,-0.43133,104.41622,104.41622,0.47941,104.156,104.49721
16-Feb-21,-0.05677,10.18773,-0.35422,103.60916,103.60916,0.54495,103.497,103.84315
17-Feb-21,-0.07546,10.19567,-0.36735,103.74461,103.74461,0.61827,99.825,99.85483
18-Feb-21,-0.05508,10.19301,-0.34256,103.48422,103.48422,0.67834,99.223,99.25781
19-Feb-21,-0.0238,10.1792,-0.31208,103.16795,103.16795,0.65586,99.448,99.48446
22-Feb-21,-0.0649,10.19366,-0.34452,103.50258,103.50258,0.63133,99.694,99.73212
23-Feb-21,-0.04873,10.1862,-0.3216,103.26452,103.26452,0.6784,99.223,99.26278
24-Feb-21,-0.03858,10.18402,-0.29836,103.02386,103.02386,0.73835,98.627,98.66844
25-Feb-21,0.01512,10.16373,-0.23397,102.3609,102.3609,0.83142,97.711,97.75741
26-Feb-21,-0.00123,10.16726,-0.25913,102.61766,102.61766,0.79024,98.116,98.16407
01-Mar-21,-0.06591,10.19439,-0.33539,103.40141,103.40141,0.70253,98.984,99.03372
02-Mar-21,-0.07513,10.19759,-0.34195,103.46824,103.46824,0.71898,98.821,98.87238
03-Mar-21,-0.03102,10.17865,-0.29582,102.9919,102.9919,0.7847,98.172,98.22504
04-Mar-21,-0.04042,10.18793,-0.31579,103.19465,103.19465,0.77356,98.283,98.34101
05-Mar-21,-0.01977,10.17658,-0.29624,102.99286,102.99286,0.79547,98.068,98.12767
08-Mar-21,-0.0069,10.16779,-0.28044,102.82997,102.82997,0.78809,98.141,98.20233
09-Mar-21,-0.02329,10.17368,-0.30515,103.08258,103.08258,0.73172,98.697,98.75998
10-Mar-21,-0.03502,10.1784,-0.31184,103.15054,103.15054,0.71912,98.822,98.88664
11-Mar-21,-0.04442,10.18851,-0.33115,103.34628,103.34628,0.63919,99.617,99.68661
12-Mar-21,-0.00813,10.17201,-0.29522,102.97654,102.97654,0.67626,99.248,99.31927
15-Mar-21,-0.04485,10.18675,-0.33865,103.42159,103.42159,0.64322,99.577,99.64993
16-Mar-21,-0.05,10.19109,-0.33694,103.40305,103.40305,0.66231,99.387,99.46159
17-Mar-21,-0.00228,10.17081,-0.28921,102.91247,102.91247,0.7402,98.616,98.69224
18-Mar-21,0.01956,10.16719,-0.26459,102.65869,102.65869,0.73432,98.675,98.75622
19-Mar-21,-0.00181,10.17497,-0.29568,102.97542,102.97542,0.70578,98.957,99.03987
22-Mar-21,-0.00685,10.17614,-0.31145,103.13593,103.13593,0.69358,99.078,99.16253
23-Mar-21,-0.02591,10.18381,-0.3404,103.43189,103.43189,0.64532,99.557,99.64319
24-Mar-21,-0.03784,10.19004,-0.35551,103.58614,103.58614,0.63638,99.646,99.73385
25-Mar-21,-0.06867,10.21229,-0.38283,103.86435,103.86435,0.62907,99.719,99.81182
26-Mar-21,-0.03818,10.19655,-0.35192,103.5453,103.5453,0.6492,99.519,99.61348
29-Mar-21,-0.00835,10.18553,-0.31905,103.20741,103.20741,0.68686,99.146,99.24213
30-Mar-21,0.02118,10.16468,-0.27616,102.76899,102.76899,0.72928,98.728,98.82579
31-Mar-21,0.01151,10.1717,-0.29721,102.97928,102.97928,0.70545,98.964,99.07008
01-Apr-21,-0.01833,10.18198,-0.32983,103.31122,103.31122,0.66991,99.315,99.42273
02-Apr-21,N/A,N/A,N/A,N/A,N/A,N/A,N/A,N/A
05-Apr-21,N/A,N/A,N/A,N/A,N/A,N/A,N/A,N/A
06-Apr-21,-0.01567,10.18147,-0.31793,103.18875,103.18875,0.74001,98.625,98.73439
07-Apr-21,-0.02002,10.18407,-0.31861,103.19486,103.19486,0.73505,98.674,98.78505
08-Apr-21,-0.02989,10.19799,-0.33272,103.3361,103.3361,0.70592,98.961,99.07702
09-Apr-21,-0.00225,10.18107,-0.29855,102.987,102.987,0.77384,98.296,98.41368
12-Apr-21,0.00568,10.17518,-0.29396,102.93951,102.93951,0.7825,98.212,98.33134
13-Apr-21,0.00977,10.1716,-0.29018,102.90027,102.90027,0.79991,98.043,98.16399
14-Apr-21,0.03629,10.15833,-0.26345,102.62853,102.62853,0.81416,97.905,98.02765
15-Apr-21,0.00593,10.17797,-0.29576,102.95363,102.95363,0.77083,98.328,98.45562
16-Apr-21,0.02625,10.16647,-0.26695,102.66101,102.66101,0.79214,98.121,98.25028
19-Apr-21,0.04348,10.15466,-0.23721,102.36,102.36,0.83024,97.752,97.88294
20-Apr-21,0.03665,10.15838,-0.25324,102.521,102.521,0.8303,97.752,97.8846
21-Apr-21,0.02264,10.16449,-0.26242,102.613,102.613,0.7995,98.051,98.18525
22-Apr-21,0.0216,10.169,-0.26677,102.65463,102.65463,0.79697,98.077,98.21623
23-Apr-21,0.02888,10.1631,-0.25805,102.56597,102.56597,0.83287,97.73,97.87088
26-Apr-21,0.03405,10.15765,-0.25733,102.55793,102.55793,0.8435,97.628,97.77054
27-Apr-21,0.04203,10.15585,-0.25324,102.516,102.516,0.86318,97.439,97.5832
28-Apr-21,0.0591,10.14735,-0.23343,102.31607,102.31607,0.87355,97.34,97.48586
29-Apr-21,0.0997,10.13724,-0.19338,101.91286,101.91286,0.91772,96.919,97.06983
30-Apr-21,0.09146,10.13988,-0.20025,101.98099,101.98099,0.91089,96.985,97.13749
03-May-21,N/A,N/A,-0.2003,101.98099,101.98099,0.91098,96.985,97.13914
04-May-21,0.05461,10.15464,-0.24278,102.40593,102.40593,0.86013,97.473,97.6288
05-May-21,0.06339,10.1525,-0.2284,102.26109,102.26109,0.8943,97.146,97.30346
06-May-21,0.05621,10.16179,-0.23603,102.33553,102.33553,0.91086,96.99,97.15243
07-May-21,0.05939,10.15563,-0.22791,102.25358,102.25358,0.95737,96.548,96.71209
10-May-21,0.07144,10.14929,-0.21459,102.11971,102.11971,0.92991,96.81,96.97575
11-May-21,0.11059,10.1303,-0.1574,101.54954,101.54954,0.99283,96.214,96.3814
12-May-21,0.12873,10.11962,-0.12288,101.20718,101.20718,1.02728,95.89,96.05906
13-May-21,0.12266,10.12561,-0.11737,101.15166,101.15166,1.05349,95.647,95.82103
14-May-21,0.1135,10.12621,-0.12296,101.20655,101.20655,1.07709,95.427,95.60269
17-May-21,0.11702,10.12191,-0.11498,101.12742,101.12742,1.11322,95.091,95.26835
18-May-21,0.1313,10.11529,-0.11031,101.08113,101.08113,1.09287,95.282,95.46101
19-May-21,0.1257,10.11646,-0.11418,101.11891,101.11891,1.11575,95.07,95.25066
20-May-21,0.13329,10.11825,-0.1089,101.06602,101.06602,1.05806,95.612,95.79764
21-May-21,0.11093,10.12596,-0.12904,101.26411,101.26411,1.03257,95.852,96.03929
24-May-21,0.1033,10.12617,-0.14172,101.38891,101.38891,1.01851,95.985,96.17395
25-May-21,0.08673,10.13369,-0.1672,101.64044,101.64044,0.96279,96.511,96.70161
26-May-21,0.04776,10.15092,-0.20742,102.03882,102.03882,0.91812,96.935,97.12727
27-May-21,0.08341,10.13729,-0.1727,101.69297,101.69297,0.93948,96.735,96.93224
28-May-21,0.07482,10.14157,-0.18267,101.79117,101.79117,0.91582,96.96,97.1589
01-Jun-21,0.07665,10.13855,-0.17609,101.72501,101.72501,0.90545,97.06,97.26221
02-Jun-21,0.05935,10.14713,-0.19753,101.93669,101.93669,0.88237,97.28,97.48387
03-Jun-21,0.0821,10.14366,-0.18402,101.8014,101.8014,0.89439,97.168,97.37684
04-Jun-21,0.06502,10.14743,-0.21241,102.08189,102.08189,0.86953,97.405,97.6155
07-Jun-21,0.07246,10.14049,-0.19963,101.95477,101.95477,0.91406,96.983,97.19515
08-Jun-21,0.05396,10.14854,-0.22179,102.17366,102.17366,0.86988,97.403,97.61681
09-Jun-21,0.02694,10.16029,-0.25005,102.45367,102.45367,0.87576,100.76048,100.78644
10-Jun-21,0.03609,10.16264,-0.24921,102.4432,102.4432,0.85413,100.97594,101.00968
11-Jun-21,0.01849,10.16586,-0.27108,102.65999,102.65999,0.79707,101.548,101.58434
14-Jun-21,0.03576,10.15583,-0.25529,102.50219,102.50219,0.82282,101.289,101.32793
15-Jun-21,0.04984,10.14891,-0.23322,102.28256,102.28256,0.83386,101.178,101.21953
16-Jun-21,0.05064,10.14975,-0.19856,102.03969,102.03969,0.82774,101.239,101.28313
17-Jun-21,0.05387,10.15136,-0.19206,101.97061,101.97061,0.86939,100.822,100.87391
18-Jun-21,0.04201,10.14921,-0.20293,102.08277,102.08277,0.91666,100.352,100.40651
21-Jun-21,0.06613,10.13609,-0.17823,101.82622,101.82622,0.92069,100.312,100.3691
22-Jun-21,0.07439,10.13347,-0.1649,101.68792,101.68792,0.93685,100.152,100.2117
23-Jun-21,0.06547,10.13881,-0.17901,101.83332,101.83332,0.94059,100.115,100.1773
24-Jun-21,0.06242,10.14451,-0.19066,101.95235,101.95235,0.91105,100.407,100.47708
25-Jun-21,0.09917,10.12609,-0.15525,101.58616,101.58616,0.97002,99.825,99.89768
28-Jun-21,0.07215,10.13481,-0.18745,101.9181,101.9181,0.92336,100.285,100.36027
29-Jun-21,0.0895,10.1288,-0.17577,101.79687,101.79687,0.9184,100.334,100.41187
30-Jun-21,0.06299,10.14107,-0.20729,102.12223,102.12223,0.86734,100.84,100.92046
01-Jul-21,0.06975,10.14476,-0.20151,102.06078,102.06078,0.84416,101.07,101.15825
02-Jul-21,0.0398,10.15507,-0.23725,102.43042,102.43042,0.81966,101.314,101.40485
06-Jul-21,0.01067,10.16527,-0.26866,102.75546,102.75546,0.78478,101.662,101.75804
07-Jul-21,-0.0133,10.17544,-0.29788,103.05934,103.05934,0.78295,101.68,101.77863
08-Jul-21,-0.03561,10.19051,-0.31878,103.27512,103.27512,0.80102,101.498,101.60442
09-Jul-21,-0.00471,10.17495,-0.29005,102.9744,102.9744,0.80619,101.446,101.55502
12-Jul-21,-0.01027,10.17461,-0.30001,103.07738,103.07738,0.77544,101.753,101.86461
13-Jul-21,-0.00593,10.17396,-0.30422,103.12038,103.12038,0.75255,101.982,102.09621
14-Jul-21,-0.01619,10.17864,-0.31554,103.23772,103.23772,0.74991,102.008,102.1248
15-Jul-21,-0.02872,10.1899,-0.33065,103.39272,103.39272,0.76652,101.84,101.96459
16-Jul-21,-0.04163,10.19265,-0.35053,103.59972,103.59972,0.73714,102.134,102.26119
19-Jul-21,-0.07319,10.20342,-0.39256,104.03972,104.03972,0.74287,102.076,102.20578
20-Jul-21,-0.08976,10.21493,-0.41537,104.27872,104.27872,0.72359,102.269,102.40138
21-Jul-21,-0.06394,10.2044,-0.39496,104.06272,104.06272,0.73021,102.202,102.33697
22-Jul-21,-0.08646,10.21703,-0.42019,104.32472,104.32472,0.69075,102.597,102.73976
23-Jul-21,-0.0791,10.2113,-0.41289,104.24672,104.24672,0.67135,102.792,102.93736
26-Jul-21,-0.07475,10.20924,-0.41434,104.26072,104.26072,0.67604,102.744,102.89195
27-Jul-21,-0.08798,10.22042,-0.43904,104.51972,104.51972,0.66883,102.816,102.96655
28-Jul-21,-0.07881,10.21519,-0.44911,104.62472,104.62472,0.66044,102.9,103.05314
29-Jul-21,-0.08719,10.22029,-0.45043,104.63472,104.63472,0.66042,102.898,103.05893
30-Jul-21,-0.09592,10.22065,-0.45984,104.73272,104.73272,0.6661,102.84,103.00352
02-Aug-21,-0.11946,10.22884,-0.4753,104.89472,104.89472,0.62001,103.305,103.47112
03-Aug-21,-0.12691,10.23159,-0.48385,104.98372,104.98372,0.60888,103.417,103.58572
04-Aug-21,-0.12433,10.22997,-0.48341,104.97772,104.97772,0.60889,103.416,103.58731
05-Aug-21,-0.13205,10.23985,-0.50331,105.184,105.184,0.55765,103.934,104.1131
06-Aug-21,-0.09392,10.22115,-0.45353,104.657,104.657,0.61368,103.364,103.54569
09-Aug-21,-0.10474,10.22144,-0.45565,104.678,104.678,0.60007,103.501,103.68529
10-Aug-21,-0.11373,10.22422,-0.45995,104.722,104.722,0.59081,103.594,103.78089
11-Aug-21,-0.12229,10.22673,-0.45884,104.709,104.709,0.61224,103.376,103.56548
12-Aug-21,-0.12201,10.23253,-0.45931,104.71,104.71,0.59104,103.588,103.78527
13-Aug-21,-0.13026,10.23198,-0.46429,104.761,104.761,0.59371,103.56,103.75986
16-Aug-21,-0.13263,10.23051,-0.47278,104.849,104.849,0.60054,103.49,103.69246
17-Aug-21,-0.12741,10.22874,-0.47243,104.844,104.844,0.614,103.353,103.55805
18-Aug-21,-0.13606,10.23346,-0.48092,104.932,104.932,0.59551,103.539,103.74665
19-Aug-21,-0.14337,10.24286,-0.48797,105.002,105.002,0.61296,103.36,103.57544
20-Aug-21,-0.14962,10.24245,-0.49504,105.075,105.075,0.59031,103.588,103.80603
23-Aug-21,-0.14101,10.2357,-0.4793,104.908,104.908,0.62897,103.197,103.41763
24-Aug-21,-0.14201,10.23818,-0.47486,104.86,104.86,0.61806,103.306,103.52922
25-Aug-21,-0.09678,10.21759,-0.42074,104.292,104.292,0.71107,102.373,102.59882
26-Aug-21,-0.08768,10.21145,-0.41591,104.238,104.238,0.71691,102.313,102.54661
27-Aug-21,-0.08904,10.21264,-0.41919,104.271,104.271,0.69147,102.566,102.8022
30-Aug-21,N/A,N/A,N/A,N/A,N/A,N/A,N/A,N/A
31-Aug-21,-0.06155,10.20047,-0.38471,103.91,103.91,0.75289,101.954,102.19539
01-Sep-21,-0.04999,10.19635,-0.37025,103.759,103.759,0.74406,102.041,102.28499
02-Sep-21,-0.05414,10.20495,-0.38725,103.932,103.932,0.71579,102.32,102.57178
03-Sep-21,-0.03489,10.19263,-0.36795,103.731,103.731,0.74203,102.059,102.31337
07-Sep-21,0.00331,10.17154,-0.32375,103.273,103.273,0.80982,101.389,101.64856
08-Sep-21,0.00009,10.1718,-0.32812,103.317,103.317,0.79769,101.508,101.77016
09-Sep-21,-0.03383,10.19132,-0.36517,103.696,103.696,0.71154,102.358,102.62795
10-Sep-21,-0.00711,10.17496,-0.33956,103.431,103.431,0.74965,101.98,102.25254
13-Sep-21,-0.00242,10.17021,-0.33412,103.374,103.374,0.73766,102.098,102.37314
14-Sep-21,-0.01309,10.17494,-0.34121,103.446,103.446,0.70027,102.468,102.74573
15-Sep-21,0.00983,10.16621,-0.31872,103.214,103.214,0.73725,102.101,102.38133
16-Sep-21,0.02816,10.1641,-0.30815,103.103,103.103,0.73799,102.092,102.38011
17-Sep-21,0.05468,10.15046,-0.27928,102.807,102.807,0.76867,101.789,102.07971
20-Sep-21,0.03321,10.15744,-0.31516,103.173,103.173,0.76486,101.826,102.11931
21-Sep-21,0.01803,10.16505,-0.32764,103.3,103.3,0.7355,102.115,102.4109
22-Sep-21,0.01037,10.16739,-0.32744,103.297,103.297,0.71076,102.359,102.6575
23-Sep-21,0.07418,10.14393,-0.25871,102.593,102.593,0.76869,101.786,102.09228
24-Sep-21,0.10115,10.13047,-0.23139,102.315,102.315,0.82632,101.221,101.52988
27-Sep-21,0.11182,10.12336,-0.22118,102.211,102.211,0.843,101.058,101.36948
28-Sep-21,0.13361,10.11579,-0.19946,101.991,101.991,0.90333,100.472,100.78607
29-Sep-21,0.11839,10.12294,-0.21675,102.165,102.165,0.86701,100.824,101.14067
30-Sep-21,0.14117,10.11917,-0.19422,101.936,101.936,0.90556,100.45,100.77445
01-Oct-21,0.12031,10.12568,-0.22174,102.213,102.213,0.86434,100.849,101.17605
04-Oct-21,0.12635,10.12185,-0.21447,102.139,102.139,0.88227,100.675,101.00464
05-Oct-21,0.15345,10.10909,-0.18375,101.829,101.829,0.91236,100.384,100.71624
06-Oct-21,0.15899,10.10593,-0.183,101.821,101.821,0.93092,100.205,100.53984
07-Oct-21,0.16694,10.10832,-0.18674,101.857,101.857,0.89584,100.543,100.88562
08-Oct-21,0.20003,10.08909,-0.15278,101.516,101.516,0.923,100.281,100.62622
12-Oct-21,0.26228,10.05472,-0.09739,100.963,100.963,0.96225,99.904,100.25441
13-Oct-21,0.21925,10.06886,-0.13428,101.33,101.33,0.94108,100.107,100.46001
14-Oct-21,0.17271,10.09756,-0.18311,101.817,101.817,0.88548,100.642,101.00279
15-Oct-21,0.18067,10.09168,-0.17678,101.753,101.753,0.914,100.367,100.73039
18-Oct-21,0.21329,10.06617,-0.15111,101.496,101.496,0.94222,100.096,100.46198
19-Oct-21,0.23699,10.05717,-0.1133,101.119,101.119,0.98289,99.707,100.07558
20-Oct-21,0.22572,10.06574,-0.12409,101.226,101.226,0.96405,99.887,100.25817
21-Oct-21,0.25223,10.05304,-0.09366,100.923,100.923,1.00256,99.52,99.89896
22-Oct-21,0.25927,10.04341,-0.09722,100.958,100.958,1.00857,99.463,99.84456
25-Oct-21,0.24321,10.05327,-0.12034,101.187,101.187,0.96721,99.857,100.24115
26-Oct-21,0.23753,10.05579,-0.12269,101.21,101.21,0.98704,99.668,100.05475
27-Oct-21,0.16453,10.08653,-0.17907,101.771,101.771,0.93133,100.2,100.58934
28-Oct-21,0.19604,10.07227,-0.15122,101.492,101.492,1.09607,98.574,98.574
29-Oct-21,0.27126,10.02867,-0.09154,100.9,100.9,1.25805,96.996,96.9986
01-Nov-21,0.25522,10.03732,-0.095,100.934,100.934,1.29185,96.671,96.67619
02-Nov-21,0.17357,10.07993,-0.16954,101.673,101.673,1.13206,98.222,98.22979
03-Nov-21,0.17469,10.07665,-0.1731,101.708,101.708,1.10803,98.458,98.46838
04-Nov-21,0.12541,10.10934,-0.22475,102.222,102.222,0.99485,99.576,99.59417
05-Nov-21,0.07392,10.12335,-0.28182,102.794,102.794,0.94746,100.048,100.06877
08-Nov-21,0.10754,10.10674,-0.25443,102.518,102.518,0.95347,99.988,100.01136
09-Nov-21,0.07191,10.12049,-0.29092,102.884,102.884,0.91295,100.393,100.41896
10-Nov-21,0.13382,10.08895,-0.25318,102.504,102.504,0.98402,99.684,99.71255
12-Nov-21,0.1547,10.08994,-0.25516,102.521,102.521,1.0294,99.235,99.27393
15-Nov-21,0.16421,10.085,-0.24734,102.442,102.442,1.04859,99.046,99.08753
16-Nov-21,0.16868,10.08574,-0.24751,102.443,102.443,1.0338,99.192,99.23613
17-Nov-21,0.16541,10.08926,-0.24458,102.413,102.413,1.05178,99.015,99.06172
18-Nov-21,0.14854,10.1031,-0.27497,102.715,102.715,1.0052,99.475,99.52951
19-Nov-21,0.08973,10.12714,-0.33991,103.367,103.367,0.93598,100.162,100.2191
22-Nov-21,0.12537,10.10853,-0.30294,102.994,102.994,1.00816,99.446,99.5057
23-Nov-21,0.19328,10.07991,-0.23376,102.301,102.301,1.11862,98.362,98.4243
24-Nov-21,0.20638,10.07723,-0.21695,102.133,102.133,1.15236,98.034,98.09889
26-Nov-21,0.10642,10.12247,-0.34207,103.382,103.382,1.0323,99.209,99.28427
29-Nov-21,0.13156,10.11398,-0.32008,103.16,103.16,1.05391,98.997,98.997
30-Nov-21,0.10867,10.11917,-0.34564,103.416,103.416,1.04079,99.126,99.12861
01-Dec-21,0.12242,10.11013,-0.3336,103.294,103.294,1.0888,98.656,98.66122
02-Dec-21,0.08353,10.13568,-0.37888,103.747,103.747,1.02326,99.299,99.31205
03-Dec-21,0.09207,10.12557,-0.37884,103.7455,103.7455,1.00255,99.503,99.51866
06-Dec-21,0.08578,10.1273,-0.39015,103.8585,103.8585,0.95286,99.994,100.01227
07-Dec-21,0.08707,10.12326,-0.37732,103.728,103.728,0.99111,99.616,99.63688
08-Dec-21,0.12917,10.10179,-0.3165,103.116,103.116,1.10288,98.521,98.54449
09-Dec-21,0.09848,10.12409,-0.35707,103.52,103.52,1.06423,98.899,98.93032
10-Dec-21,0.08841,10.12433,-0.35816,103.53,103.53,1.02289,99.304,99.33793
13-Dec-21,0.05968,10.13289,-0.38665,103.8155,103.8155,0.98406,99.686,99.72254
14-Dec-21,0.06914,10.12923,-0.37339,103.681,103.681,0.99239,99.604,99.64315
15-Dec-21,0.0844,10.11912,-0.36793,103.625,103.625,0.98184,99.708,99.74976
16-Dec-21,0.09694,10.12289,-0.35059,103.448,103.448,1.03668,99.17,99.21959
17-Dec-21,0.07407,10.13195,-0.37611,103.703,103.703,0.98136,99.713,99.7652
20-Dec-21,0.08673,10.12756,-0.37632,103.704,103.704,0.99713,99.558,99.61281
21-Dec-21,0.15419,10.09889,-0.30523,102.992,102.992,1.07939,98.754,98.81142
22-Dec-21,0.16509,10.09743,-0.29346,102.874,102.874,1.11816,98.378,98.43803
23-Dec-21,0.21459,10.0699,-0.24722,102.413,102.413,1.17508,97.83,97.89786
24-Dec-21,N/A,N/A,-0.24729,102.413,102.413,1.17513,97.83,97.90047
27-Dec-21,0.2147,10.06695,N/A,N/A,N/A,N/A,N/A,N/A
28-Dec-21,0.21521,10.06675,N/A,N/A,N/A,N/A,N/A,N/A
29-Dec-21,0.2788,10.04524,-0.18778,101.825,101.825,1.22069,97.395,97.4733
30-Dec-21,0.27721,10.04537,-0.17927,101.74,101.74,1.24237,97.19,97.27613
31-Dec-21,N/A,N/A,-0.17933,101.74,101.74,1.24244,97.19,97.27874
03-Jan-22,N/A,N/A,N/A,N/A,N/A,N/A,N/A,N/A
04-Jan-22,0.28693,10.03608,-0.13479,101.304,101.304,1.2771,96.862,96.95596
05-Jan-22,0.29311,10.03354,-0.08952,100.90925,100.90925,1.30495,96.599,96.69557
06-Jan-22,0.32663,10.0192,-0.06457,100.65441,100.65441,1.34925,96.184,96.2884
07-Jan-22,0.34268,10.00672,-0.04173,100.42224,100.42224,1.38228,95.875,95.98201
10-Jan-22,0.34784,10.0011,-0.0411,100.41579,100.41579,1.34785,96.199,96.30862
11-Jan-22,0.35786,9.99228,-0.03221,100.32564,100.32564,1.37684,95.928,96.04023
12-Jan-22,0.33476,10.00325,-0.06159,100.62347,100.62347,1.32127,96.451,96.56584
13-Jan-22,0.29917,10.02013,-0.0937,100.94934,100.94934,1.28572,96.789,96.91166
14-Jan-22,0.345,9.99355,-0.05315,100.53712,100.53712,1.32631,96.407,96.53227
18-Jan-22,0.37002,9.98003,-0.0193,100.19455,100.19455,1.37919,95.913,96.04349
19-Jan-22,0.37949,9.97392,-0.00688,100.06933,100.06933,1.41167,95.611,95.7441
20-Jan-22,0.36042,9.98548,-0.03068,100.3092,100.3092,1.3655,96.045,96.18593
21-Jan-22,0.33851,9.99237,-0.06813,100.68777,100.68777,1.35395,96.154,96.29754
24-Jan-22,0.3265,10.00075,-0.1045,101.05678,101.05678,1.34765,96.214,96.36015
25-Jan-22,0.33976,9.9922,-0.09156,100.92502,100.92502,1.34914,96.201,96.34976
26-Jan-22,0.35398,9.98479,-0.07013,100.70747,100.70747,1.40764,95.656,95.80737
27-Jan-22,0.36311,9.9754,-0.05688,100.57291,100.57291,1.36034,96.1,96.2592
28-Jan-22,0.37849,9.9666,-0.04761,100.47916,100.47916,1.35488,96.152,96.31381
31-Jan-22,0.4241,9.93379,0.00984,99.90129,99.90129,1.35059,96.193,96.35742
01-Feb-22,0.4442,9.9243,0.03238,99.67572,99.67572,1.41749,95.571,95.73803
02-Feb-22,0.45435,9.91442,0.03808,99.6189,99.6189,1.42419,95.51,95.67964
03-Feb-22,0.55365,9.85741,0.15167,98.4926,98.4926,1.63812,93.555,93.73247
04-Feb-22,0.60661,9.82125,0.20609,97.95843,97.95843,1.74405,92.604,92.78408
07-Feb-22,0.66353,9.79523,0.23289,97.69688,97.69688,1.84335,91.723,91.90569
08-Feb-22,0.71346,9.77475,0.26162,97.41753,97.41753,1.85327,91.63739,91.82269
09-Feb-22,0.68136,9.794,0.21796,97.844,97.844,1.77139,92.36553,92.55344
10-Feb-22,0.76278,9.75236,0.27785,97.26277,97.26277,1.88556,91.36109,91.55683
11-Feb-22,0.79519,9.73645,0.28007,97.24193,97.24193,1.94332,90.85719,91.05554
14-Feb-22,0.81424,9.73446,0.26602,97.37905,97.37905,1.95817,90.72982,90.93078
15-Feb-22,0.83503,9.73365,0.31597,96.89621,96.89621,1.97855,90.55459,90.75816
16-Feb-22,0.77276,9.7639,0.27235,97.31901,97.31901,1.9063,91.18753,91.39371
17-Feb-22,0.75092,9.78597,0.23093,97.7235,97.7235,1.83901,91.78539,91.9994
18-Feb-22,0.74947,9.79005,0.19828,98.04233,98.04233,1.83711,91.80413,92.02075
22-Feb-22,0.78713,9.76797,0.24299,97.60806,97.60806,1.93184,90.97713,91.19897
23-Feb-22,0.78966,9.76023,0.22384,97.79488,97.79488,1.92867,91.00694,91.23139
24-Feb-22,0.74976,9.78675,0.1603,98.41669,98.41669,1.80559,92.09421,92.32649
25-Feb-22,0.81368,9.76144,0.21506,97.88267,97.88267,1.83347,91.85015,92.08504
28-Feb-22,0.7843,9.79443,0.15939,98.42646,98.42646,1.75747,92.52429,92.76179
01-Mar-22,0.6188,9.88356,-0.04857,100.48488,100.48488,1.42559,95.52704,95.76715
02-Mar-22,0.65721,9.8497,0.01486,99.85225,99.85225,1.54636,94.42378,94.6665
03-Mar-22,0.67685,9.84911,0.02428,99.75884,99.75884,1.58563,94.07229,94.32284
04-Mar-22,0.67484,9.8639,-0.0884,100.88321,100.88321,1.5339,94.54253,94.79569
07-Mar-22,0.69954,9.85085,-0.02037,100.20265,100.20265,1.59115,94.02537,94.28114
08-Mar-22,0.78401,9.81658,0.10618,98.95099,98.95099,1.60057,93.94179,94.20017
09-Mar-22,0.85491,9.77962,0.202,98.01525,98.01525,1.67001,93.31969,93.58068
10-Mar-22,0.90494,9.73815,0.2615,97.44108,97.44108,1.91112,91.19674,91.46556
11-Mar-22,0.93591,9.71082,0.28591,97.20662,97.20662,1.87442,91.51914,91.79057
14-Mar-22,1.00623,9.68068,0.37213,96.38222,96.38222,1.9541,90.82769,91.10173
15-Mar-22,0.97936,9.69899,0.32596,96.82402,96.82402,1.89661,91.32962,91.60627
16-Mar-22,1.00248,9.68515,0.38681,96.24448,96.24448,1.89656,91.33213,91.61139
17-Mar-22,0.9792,9.69619,0.39202,96.19803,96.19803,1.90748,91.24348,91.53057
18-Mar-22,0.9596,9.70405,0.36592,96.44714,96.44714,1.88394,91.45059,91.74029
21-Mar-22,1.02324,9.67495,0.44143,95.73254,95.73254,1.97234,90.6857,90.97801
22-Mar-22,1.07648,9.63875,0.50412,95.1443,95.1443,2.03402,90.15726,90.45218
23-Mar-22,1.03784,9.65357,0.47911,95.38026,95.38026,2.00275,90.42822,90.72575
24-Mar-22,1.0865,9.62981,0.51908,95.00961,95.00961,2.04471,90.07534,90.3807
25-Mar-22,1.12294,9.61065,0.55977,94.63157,94.63157,2.06414,89.91168,90.21965
28-Mar-22,1.16049,9.5837,0.57617,94.48071,94.48071,2.09777,89.62761,89.93819
29-Mar-22,1.22644,9.54628,0.64125,93.88026,93.88026,2.12789,89.37442,89.68761
30-Mar-22,1.24277,9.52371,0.65427,93.76205,93.76205,2.13572,89.31066,89.62646
31-Mar-22,1.16988,9.57521,0.54328,94.79356,94.79356,2.03852,90.14512,90.46875
01-Apr-22,1.18687,9.5651,0.57184,94.52978,94.52978,2.11208,89.5212,89.84744
04-Apr-22,1.1423,9.58294,0.51915,95.02111,95.02111,2.07425,89.84517,90.17402
05-Apr-22,1.25084,9.53121,0.6182,94.10413,94.10413,2.25278,88.34263,88.67409
06-Apr-22,1.29137,9.52068,0.65121,93.80187,93.80187,2.33358,87.67388,88.00795
07-Apr-22,1.3167,9.50834,0.6865,93.48358,93.48358,2.35307,87.52183,87.86373
08-Apr-22,1.35697,9.48153,0.70268,93.33749,93.33749,2.35702,87.49225,87.83676
11-Apr-22,1.46753,9.43031,0.81337,92.33535,92.33535,2.45739,86.67203,87.01915
12-Apr-22,1.47012,9.43958,0.79149,92.53489,92.53489,2.41542,87.01831,87.36804
13-Apr-22,1.44693,9.4507,0.76021,92.82755,92.82755,2.35607,87.52111,87.88388
14-Apr-22,1.54378,9.41833,0.8274,92.22358,92.22358,2.47747,86.53106,86.89644
18-Apr-22,N/A,N/A,0.82763,92.22358,92.22358,2.47787,86.53106,86.89905
19-Apr-22,1.60795,9.39186,0.92293,91.37178,91.37178,2.56313,85.84143,86.20942
20-Apr-22,1.53884,9.4194,0.86126,91.92412,91.92412,2.51106,86.26513,86.63573
21-Apr-22,1.57625,9.39466,0.92439,91.368,91.368,2.58015,85.71815,86.09658
22-Apr-22,1.62748,9.36249,0.96234,91.034,91.034,2.66492,85.04405,85.42509
25-Apr-22,1.54128,9.41555,0.84493,92.081,92.081,2.59515,85.60469,85.98834
26-Apr-22,1.5015,9.43725,0.7999,92.48716,92.48716,2.54052,86.0471,86.43336
27-Apr-22,1.53287,9.43257,0.80144,92.47534,92.47534,2.57414,85.78001,86.16888
28-Apr-22,1.64029,9.38483,0.90178,91.58486,91.58486,2.73466,84.51335,84.91005
29-Apr-22,1.69031,9.35856,0.94023,91.24615,91.24615,2.84534,97.0435,97.0435
02-May-22,1.69158,9.35799,0.95284,91.137,91.137,2.90167,96.54932,96.55619
03-May-22,1.70103,9.35772,0.94134,91.241,91.241,2.89951,96.56901,96.58275
04-May-22,1.73156,9.3423,0.9756,90.94101,90.94101,3.0113,95.59699,95.61759
05-May-22,1.77578,9.33355,1.02761,90.49172,90.49172,3.08357,94.97753,95.01874
06-May-22,1.92905,9.26896,1.15039,89.42679,89.42679,3.21248,93.88078,93.92886
09-May-22,1.91748,9.29354,1.09633,89.89772,89.89772,3.21413,93.86817,93.92312
10-May-22,1.82664,9.329,1.00426,90.70382,90.70382,3.08458,94.97202,95.03383
11-May-22,1.81986,9.33443,1.01041,90.65244,90.65244,2.97756,95.89538,95.96406
12-May-22,1.64228,9.41589,0.87644,91.84104,91.84104,2.7923,97.51879,97.60808
13-May-22,1.68752,9.38324,0.95304,91.166,91.166,2.92111,96.38923,96.48538
16-May-22,1.65289,9.38439,0.93221,91.352,91.352,2.91693,96.42641,96.52943
17-May-22,1.73351,9.33482,1.03829,90.42386,90.42386,3.02781,95.46675,95.57664
18-May-22,1.69111,9.34543,1.01337,90.64402,90.64402,3.00399,95.67304,95.7898
19-May-22,1.65742,9.36383,0.93925,91.30153,91.30153,2.97389,95.9358,96.07316
20-May-22,1.65389,9.36912,0.94062,91.29187,91.29187,3.05235,95.26081,95.40504
23-May-22,1.68763,9.35098,0.99833,90.78793,90.78793,3.09199,94.92262,95.07372
24-May-22,1.63996,9.37964,0.9401,91.30114,91.30114,3.05083,95.27589,95.43386
25-May-22,1.66406,9.37183,0.94096,91.29588,91.29588,3.01852,95.55435,95.71919
26-May-22,1.73407,9.34547,0.99548,90.82518,90.82518,3.00114,95.70686,95.8923
27-May-22,1.69074,9.35997,0.96104,91.129,91.129,2.98612,95.8372,96.02951
31-May-22,1.81355,9.28767,1.11876,89.76332,89.76332,3.21737,93.86952,93.87635
01-Jun-22,1.87032,9.25786,1.16816,89.34168,89.34168,3.26072,93.50705,93.52071
02-Jun-22,1.87308,9.25823,1.22494,88.8654,88.8654,3.38539,92.47512,92.50927
03-Jun-22,1.87371,9.25529,1.27672,88.42889,88.42889,3.51512,91.4133,91.45428
06-Jun-22,2.01224,9.18112,1.32672,88.01003,88.01003,3.53537,91.25046,91.29827
07-Jun-22,1.97795,9.19706,1.28126,88.39664,88.39664,3.38497,92.48335,92.53799
08-Jun-22,2.04109,9.16675,1.34388,87.8722,87.8722,3.46635,91.81647,91.87795
09-Jun-22,2.10424,9.1265,1.4311,87.15327,87.15327,3.69485,89.97662,90.05859
10-Jun-22,2.17794,9.0778,1.48966,86.67138,86.67138,3.82298,88.96372,89.05252
13-Jun-22,2.34447,8.98623,1.61995,85.60611,85.60611,4.09531,86.85422,86.94985
14-Jun-22,2.51744,8.92643,1.70652,84.90793,84.90793,4.20879,85.99488,86.09734
15-Jun-22,2.42082,8.98242,1.62727,85.55406,85.55406,3.88995,88.44585,88.55514
16-Jun-22,2.45771,8.95623,1.68948,85.06119,85.06119,3.85403,88.73392,88.8637
17-Jun-22,2.40683,8.98148,1.66166,85.29012,85.29012,3.68469,90.07443,90.21104
21-Jun-22,2.50683,8.94286,1.76597,84.45791,84.45791,3.79556,89.20014,89.35041
22-Jun-22,2.38319,8.99788,1.61571,85.67454,85.67454,3.61741,90.6187,90.7758
23-Jun-22,2.17621,9.11227,1.40323,87.43206,87.43206,3.4688,91.82595,92.00355
24-Jun-22,2.19621,9.1012,1.42034,87.29338,87.29338,3.52277,91.38933,91.57376
27-Jun-22,2.31086,9.04261,1.53338,86.36502,86.36502,3.6275,90.54777,90.73903
28-Jun-22,2.40643,8.99661,1.63259,85.56007,85.56007,3.6762,90.16079,90.35888
29-Jun-22,2.31109,9.05108,1.49616,86.67764,86.67764,3.49577,91.61367,91.81859
30-Jun-22,2.18068,9.12525,1.36448,87.77755,87.77755,3.40591,92.35151,92.57692
01-Jul-22,2.03721,9.20427,1.21345,89.04858,89.04858,3.18156,94.2122,94.44444
05-Jul-22,2.05806,9.20431,1.18531,89.29278,89.29278,3.27109,93.46784,93.71374
06-Jul-22,1.99644,9.23822,1.18967,104.83042,104.83042,3.22836,93.8248,94.07753
07-Jul-22,2.10743,9.16924,1.29188,103.83843,103.85241,3.34988,92.82266,93.09588
08-Jul-22,2.14647,9.15461,1.33,103.47173,103.49036,3.34216,92.88774,93.16779
11-Jul-22,2.06425,9.19832,1.23549,104.38004,104.40332,3.28818,93.33473,93.62162
12-Jul-22,1.94924,9.25329,1.11606,105.5407,105.56864,3.18361,94.20633,94.50005
13-Jul-22,1.95718,9.23252,1.14401,105.26614,105.29874,3.24017,93.73585,94.0364
14-Jul-22,1.99358,9.2157,1.18345,104.87822,104.92479,3.40134,92.41191,92.73295
15-Jul-22,1.9446,9.24033,1.11615,105.53258,105.58381,3.34668,92.86135,93.18922
18-Jul-22,2.01353,9.20403,1.20495,104.66721,104.7231,3.37712,92.61322,92.94792
19-Jul-22,2.06513,9.17017,1.27055,104.03323,104.09378,3.40817,92.36109,92.70262
20-Jul-22,2.04182,9.17959,1.25869,104.14625,104.21145,3.44479,92.0646,92.41296
21-Jul-22,1.99065,9.195,1.19574,104.75026,104.82944,3.54854,91.23178,91.60063
22-Jul-22,1.86443,9.27568,1.02918,106.3752,106.45903,3.41516,92.31243,92.68811
25-Jul-22,1.82011,9.29916,1.00744,106.58793,106.67642,3.39142,92.50771,92.89022
26-Jul-22,1.75332,9.33402,0.924,107.41327,107.50643,3.34969,92.85069,93.24003
27-Jul-22,1.73645,9.33909,0.91627,107.48829,107.5861,3.39312,92.49712,92.89329
28-Jul-22,1.65077,9.39463,0.79559,108.69134,108.80312,3.24799,93.69435,94.11102
29-Jul-22,1.66269,9.37958,0.81669,108.47663,108.59307,3.1461,94.5437,94.9672
01-Aug-22,1.62278,9.39487,0.76388,109.00686,109.12796,2.97992,95.94716,96.37749
02-Aug-22,1.6574,9.37465,0.78866,108.75432,108.88007,3.04931,95.35964,95.7968
03-Aug-22,1.6859,9.34727,0.87329,107.90281,108.03322,3.03748,95.46067,95.90466
04-Aug-22,1.64329,9.3706,0.80876,108.54283,108.68721,2.94819,96.22196,96.68644
05-Aug-22,1.80437,9.28647,0.94625,107.16925,107.31829,3.00166,95.76796,96.23927
08-Aug-22,1.75603,9.31039,0.89411,107.68494,107.83864,3.03319,95.50204,95.98018
09-Aug-22,1.79432,9.29067,0.93465,107.2804,107.43876,3.07604,95.14177,95.62674
10-Aug-22,1.74946,9.31414,0.88221,107.79931,107.96233,2.97643,95.98498,96.47678
11-Aug-22,1.83552,9.27757,0.98046,106.82036,106.99735,3.03251,95.51279,96.02509
12-Aug-22,1.82846,9.26926,0.99156,106.70937,106.89101,3.08351,95.08441,95.60354
15-Aug-22,1.72256,9.31835,0.89589,107.65305,107.83935,2.971,96.03562,96.56158
16-Aug-22,1.78433,9.2878,0.98006,106.819,107.00996,3.14325,94.58683,95.11962
17-Aug-22,1.88228,9.22374,1.08446,105.79562,105.99124,3.30578,93.2443,93.78392
18-Aug-22,1.8757,9.22137,1.08427,105.79294,106.00253,3.30631,93.24449,93.8046
19-Aug-22,2.04409,9.14134,1.22366,104.44645,104.66069,3.48662,91.78315,92.35009
22-Aug-22,2.12366,9.10234,1.28423,103.86712,104.08602,3.57705,91.06181,91.63558
23-Aug-22,2.16989,9.08894,1.31761,103.54917,103.77273,3.65157,90.47306,91.05366
24-Aug-22,2.24013,9.05665,1.36759,103.07586,103.30408,3.67692,90.27529,90.86272
25-Aug-22,2.18353,9.08889,1.31213,103.59729,103.83948,3.54625,91.31693,91.92485
26-Aug-22,2.26368,9.04245,1.39136,102.849,103.09585,3.67059,90.33368,90.94843
29-Aug-22,2.26474,9.04445,1.48905,101.93558,102.18709,3.78995,89.40214,90.02372
30-Aug-22,2.39338,8.97117,1.51659,101.67957,101.93574,3.83374,89.0649,89.69332
31-Aug-22,2.39707,8.96341,1.53849,101.4765,101.73732,3.88765,88.65139,89.28664
01-Sep-22,2.44849,8.95359,1.58339,101.06163,101.33643,3.97073,88.02288,88.67862
02-Sep-22,2.39943,8.97597,1.51252,101.71494,101.99439,3.82915,89.11232,89.77489
06-Sep-22,2.48,8.93158,1.5935,100.96798,101.25675,3.93808,88.27987,88.9561
07-Sep-22,2.4214,8.95484,1.56754,101.20609,101.49952,3.86162,88.86898,89.55204
08-Sep-22,2.49678,8.91492,1.70601,99.94181,100.2492,3.94377,88.24665,88.9502
09-Sep-22,2.50544,8.90923,1.70999,99.90579,100.21784,4.02276,87.64897,88.35935
12-Sep-22,2.42551,8.93775,1.63433,100.5931,100.90981,3.92465,88.39778,89.11499
13-Sep-22,2.52072,8.88523,1.72205,99.79672,100.11809,3.98473,87.94258,88.66662
14-Sep-22,2.50912,8.88102,1.69568,100.03529,100.36131,3.97843,87.9931,88.72397
15-Sep-22,2.50138,8.87863,1.7271,99.75122,100.09122,4.00964,87.76431,88.51568
16-Sep-22,2.5418,8.85617,1.77288,99.33941,99.68407,4.05769,87.40428,88.16248
19-Sep-22,2.54238,8.85566,1.77289,99.33941,99.68873,4.05805,87.40428,88.16931
20-Sep-22,2.68672,8.78812,1.93368,97.90901,98.26298,4.20363,86.31937,87.09123
21-Sep-22,2.66944,8.78323,1.8945,98.25583,98.61446,4.13314,86.84686,87.62555
22-Sep-22,2.77837,8.73272,1.98345,97.47352,97.84612,4.20024,86.35637,87.15555
23-Sep-22,2.8517,8.69422,2.0251,97.10981,97.48707,4.34211,85.3156,86.12161
26-Sep-22,2.94942,8.65317,2.0675,96.74133,97.12325,4.47129,84.38176,85.1946
27-Sep-22,3.12017,8.59779,2.21324,95.48578,95.87236,4.71373,82.65989,83.47956
28-Sep-22,3.1287,8.60993,2.15117,96.01948,96.41071,4.59393,83.51055,84.33705
29-Sep-22,3.16726,8.60555,2.19292,95.66399,96.06919,4.64883,83.13191,83.9789
30-Sep-22,3.07873,8.64384,2.11058,96.37319,96.78305,4.52867,83.99003,84.84386
03-Oct-22,2.87997,8.72864,1.89676,98.24083,98.65535,4.22769,86.18033,87.04099
04-Oct-22,2.82313,8.75465,1.86659,98.50797,98.92715,4.18062,86.5314,87.39889
05-Oct-22,2.9753,8.68524,2.01908,97.1692,97.59304,4.45196,84.5511,85.42542
06-Oct-22,3.06636,8.63766,2.08762,96.5767,97.01451,4.51229,84.12789,85.0227
07-Oct-22,3.20893,8.57277,2.19453,95.65864,96.1011,4.6967,82.82359,83.72523
11-Oct-22,3.31006,8.54476,2.30378,94.73273,95.18451,4.69441,82.847,83.7623
12-Oct-22,3.33912,8.53319,2.3555,94.29834,94.75478,4.8188,81.98265,82.90478
13-Oct-22,3.29015,8.54391,2.32478,94.56083,95.03124,4.74623,82.49897,83.44159
14-Oct-22,3.29621,8.54028,2.34494,94.39259,94.86765,4.78815,82.21069,83.16014
17-Oct-22,3.2226,8.56147,2.26959,95.02931,95.50904,4.68932,82.90476,83.86104
18-Oct-22,3.15802,8.58783,2.24797,95.21373,95.69812,4.64488,83.22109,84.1842
19-Oct-22,3.20882,8.56149,2.34573,94.39002,94.87906,4.73207,82.6128,83.58275
20-Oct-22,3.24342,8.55171,2.38354,94.07764,94.58065,4.71847,82.71901,83.70945
21-Oct-22,3.27267,8.55165,2.43877,93.61901,94.12668,4.7731,82.34187,83.33914
24-Oct-22,3.17135,8.59147,2.34214,94.42704,94.93936,4.59509,83.59428,84.59838
25-Oct-22,2.98328,8.6654,2.17012,95.88375,96.40074,4.36911,85.21551,86.22644
26-Oct-22,2.96717,8.67396,2.12113,96.30389,96.82553,4.3202,85.57369,86.59145
27-Oct-22,2.85794,8.73732,1.99357,97.407,97.94262,4.05254,87.55642,88.59467
28-Oct-22,2.94941,8.68383,2.07322,96.719,97.25927,4.28584,101.33719,101.33719
31-Oct-22,3.02046,8.65418,2.14796,96.07893,96.62386,4.46314,99.87977,99.89192
01-Nov-22,2.99263,8.66869,2.11471,96.36431,96.9139,4.41477,100.27439,100.2987
02-Nov-22,2.99627,8.66258,2.13043,96.23066,96.7849,4.46071,99.8993,99.93576
03-Nov-22,3.11891,8.60971,2.25645,95.16326,95.73147,4.57771,98.95265,99.02558
04-Nov-22,3.14413,8.59557,2.29449,94.84416,95.41704,4.62307,98.58897,98.67405
07-Nov-22,3.12135,8.60346,2.31862,94.64301,95.22055,4.62735,98.55493,98.65217
08-Nov-22,3.03996,8.62918,2.267,95.07795,95.66014,4.53621,99.28712,99.39651
09-Nov-22,2.93391,8.67424,2.17786,95.83317,96.42002,4.43839,100.08031,100.20186
10-Nov-22,2.77497,8.74831,1.98481,97.49182,98.09264,4.15976,102.3817,102.53971
14-Nov-22,2.87226,8.70147,2.1539,96.04195,96.65209,4.35489,100.76228,100.9446
15-Nov-22,2.78218,8.73384,2.08676,96.61596,97.23075,4.19334,102.09912,102.2936
16-Nov-22,2.70984,8.75942,1.99901,97.37156,97.99101,4.08796,102.9826,103.18923
17-Nov-22,2.76451,8.73567,2.02704,97.13192,97.76535,4.11837,102.72445,102.96754
18-Nov-22,2.7464,8.74019,2.0118,97.26387,97.90195,4.03584,103.42007,103.67532
21-Nov-22,2.70209,8.75619,1.98486,97.49701,98.13975,4.08193,103.02979,103.29719
22-Nov-22,2.69677,8.75732,1.98295,97.51417,98.16156,4.07664,103.07367,103.35323
23-Nov-22,2.63186,8.77241,1.91629,98.09263,98.74469,3.93896,104.24196,104.53367
25-Nov-22,2.66887,8.75938,1.97196,97.61218,98.28287,4.01954,103.55239,103.89272
28-Nov-22,2.67222,8.7618,1.97687,97.57037,98.24571,4.06754,103.14589,103.49838
29-Nov-22,2.62727,8.78934,1.90031,98.23443,98.91443,3.96455,104.01775,104.38239
30-Nov-22,2.66312,8.77229,1.93983,97.89183,98.57648,4.04037,103.37364,103.75044
01-Dec-22,2.54508,8.83026,1.81723,98.96128,99.65991,3.86285,104.88395,105.29721
02-Dec-22,2.58285,8.80561,1.86452,98.5481,99.25139,3.94082,104.21515,104.64056
05-Dec-22,2.59793,8.79557,1.88023,98.41161,99.11956,3.92949,104.31085,104.74842
06-Dec-22,2.5306,8.82605,1.79898,99.122,99.8346,3.84419,105.04108,105.4908
07-Dec-22,2.53164,8.82809,1.78246,99.26726,99.98452,3.77407,105.64575,106.10763
08-Dec-22,2.53972,8.82485,1.80635,99.05831,99.78954,3.856,104.93496,105.4333
09-Dec-22,2.61268,8.79124,1.92718,98.00705,98.74294,3.98155,103.86221,104.37271
12-Dec-22,2.60911,8.78644,1.93046,97.97918,98.71973,3.98471,103.8345,104.35715
13-Dec-22,2.59779,8.79855,1.89704,98.26896,99.01417,3.93913,104.22074,104.75555
14-Dec-22,2.58715,8.80676,1.93068,97.97827,98.72814,3.99969,103.70593,104.25289
15-Dec-22,2.71066,8.73826,2.07548,96.73904,97.50288,4.27372,101.41873,102.00216
16-Dec-22,2.83022,8.68438,2.16975,95.94198,96.71047,4.44277,100.04072,100.6363
19-Dec-22,2.83012,8.68728,2.19462,95.73385,96.507,4.5165,99.44735,100.05508
20-Dec-22,2.93039,8.64612,2.29591,94.88876,95.66656,4.61629,98.65143,99.27132
21-Dec-22,2.96934,8.629,2.3011,94.84695,95.62941,4.57414,98.98682,99.61886
22-Dec-22,3.01893,8.60719,2.35334,94.41987,95.22096,4.61034,98.69978,99.38044
23-Dec-22,3.03558,8.59413,2.38433,94.16599,94.97174,4.64929,98.39166,99.08448
27-Dec-22,3.0352,8.59397,2.38451,94.16599,94.9764,4.64933,98.39166,99.09663
28-Dec-22,3.13387,8.5599,2.50664,93.16957,93.98464,4.80066,97.20607,97.9232
29-Dec-22,3.09204,8.57669,2.46699,93.49707,94.32611,4.70153,97.98199,98.73558
30-Dec-22,3.1772,8.53726,2.55743,92.76543,93.59913,4.83364,96.95237,97.71812
03-Jan-23,2.9606,8.61972,2.38288,94.18964,95.03265,4.64922,98.39458,99.18464
04-Jan-23,2.84541,8.67218,2.26734,95.14512,95.99279,4.43701,100.08613,100.88834
05-Jan-23,2.91382,8.64157,2.30891,94.80459,95.66624,4.48595,99.69302,100.53169
06-Jan-23,2.79903,8.68831,2.1936,95.76411,96.63041,4.33901,100.87862,101.72945
09-Jan-23,2.83196,8.68104,2.22428,95.50923,96.38019,4.33664,100.89769,101.76067
10-Jan-23,2.89409,8.65446,2.29806,94.89816,95.77378,4.35202,100.77256,101.6477
11-Jan-23,2.77417,8.69949,2.20526,100.84631,100.84631,4.18329,102.15299,103.04028
