"Date","2yr x 5yr 1 Month Put ATMF BP Vol","2yr x 10yr 1 Month Put ATMF BP Vol","2yr x 30yr 1 Month Put ATMF BP Vol","5yr x 10yr 1 Month Put ATMF BP Vol","5yr x 30yr 1 Month Put ATMF BP Vol","10yr x 30yr 1 Month Put ATMF BP Vol"
09-Jan-18,1.22521,2.02917,2.46527,1.11448,1.87848,0.88882
10-Jan-18,1.25728,2.14044,2.58165,1.17609,1.96468,0.92357
11-Jan-18,1.22845,2.15907,2.62631,1.10832,2.03059,0.92074
12-Jan-18,1.27194,2.17061,2.63774,1.05717,2.06322,0.90194
16-Jan-18,1.1958,2.08872,2.5388,1.01059,1.99728,0.86816
17-Jan-18,1.17977,2.06208,2.48308,1.00159,1.95802,0.84804
18-Jan-18,1.35086,2.24968,2.68453,1.08239,2.08729,0.90212
19-Jan-18,1.50402,2.45684,2.87957,1.17909,2.25315,0.97526
22-Jan-18,1.47753,2.50328,2.93864,1.21562,2.31696,0.99165
23-Jan-18,1.46592,2.46655,2.93653,1.18882,2.28221,0.97888
24-Jan-18,1.49657,2.54408,3.01605,1.23295,2.33956,1.00115
25-Jan-18,1.47677,2.47564,2.89649,1.18196,2.25182,0.96955
26-Jan-18,1.61654,2.63822,3.02381,1.21726,2.35448,1.01685
29-Jan-18,1.6165,2.58976,2.97297,1.21555,2.32184,1.00809
30-Jan-18,1.72087,2.68766,3.08093,1.25707,2.39575,1.03303
31-Jan-18,1.75013,2.68157,3.06376,1.23369,2.394,1.06605
01-Feb-18,1.8277,2.81808,3.22985,1.30894,2.51155,1.09371
02-Feb-18,1.89845,3.21001,3.51077,1.36706,2.691,1.27925
05-Feb-18,1.88629,3.09552,3.43896,1.40018,2.66664,1.28423
06-Feb-18,2.1713,3.29487,3.86469,1.50119,2.76921,1.39447
07-Feb-18,2.03646,3.17504,3.7134,1.47228,2.6957,1.33929
08-Feb-18,2.31151,3.48489,4.04785,1.58705,2.93392,1.45621
09-Feb-18,2.20841,3.49614,4.04276,1.43919,2.82825,1.31289
12-Feb-18,2.03249,3.18998,3.65933,1.57471,2.56097,1.24964
13-Feb-18,2.05925,3.03973,3.39322,1.53801,2.43742,1.22447
14-Feb-18,1.95537,3.04666,3.33983,1.4992,2.49908,1.22158
15-Feb-18,1.89432,2.8586,3.12931,1.39451,2.38459,1.16909
16-Feb-18,1.75271,2.68583,2.93563,1.31509,2.231,1.08466
20-Feb-18,1.57999,2.4631,2.80696,1.27448,2.05828,1.06238
21-Feb-18,1.56277,2.3932,2.73357,1.20389,2.01145,0.97156
22-Feb-18,1.61249,2.42715,2.79209,1.21533,2.07959,0.97993
23-Feb-18,1.68347,2.54447,2.94115,1.2705,2.17496,1.03694
26-Feb-18,1.60698,2.49227,2.87536,1.25005,2.15572,1.02605
27-Feb-18,1.63502,2.49997,2.87379,1.2409,2.14373,1.06913
28-Feb-18,1.53952,2.41499,2.87896,1.17461,2.16631,1.05073
01-Mar-18,1.55843,2.48639,2.93519,1.22593,2.24884,1.01847
02-Mar-18,1.67032,2.60136,3.08992,1.29751,2.37243,1.0582
05-Mar-18,1.59624,2.45099,2.9106,1.16478,2.19955,1.05409
06-Mar-18,1.56376,2.51053,2.91861,1.20381,2.25991,1.06233
07-Mar-18,1.53366,2.48151,2.89224,1.19356,2.23745,1.03167
08-Mar-18,1.52572,2.47883,2.86209,1.19005,2.17546,1.02838
09-Mar-18,1.41264,2.30969,2.65928,1.11457,2.00709,0.96881
12-Mar-18,1.37572,2.24363,2.55932,1.06808,1.95005,0.948
13-Mar-18,1.31726,2.16491,2.44253,1.01335,1.8516,0.92953
14-Mar-18,1.33446,2.23988,2.52736,1.044,1.91546,0.99378
15-Mar-18,1.37696,2.24548,2.53856,1.05236,1.93131,1.01366
16-Mar-18,1.38479,2.25858,2.5543,1.05903,1.94451,1.02688
19-Mar-18,1.43498,2.3163,2.61445,1.08532,1.99387,1.04127
20-Mar-18,1.37759,2.26522,2.56373,1.06603,1.95392,1.03907
21-Mar-18,1.24777,2.0764,2.35819,0.97213,1.7807,0.99174
22-Mar-18,1.3724,2.21016,2.49608,1.06182,1.90627,1.05987
23-Mar-18,1.47755,2.28158,2.59181,1.12607,1.99825,1.10704
26-Mar-18,1.36889,2.20906,2.4896,1.05846,1.91018,1.06089
27-Mar-18,1.4404,2.29618,2.58515,1.09713,1.98337,1.06447
28-Mar-18,1.39802,2.29349,2.61686,1.06927,1.90973,1.05629
29-Mar-18,1.28975,2.18848,2.58191,1.00469,1.80371,1.01121
02-Apr-18,1.34599,2.25929,2.60881,1.06671,1.91999,1.04974
03-Apr-18,1.21934,2.13069,2.4806,1.01677,1.82204,1.02275
04-Apr-18,1.1669,2.09706,2.4706,1.00309,1.79944,0.99557
05-Apr-18,1.12668,2.05341,2.42528,0.96865,1.73904,0.97067
06-Apr-18,1.26002,2.16013,2.5048,1.00272,1.80197,0.99141
09-Apr-18,1.19309,2.07417,2.4112,0.96208,1.72859,0.96246
10-Apr-18,1.17158,2.03069,2.34552,0.9454,1.69187,0.95053
11-Apr-18,1.12315,1.96772,2.27254,0.93018,1.63954,0.92309
12-Apr-18,1.15519,1.96129,2.32103,0.95599,1.67545,0.95886
13-Apr-18,1.15,1.96543,2.30601,0.98099,1.67437,0.97168
16-Apr-18,1.11666,1.86584,2.15388,0.95884,1.57196,0.95012
17-Apr-18,1.11556,1.83327,2.10595,0.94256,1.5421,0.94983
18-Apr-18,1.15715,1.87151,2.1405,0.96547,1.56568,0.97951
19-Apr-18,1.24211,1.97514,2.2809,0.9812,1.65392,1.00774
20-Apr-18,1.30842,2.04372,2.37149,0.98158,1.70971,1.03131
23-Apr-18,1.31687,2.07987,2.39755,1.00008,1.7158,1.05959
24-Apr-18,1.34311,2.12621,2.43924,1.00122,1.73263,1.04808
25-Apr-18,1.23093,1.99768,2.37733,0.93269,1.67752,1.09345
26-Apr-18,1.29053,2.10356,2.41289,0.9669,1.69255,1.05628
27-Apr-18,1.33528,2.15968,2.59818,1.11172,1.81044,1.14188
30-Apr-18,1.24882,2.01638,2.3616,1.04238,1.69838,1.08473
01-May-18,1.3204,2.10724,2.47079,1.06354,1.73164,1.10514
02-May-18,1.22145,1.99499,2.35273,1.0232,1.66435,1.06723
03-May-18,1.26757,2.04247,2.35246,1.0479,1.66732,1.08782
04-May-18,1.22925,1.99983,2.29478,1.04001,1.66201,1.08321
07-May-18,1.1785,1.93037,2.2173,0.9965,1.59415,1.04696
08-May-18,1.20095,1.94614,2.22706,1.00049,1.59646,1.05666
09-May-18,1.22353,1.97571,2.26085,1.00069,1.60059,1.06555
10-May-18,1.17959,1.91226,2.17623,0.98752,1.56221,1.05011
11-May-18,1.13034,1.84451,2.0728,0.93989,1.46554,1.0295
14-May-18,1.11005,1.88293,2.19971,0.94813,1.53343,1.03935
15-May-18,1.34101,2.14976,2.51321,1.04984,1.64399,1.13166
16-May-18,1.34661,2.16359,2.5285,1.05884,1.69048,1.15026
17-May-18,1.3455,2.16706,2.5243,1.06163,1.63639,1.14489
18-May-18,1.38005,2.09886,2.50071,1.01465,1.6137,1.02409
21-May-18,1.31884,2.08553,2.44142,1.00371,1.5822,1.02715
22-May-18,1.28593,2.01711,2.34304,0.9732,1.56201,1.00542
23-May-18,1.26106,1.94962,2.30022,0.93766,1.45962,0.81376
24-May-18,1.22346,1.95867,2.30674,0.95792,1.55081,1.00451
25-May-18,1.29959,2.05618,2.43547,0.98747,1.59423,1.00943
29-May-18,1.62042,2.3503,2.83726,1.15316,1.85583,1.06165
30-May-18,1.42625,2.12571,2.58792,1.079,1.73582,1.08293
31-May-18,1.41675,2.06837,2.52964,1.08771,1.77472,1.08169
01-Jun-18,1.34205,1.96813,2.39745,1.03022,1.71536,1.05271
04-Jun-18,1.23691,1.83866,2.23043,0.96253,1.63094,1.00676
05-Jun-18,1.23612,1.84083,2.23835,0.95654,1.61648,0.99954
06-Jun-18,1.29891,1.92059,2.34124,0.98174,1.65565,1.03591
07-Jun-18,1.35008,1.95135,2.35226,1.00868,1.70175,1.05577
08-Jun-18,1.37661,2.03603,2.50781,1.06638,1.78008,1.09667
11-Jun-18,1.33151,1.97822,2.43474,1.04087,1.73333,1.06628
12-Jun-18,1.25682,1.99503,2.35422,1.01788,1.69964,1.04443
13-Jun-18,1.18724,1.91094,2.22197,0.99894,1.65434,1.01703
14-Jun-18,1.15759,1.90557,2.18707,1.0076,1.64724,1.00944
15-Jun-18,1.26914,2.05131,2.42005,1.03866,1.64725,1.03206
18-Jun-18,1.2074,1.92834,2.27825,1.00902,1.61974,1.00681
19-Jun-18,1.22781,1.97249,2.33436,1.02235,1.63978,1.01829
20-Jun-18,1.22967,1.94644,2.30446,1.00774,1.63207,1.01507
21-Jun-18,1.28481,2.02243,2.37762,1.04588,1.68136,1.04248
22-Jun-18,1.22741,1.94676,2.16104,1.01555,1.58056,1.01437
25-Jun-18,1.23721,1.94143,2.15699,0.99884,1.56568,1.00023
26-Jun-18,1.17893,1.85585,2.16447,0.9654,1.56767,0.97001
27-Jun-18,1.2576,1.9358,2.26934,1.03107,1.60651,1.02064
28-Jun-18,1.25608,1.8942,2.20923,1.0191,1.59363,1.0145
29-Jun-18,1.20155,1.85819,2.17733,1.01425,1.58398,1.01131
02-Jul-18,1.17589,1.83021,2.1651,0.99455,1.54988,0.96975
03-Jul-18,1.19295,1.84623,2.17462,1.00564,1.55797,0.97627
05-Jul-18,1.22573,1.87655,2.1732,1.01795,1.56325,0.97278
06-Jul-18,1.21126,1.83566,2.13853,0.99737,1.54734,0.96705
09-Jul-18,1.18796,1.77724,2.04781,0.97351,1.51576,0.94964
10-Jul-18,1.17546,1.79464,2.04745,0.97285,1.5054,0.94214
11-Jul-18,1.23309,1.82273,2.06845,0.9835,1.52316,0.95876
12-Jul-18,1.19026,1.74923,1.98034,0.95872,1.48214,0.93893
13-Jul-18,1.22471,1.77412,1.92203,0.96865,1.49846,0.94915
16-Jul-18,1.1894,1.72042,1.86389,0.9402,1.45145,0.91988
17-Jul-18,1.17617,1.68191,1.81766,0.92169,1.42437,0.9031
18-Jul-18,1.16461,1.69462,1.80287,0.91997,1.42596,0.91498
19-Jul-18,1.21113,1.73626,1.86339,0.94677,1.46361,0.936
20-Jul-18,1.22912,1.78659,1.9302,0.9607,1.51098,0.94721
23-Jul-18,1.28773,1.90015,2.1556,0.98891,1.55411,0.98968
24-Jul-18,1.24575,1.84924,2.11863,0.97439,1.53544,0.97125
25-Jul-18,1.22143,1.76655,1.95794,0.95206,1.49326,0.96717
26-Jul-18,1.21867,1.79841,1.98942,0.96956,1.52025,1.0107
27-Jul-18,1.22481,1.78522,1.9696,0.95836,1.51325,1.00205
30-Jul-18,1.17914,1.74466,1.85384,0.90424,1.46412,0.95132
31-Jul-18,1.09333,1.63384,1.78337,0.88927,1.42329,0.93287
01-Aug-18,1.10275,1.66261,1.85823,0.89491,1.46101,0.95369
02-Aug-18,1.118,1.64873,1.82723,0.90026,1.4587,0.87921
03-Aug-18,1.14426,1.65975,1.83586,0.89489,1.45302,0.8525
06-Aug-18,1.16915,1.63976,1.82134,0.88249,1.40323,0.83873
07-Aug-18,1.16684,1.53698,1.75906,0.89498,1.41133,0.84912
08-Aug-18,1.14792,1.45921,1.63321,0.88024,1.37341,0.83503
09-Aug-18,1.14634,1.51729,1.67663,0.88666,1.41483,0.83142
10-Aug-18,1.23975,1.6299,1.79259,0.95358,1.48991,0.87606
13-Aug-18,1.23378,1.60186,1.7459,0.94783,1.46596,0.86613
14-Aug-18,1.19374,1.70056,1.80656,0.92841,1.43934,0.8509
15-Aug-18,1.25676,1.64246,1.74006,0.96207,1.48552,0.86268
16-Aug-18,1.22443,1.60193,1.71515,0.95383,1.47227,0.87235
17-Aug-18,1.22182,1.59954,1.70237,0.9538,1.47893,0.89469
20-Aug-18,1.23192,1.6915,1.87959,0.9568,1.49585,0.87857
21-Aug-18,1.21874,1.65537,1.83802,0.93921,1.47747,0.86446
22-Aug-18,1.21041,1.68055,1.95404,0.92527,1.51517,0.8413
23-Aug-18,1.22313,1.62681,1.82978,0.93059,1.49291,0.84894
24-Aug-18,1.24209,1.62267,1.83456,0.94034,1.49137,0.84509
27-Aug-18,1.2124,1.59863,1.82426,0.9374,1.47013,0.84757
28-Aug-18,1.20089,1.62603,1.74089,0.94847,1.4362,0.85526
29-Aug-18,1.22446,1.6237,1.80743,0.95279,1.45057,0.8691
30-Aug-18,1.26347,1.62718,1.81489,0.90403,1.48709,0.86309
31-Aug-18,1.21988,1.63902,1.79646,0.86756,1.48228,0.83679
04-Sep-18,1.19496,1.6075,1.74231,0.85521,1.44495,0.82141
05-Sep-18,1.18036,1.515,1.62872,0.82844,1.418,0.79665
06-Sep-18,1.21542,1.53221,1.67922,0.835,1.43078,0.77153
07-Sep-18,1.14798,1.51509,1.62325,0.82341,1.42023,0.7952
10-Sep-18,1.15087,1.55431,1.70782,0.84731,1.37306,0.82856
11-Sep-18,1.16335,1.59282,1.70208,0.85507,1.38755,0.8649
12-Sep-18,1.1358,1.55912,1.66438,0.84593,1.34163,0.84871
13-Sep-18,1.12454,1.54809,1.64508,0.81795,1.31338,0.84983
14-Sep-18,1.16593,1.6215,1.70328,0.86409,1.36301,0.89006
17-Sep-18,0.98978,1.34651,1.46655,0.70635,1.22866,0.72244
18-Sep-18,1.0478,1.46045,1.52489,0.78351,1.34012,0.81131
19-Sep-18,1.07826,1.46758,1.52485,0.7675,1.35256,0.80137
20-Sep-18,1.08187,1.50768,1.56777,0.79962,1.37209,0.83258
21-Sep-18,1.08904,1.53193,1.59238,0.80748,1.37544,0.84672
24-Sep-18,1.04158,1.47773,1.57271,0.79155,1.34119,0.8343
25-Sep-18,1.08524,1.51333,1.6367,0.81251,1.36116,0.84394
26-Sep-18,1.10305,1.53216,1.62762,0.80431,1.30701,0.82069
27-Sep-18,1.08583,1.49883,1.6085,0.77057,1.28222,0.79807
28-Sep-18,1.06624,1.48631,1.57326,0.75345,1.31033,0.79449
01-Oct-18,1.03831,1.42207,1.47179,0.72179,1.26864,0.74138
02-Oct-18,1.09473,1.46515,1.52636,0.75118,1.29157,0.75234
03-Oct-18,1.15299,1.49951,1.6855,0.76693,1.40016,0.80249
04-Oct-18,1.39012,1.80263,2.04068,0.85458,1.53853,0.9206
05-Oct-18,1.22968,1.38874,1.68226,0.70786,1.40221,0.73934
09-Oct-18,1.15297,1.31011,1.55155,0.72075,1.34032,0.74607
10-Oct-18,1.01756,1.13514,1.3907,0.60034,1.20343,0.48968
11-Oct-18,1.19969,1.58699,1.65501,0.76806,1.39792,0.74183
12-Oct-18,1.15321,1.51568,1.56834,0.74488,1.3831,0.69601
15-Oct-18,1.12764,1.48718,1.40976,0.7152,1.31831,0.66421
16-Oct-18,1.07839,1.43578,1.36389,0.6954,1.28622,0.63804
17-Oct-18,1.04166,1.39351,1.45673,0.68174,1.28979,0.6562
18-Oct-18,1.12907,1.53208,1.5682,0.73818,1.36507,0.67177
19-Oct-18,1.13033,1.53393,1.57476,0.73567,1.36163,0.89029
22-Oct-18,1.06885,1.48654,1.41381,0.73157,1.3426,1.02024
23-Oct-18,1.10081,1.51481,1.36222,0.74129,1.34767,0.88155
24-Oct-18,1.32135,1.73548,1.62732,0.75774,1.3583,0.87113
25-Oct-18,1.29686,1.68714,1.57598,0.74659,1.3667,0.86179
26-Oct-18,1.44433,1.73171,1.5819,0.79632,1.39027,0.88307
29-Oct-18,1.32519,1.9007,1.90448,0.76381,1.34477,0.84861
30-Oct-18,1.36731,1.78424,1.74279,0.76957,1.35338,0.87706
31-Oct-18,1.34893,1.73951,1.84215,0.7401,1.27478,0.83444
01-Nov-18,1.30669,1.72435,1.80517,0.72539,1.2589,0.81989
02-Nov-18,1.33478,1.61584,1.62803,0.75138,1.24993,0.86521
05-Nov-18,1.2833,1.44496,1.20714,0.73637,1.2415,0.8663
06-Nov-18,1.26908,1.55097,1.41522,0.72026,1.35278,0.87509
07-Nov-18,1.21732,1.53022,1.376,0.68709,1.27248,0.79651
08-Nov-18,1.20625,1.50316,1.42046,0.68206,1.29485,0.79536
09-Nov-18,1.2353,1.54266,1.46207,0.70673,1.32873,0.81097
13-Nov-18,1.23354,1.55944,1.43492,0.66759,1.22981,0.76853
14-Nov-18,1.1957,1.64283,1.37075,0.6695,1.19079,0.7492
15-Nov-18,1.24834,1.48509,1.2455,0.63063,1.04885,0.69619
16-Nov-18,1.28587,1.50667,1.30126,0.68956,1.08546,0.73209
19-Nov-18,1.20627,1.43389,1.37844,0.73536,1.09621,0.75235
20-Nov-18,1.22317,1.45641,1.23673,0.73224,1.06854,0.76343
21-Nov-18,0.953,1.38766,1.51881,0.71166,1.12388,0.70501
23-Nov-18,1.13251,1.55678,1.80621,0.79256,1.22317,0.75935
26-Nov-18,0.96686,1.42248,1.553,0.7087,1.1635,0.6818
27-Nov-18,0.96055,1.41807,1.49143,0.68877,1.10411,0.66777
28-Nov-18,0.94311,1.41625,1.47208,0.66798,1.04296,0.66254
29-Nov-18,0.94496,1.41072,1.4658,0.67074,1.05459,0.65952
30-Nov-18,0.97743,1.44042,1.59015,0.69879,1.11825,0.66988
03-Dec-18,0.96697,1.33857,1.58282,0.69106,1.09752,0.65368
04-Dec-18,1.0289,1.43296,1.69714,0.74912,1.11002,0.71685
06-Dec-18,1.10356,1.59044,1.90316,0.78761,1.19698,0.75464
07-Dec-18,1.14525,1.6303,1.97312,0.78092,1.16442,0.75954
10-Dec-18,1.2187,1.62051,1.903,0.77589,1.15147,0.74695
11-Dec-18,1.17848,1.72535,1.99893,0.76829,1.16639,0.73515
12-Dec-18,1.15376,1.7133,1.98811,0.75824,1.16482,0.72331
13-Dec-18,1.12001,1.67297,1.93515,0.72354,1.25794,0.69111
14-Dec-18,1.14602,1.71824,1.98031,0.74408,1.28347,0.70316
17-Dec-18,1.11769,1.66738,1.98454,0.72411,1.22378,0.68454
18-Dec-18,1.14943,1.77164,2.14609,0.78288,1.2873,0.78073
19-Dec-18,1.12293,1.6693,2.08549,0.74786,1.21601,0.76918
20-Dec-18,1.31511,2.04491,2.3768,0.8464,1.44752,0.83421
21-Dec-18,1.38395,2.05905,2.31115,0.89044,1.4074,0.87464
24-Dec-18,1.46947,2.22846,2.49076,0.97049,1.60066,0.92322
26-Dec-18,1.46849,2.2962,2.43295,0.97382,1.5476,0.89343
27-Dec-18,1.56565,2.24358,2.53146,1.05626,1.87493,0.96194
28-Dec-18,1.52363,2.18015,2.28385,1.05671,1.91449,0.93693
31-Dec-18,1.51459,2.06068,2.35179,1.05645,1.91674,0.93184
02-Jan-19,1.44678,2.15961,2.38782,0.97336,1.7884,0.88245
03-Jan-19,1.50448,2.26708,2.5151,1.06057,2.07057,0.93041
04-Jan-19,1.52714,2.34348,2.31927,1.20359,1.85229,1.03813
07-Jan-19,1.40897,2.03157,2.24098,1.00796,1.59822,0.91861
08-Jan-19,1.39444,1.91499,2.44244,0.97832,1.40605,0.88257
09-Jan-19,1.33742,1.82255,2.18653,1.02246,1.51979,0.97929
10-Jan-19,1.33482,1.83425,2.14965,0.97158,1.51473,0.92277
11-Jan-19,1.315,1.81407,2.14298,0.9502,1.53739,0.92872
14-Jan-19,1.29067,1.78603,2.1134,0.94895,1.55785,0.90594
15-Jan-19,1.25204,1.74744,2.05731,0.93493,1.52243,0.87833
16-Jan-19,1.25555,1.75654,2.0466,0.94056,1.50107,0.87269
17-Jan-19,1.29502,1.77946,2.05619,0.96275,1.46735,0.914
18-Jan-19,1.33705,1.77476,2.06043,0.97183,1.44824,0.92375
22-Jan-19,1.19696,1.7791,2.09864,0.96415,1.4821,0.93631
23-Jan-19,1.20279,1.68416,1.93667,0.94692,1.42403,0.89732
24-Jan-19,1.23547,1.67905,1.94675,0.97394,1.51058,0.90878
25-Jan-19,1.214,1.64672,1.85788,0.9298,1.41602,0.88179
28-Jan-19,1.14545,1.53643,1.7335,0.89764,1.32022,0.85358
29-Jan-19,1.12189,1.50958,1.73579,0.89677,1.33466,0.85522
30-Jan-19,1.09857,1.5813,1.74092,0.87797,1.4858,0.85263
31-Jan-19,1.10548,1.6605,1.86322,0.89515,1.60724,0.85167
01-Feb-19,1.10536,1.57316,1.71034,0.8541,1.40087,0.84319
04-Feb-19,1.10673,1.58077,1.70914,0.85147,1.39436,0.83786
05-Feb-19,1.09814,1.56769,1.70584,0.84731,1.38075,0.83458
06-Feb-19,1.07711,1.49732,1.63255,0.84457,1.34045,0.84146
07-Feb-19,1.1094,1.42185,1.61674,0.84326,1.36207,0.8321
08-Feb-19,1.11283,1.51559,1.68518,0.85432,1.43697,0.84847
11-Feb-19,1.07796,1.4263,1.5993,0.83005,1.3202,0.82782
12-Feb-19,1.10913,1.45883,1.64613,0.85078,1.36082,0.83379
13-Feb-19,1.04457,1.41031,1.52923,0.74464,1.25235,0.7932
14-Feb-19,1.01647,1.211,1.45099,0.67328,1.18876,0.63802
15-Feb-19,1.02039,1.28688,1.44973,0.70564,1.18794,0.71366
19-Feb-19,0.97799,1.25999,1.43926,0.69805,1.23141,0.69766
20-Feb-19,0.9675,1.26964,1.45826,0.69835,1.24806,0.69045
21-Feb-19,1.03756,1.34958,1.57456,0.74409,1.35184,0.72925
22-Feb-19,1.01506,1.37984,1.62903,0.75523,1.37615,0.78224
25-Feb-19,1.00199,1.37005,1.60862,0.74424,1.35327,0.77189
26-Feb-19,0.98663,1.35769,1.61476,0.74294,1.35848,0.81178
27-Feb-19,0.98257,1.39742,1.73294,0.75994,1.37601,0.86969
28-Feb-19,0.95566,1.38803,1.71226,0.74536,1.38295,0.82127
01-Mar-19,1.01725,1.40406,1.80215,0.77413,1.39835,0.8427
04-Mar-19,0.97095,1.39388,1.7219,0.75299,1.35101,0.82522
05-Mar-19,0.92476,1.35033,1.63338,0.73414,1.32139,0.80875
06-Mar-19,0.9199,1.34519,1.62036,0.72765,1.3082,0.80352
07-Mar-19,0.92583,1.34001,1.61402,0.72947,1.32299,0.80084
08-Mar-19,0.91017,1.34069,1.58044,0.72226,1.30618,0.79834
11-Mar-19,0.89844,1.28028,1.55159,0.70795,1.28452,0.77961
12-Mar-19,0.87726,1.25964,1.5098,0.69692,1.26832,0.77289
13-Mar-19,0.91637,1.32155,1.56525,0.71414,1.2932,0.78384
14-Mar-19,0.90916,1.33542,1.63889,0.7152,1.27831,0.77106
15-Mar-19,0.93285,1.35987,1.61545,0.7314,1.31903,0.79858
18-Mar-19,0.90328,1.32779,1.55311,0.71329,1.30735,0.77931
19-Mar-19,0.88376,1.31313,1.53345,0.69963,1.28097,0.76285
20-Mar-19,0.84491,1.31418,1.52858,0.63337,1.22567,0.7329
21-Mar-19,0.92503,1.38166,1.59845,0.66732,1.3085,0.76324
22-Mar-19,1.12781,1.6241,1.90827,0.78893,1.54949,0.89486
25-Mar-19,1.15613,1.66969,2.11989,0.84798,1.66026,0.97081
26-Mar-19,1.05708,1.58344,2.01442,0.80271,1.4947,0.91461
27-Mar-19,1.11194,1.73918,2.22793,0.87531,1.70172,1.00787
28-Mar-19,1.02307,1.55404,1.93597,0.81527,1.5744,0.94655
29-Mar-19,1.05389,1.5348,1.93726,0.82936,1.64496,0.98156
01-Apr-19,1.00522,1.45411,1.86352,0.8054,1.56174,0.89065
02-Apr-19,1.0019,1.49638,1.97546,0.88769,1.57947,0.92757
03-Apr-19,0.99018,1.49595,1.94579,0.83409,1.56455,0.91682
04-Apr-19,0.96807,1.44093,1.70416,0.8339,1.56328,0.8845
05-Apr-19,0.91942,1.27803,1.57389,0.78582,1.47482,0.84169
08-Apr-19,0.9026,1.25697,1.54681,0.76971,1.43891,0.81595
09-Apr-19,0.91242,1.36007,1.6135,0.7852,1.45892,0.82941
10-Apr-19,0.89354,1.34024,1.6205,0.77978,1.43081,0.82575
11-Apr-19,0.88051,1.29732,1.54731,0.74841,1.37009,0.79545
12-Apr-19,0.91861,1.37491,1.63521,0.78643,1.45796,0.81649
15-Apr-19,0.90627,1.34589,1.59786,0.76828,1.42491,0.79678
16-Apr-19,0.96036,1.39163,1.6298,0.78764,1.46314,0.81616
17-Apr-19,0.9498,1.3992,1.66354,0.78384,1.44912,0.81998
18-Apr-19,0.95906,1.40624,1.67314,0.79544,1.47029,0.82752
22-Apr-19,0.92095,1.40283,1.739,0.78062,1.43024,0.81884
23-Apr-19,0.9445,1.42405,1.7675,0.7959,1.45041,0.83171
24-Apr-19,0.95814,1.43892,1.78874,0.80768,1.54573,0.84076
25-Apr-19,0.93513,1.41469,1.7573,0.7926,1.4817,0.82392
26-Apr-19,0.93365,1.43162,1.821,0.80857,1.50344,0.82328
29-Apr-19,0.89709,1.37237,1.75533,0.77774,1.45111,0.79841
30-Apr-19,0.91172,1.40576,1.81313,0.79023,1.48723,0.81946
01-May-19,0.88556,1.32028,1.64085,0.75148,1.40044,0.76775
02-May-19,0.90159,1.31577,1.55842,0.73981,1.40421,0.77107
03-May-19,0.92151,1.30197,1.46405,0.728,1.38574,0.76839
06-May-19,0.97531,1.37096,1.58791,0.78232,1.4878,0.81864
07-May-19,1.01647,1.45991,1.72745,0.85383,1.62062,0.8824
08-May-19,0.98678,1.43314,1.70455,0.82093,1.55978,0.85548
09-May-19,1.04189,1.52535,1.84938,0.88116,1.66609,0.90223
10-May-19,0.99131,1.50435,1.8356,0.84649,1.61541,0.90482
13-May-19,1.04835,1.64167,2.11527,0.93006,1.75931,0.9633
14-May-19,1.0409,1.40299,1.95576,0.92952,1.69041,0.94855
15-May-19,1.0597,1.57137,2.11665,0.94534,1.76784,0.99088
16-May-19,1.05845,1.57668,2.11005,0.94276,1.75999,0.98866
17-May-19,1.06142,1.58571,2.11748,0.94937,1.77198,0.99162
20-May-19,1.05519,1.57911,2.10787,0.94822,1.78428,0.99878
21-May-19,1.02598,1.5173,1.99906,0.92246,1.73937,0.97301
22-May-19,1.01391,1.49174,1.97081,0.91148,1.7163,0.96741
23-May-19,1.11895,1.68495,2.26981,1.02151,1.92203,1.0667
24-May-19,1.06405,1.56042,2.16883,0.9163,1.79359,1.01807
28-May-19,1.08766,1.61097,2.25088,0.96231,1.87589,1.04191
29-May-19,1.13237,1.69454,2.36824,1.0363,1.94048,1.06081
30-May-19,1.06584,1.53726,2.2177,0.96028,1.7916,1.00146
31-May-19,1.23029,1.84124,2.69891,1.1058,2.0727,1.12017
03-Jun-19,1.29018,1.99843,2.98642,1.22262,2.29365,1.13159
04-Jun-19,1.45673,2.28437,3.2389,1.38482,2.49401,1.22519
05-Jun-19,1.53632,2.47465,3.44404,1.41265,2.58169,1.24488
06-Jun-19,1.69504,2.70739,3.45302,1.58499,2.72301,1.34866
07-Jun-19,1.47565,2.56,3.25378,1.48289,2.57192,1.25461
10-Jun-19,1.37693,2.37764,2.99629,1.37079,2.39897,1.13818
11-Jun-19,1.35399,2.3375,3.07532,1.37211,2.52822,1.16206
12-Jun-19,1.476,2.72437,3.48414,1.48718,2.69245,1.24186
13-Jun-19,1.73858,3.13961,4.04398,1.78507,3.13167,1.38635
14-Jun-19,1.82868,3.11802,4.0837,1.79971,3.07034,1.44275
17-Jun-19,2.06637,3.38771,4.25802,1.96335,3.28274,1.60204
18-Jun-19,2.05641,3.46564,4.22414,1.94439,3.29277,1.6684
19-Jun-19,2.2497,3.9594,4.63051,1.97498,3.42226,1.67435
20-Jun-19,1.97051,3.44301,4.31037,1.83013,3.18779,1.53543
21-Jun-19,1.73671,3.36571,3.90165,1.67259,2.93306,1.40842
24-Jun-19,1.90071,3.43141,4.32232,1.77403,3.14591,1.47349
25-Jun-19,1.85572,2.93525,3.86489,1.73755,3.09906,1.46622
26-Jun-19,1.4977,2.78148,3.05769,1.46,2.60551,1.05637
27-Jun-19,1.52208,2.62372,3.42604,1.52073,2.69589,1.26017
28-Jun-19,1.44709,2.47683,3.27775,1.37304,2.62641,1.25856
01-Jul-19,1.38477,2.2311,3.05647,1.11442,2.2672,1.13267
02-Jul-19,1.45029,2.34981,3.20604,1.19553,2.43399,1.17634
03-Jul-19,1.44444,2.32209,3.13607,1.1331,2.34569,1.17221
05-Jul-19,1.38383,2.21176,2.94825,1.0671,2.18765,1.12151
08-Jul-19,1.30739,2.0807,2.79825,1.03258,2.09239,1.08512
09-Jul-19,1.29726,2.06002,2.74799,1.02276,1.97897,1.07953
10-Jul-19,1.28085,2.03575,2.82843,1.00689,2.04262,1.0683
11-Jul-19,1.31727,2.22299,2.97712,1.06314,2.16945,1.13725
12-Jul-19,1.31705,2.16997,2.93299,1.0783,2.18185,1.13865
15-Jul-19,1.44366,2.21153,3.0049,1.1652,2.29152,1.19172
16-Jul-19,1.42912,2.19209,2.973,1.14294,2.2508,1.18366
17-Jul-19,1.57608,2.36902,3.10752,1.0978,2.22526,1.17674
18-Jul-19,1.60522,2.42864,3.22285,1.11108,2.28729,1.18788
19-Jul-19,1.6075,2.43091,3.2117,1.10593,2.26868,1.18454
22-Jul-19,1.5509,2.33714,3.08193,1.08356,2.22171,1.15949
23-Jul-19,1.54794,2.34229,3.08774,1.06574,2.2016,1.15709
24-Jul-19,1.54841,2.33533,3.06071,1.13825,2.2386,1.19921
25-Jul-19,1.60393,2.32775,3.04197,1.15135,2.2686,1.18693
26-Jul-19,1.53989,2.31438,3.00957,1.14676,2.25519,1.18121
29-Jul-19,1.4872,2.28813,2.98968,1.08872,2.17329,1.15796
30-Jul-19,1.40137,2.28789,3.02552,1.08954,2.15872,1.14998
31-Jul-19,1.38526,2.08008,2.70083,1.02783,2.00253,1.11442
01-Aug-19,1.62076,2.45879,3.25103,1.21029,2.43765,1.29082
02-Aug-19,1.66239,2.50807,3.30081,1.23343,2.44538,1.31968
05-Aug-19,1.92432,2.93249,3.89289,1.43943,2.85516,1.49026
06-Aug-19,1.60814,2.58096,3.37032,1.09907,2.22842,1.17286
07-Aug-19,1.65644,2.73061,3.53121,1.19448,2.43999,1.33727
08-Aug-19,1.66457,2.73612,3.47926,1.21126,2.42123,1.32509
09-Aug-19,1.58691,2.62018,3.33146,1.13309,2.32441,1.32042
12-Aug-19,1.66194,2.69492,3.40043,1.17425,2.37154,1.35863
13-Aug-19,1.57994,2.74144,3.37206,1.08945,2.27504,1.32332
14-Aug-19,1.71396,3.20496,3.87281,1.17292,2.63773,1.46378
15-Aug-19,1.9138,3.34174,4.34093,1.45712,3.01974,1.6506
16-Aug-19,1.869,3.28461,4.29086,1.44408,3.01699,1.63763
19-Aug-19,1.81344,3.19247,4.22265,1.40274,3.00001,1.60109
20-Aug-19,1.82906,3.21524,4.24835,1.41142,3.01527,1.61571
21-Aug-19,1.72756,2.9266,3.79112,1.28356,2.69592,1.48504
22-Aug-19,1.67339,2.92505,4.04466,1.26728,2.69146,1.46345
23-Aug-19,1.94171,3.19274,4.35827,1.37656,2.75539,1.56645
26-Aug-19,1.83538,2.99452,3.7966,1.34702,2.58441,1.53873
27-Aug-19,1.85523,2.98741,3.9224,1.3481,2.70803,1.53943
28-Aug-19,1.87592,3.04373,3.98087,1.3565,2.75935,1.59767
29-Aug-19,1.75265,2.96789,3.84326,1.30312,2.62062,1.54169
30-Aug-19,1.77289,3.14853,4.23001,1.31179,2.65045,1.54441
03-Sep-19,1.71656,2.9508,3.95142,1.2725,2.61031,1.50713
04-Sep-19,1.71073,2.93654,3.89543,1.2441,2.56869,1.42802
05-Sep-19,1.619,2.71875,3.60541,1.21788,2.59953,1.39621
06-Sep-19,1.60531,2.68802,3.5365,1.16326,2.42533,1.29401
09-Sep-19,1.53875,2.49993,3.45015,1.10965,2.25301,1.24552
10-Sep-19,1.54357,2.50905,3.46737,1.11506,2.2499,1.24917
11-Sep-19,1.52575,2.49824,3.46862,1.12537,2.26244,1.25202
12-Sep-19,1.49871,2.44318,3.39955,1.11919,2.2471,1.2554
13-Sep-19,1.65698,2.71847,3.80772,1.24744,2.52722,1.3893
16-Sep-19,1.51828,2.52812,3.50565,1.14144,2.31643,1.28571
17-Sep-19,1.49576,2.51691,3.4862,1.12796,2.30612,1.2901
18-Sep-19,1.42778,2.27086,3.29724,1.07327,2.12515,1.18625
19-Sep-19,1.37593,2.26782,3.20233,1.04238,2.0469,1.16203
20-Sep-19,1.40546,2.32537,3.27314,1.06851,2.05176,1.18702
23-Sep-19,1.36266,2.2124,3.13149,1.04193,1.91218,1.09405
24-Sep-19,1.20661,2.16616,3.12536,1.06444,1.95447,1.04883
25-Sep-19,1.12391,2.21075,2.89583,1.03181,1.85013,1.01306
26-Sep-19,1.13129,2.22245,2.74572,1.04118,1.7925,1.01707
27-Sep-19,1.11967,1.92329,2.10548,0.98476,1.75361,0.93465
30-Sep-19,1.16535,2.08095,2.61556,1.04879,1.69485,0.99833
01-Oct-19,1.21275,2.13057,2.61495,1.02488,1.93759,0.97653
02-Oct-19,1.24861,1.94627,2.57905,1.0536,2.03512,0.99539
03-Oct-19,1.26491,2.21542,2.87075,1.08797,2.0915,0.98322
04-Oct-19,1.3248,2.31959,3.02523,1.14778,2.18298,1.09068
07-Oct-19,1.27476,2.21342,2.87675,1.10708,2.079,1.05642
08-Oct-19,1.26784,2.15104,2.79494,1.10757,2.09511,1.06232
09-Oct-19,1.29389,2.05379,2.71948,1.01036,1.9337,0.98348
10-Oct-19,1.32371,2.08516,2.74771,1.02764,1.97754,1.01932
11-Oct-19,1.31876,2.0854,2.68218,1.05108,1.96051,1.0518
15-Oct-19,1.27607,2.02371,2.59623,1.01886,1.89204,1.01975
16-Oct-19,1.27415,2.04064,2.66487,1.02144,1.96224,1.02139
17-Oct-19,1.2719,2.02885,2.64472,1.01936,1.96775,1.03
18-Oct-19,1.28567,2.11606,2.81514,1.04596,2.02268,1.04322
21-Oct-19,1.25361,2.07885,2.76452,1.02168,1.97629,1.02319
22-Oct-19,1.23353,2.02507,2.66176,0.9976,1.92422,1.00396
23-Oct-19,1.19771,1.97058,2.59804,0.95882,1.85454,0.9671
24-Oct-19,1.14929,1.86669,2.44849,0.91364,1.76678,0.92698
25-Oct-19,1.12484,1.80445,2.34884,0.88723,1.71754,0.90223
28-Oct-19,1.11116,1.79641,2.34848,0.88413,1.69475,0.89603
29-Oct-19,1.10864,1.77272,2.29231,0.87067,1.6785,0.89068
30-Oct-19,1.09685,1.72942,2.18773,0.81404,1.57707,0.84663
31-Oct-19,1.13495,1.7903,2.28111,0.85608,1.65559,0.88293
01-Nov-19,1.03777,1.57614,1.92966,0.78076,1.55864,0.80658
04-Nov-19,1.0257,1.57836,2.01512,0.77091,1.54546,0.784
05-Nov-19,1.11536,1.77142,2.23133,0.81833,1.63801,0.82075
06-Nov-19,1.10943,1.72406,2.15211,0.82857,1.63683,0.83714
07-Nov-19,1.16099,1.88415,2.32327,0.92524,1.8066,0.93374
08-Nov-19,1.1048,1.84567,2.35682,0.92215,1.77962,0.90705
12-Nov-19,1.2347,1.92402,2.36433,0.9191,1.79186,0.92456
13-Nov-19,1.0625,1.78384,2.26139,0.87773,1.63536,0.87955
14-Nov-19,1.0879,1.72788,2.243,0.84336,1.61442,0.84784
15-Nov-19,1.07415,1.68987,2.16192,0.82343,1.58139,0.83656
18-Nov-19,1.09961,1.75438,2.1978,0.81198,1.6072,0.82233
19-Nov-19,1.09972,1.76278,2.18018,0.81162,1.60875,0.82608
20-Nov-19,1.13589,1.91307,2.3946,0.84435,1.73507,0.86787
21-Nov-19,1.21424,1.83008,2.24517,0.82031,1.63946,0.83999
22-Nov-19,1.26853,1.85483,2.28064,0.88229,1.72906,0.89883
25-Nov-19,1.3165,1.82439,2.08218,0.79738,1.69871,0.81496
26-Nov-19,1.28042,1.7714,2.06851,0.79058,1.63342,0.81034
27-Nov-19,1.25135,1.72969,1.97882,0.75653,1.55397,0.78398
29-Nov-19,1.2439,1.7372,2.01253,0.75965,1.56119,0.77739
02-Dec-19,1.23254,1.73227,2.0671,0.78589,1.57482,0.79193
03-Dec-19,1.25413,1.85035,2.2263,0.84674,1.7007,0.85977
04-Dec-19,1.25325,1.84612,2.21753,0.84228,1.68607,0.85684
05-Dec-19,1.38072,1.91011,2.31632,0.87624,1.63561,0.88953
06-Dec-19,1.40499,1.94752,2.36188,0.88806,1.65392,0.90109
09-Dec-19,1.43292,1.96767,2.36816,0.88941,1.64054,0.90937
10-Dec-19,1.41388,1.99384,2.48505,0.87263,1.60591,0.90254
11-Dec-19,1.39894,1.98107,2.24448,0.85448,1.57398,0.87788
12-Dec-19,1.41638,2.07763,2.43034,0.87525,1.59799,0.88541
13-Dec-19,1.27052,1.94141,2.21315,0.81831,1.4692,0.81964
16-Dec-19,1.30823,1.98536,2.21557,0.83092,1.50492,0.82986
17-Dec-19,1.29315,2.05114,2.26664,0.85084,1.49327,0.83622
18-Dec-19,1.30828,2.0956,2.3568,0.87583,1.51405,0.83735
19-Dec-19,1.32798,2.11321,2.37284,0.88053,1.51877,0.84251
20-Dec-19,1.33496,2.06294,2.27861,0.8633,1.50679,0.8442
23-Dec-19,1.3545,2.09492,2.29912,0.87332,1.53706,0.86019
24-Dec-19,1.42418,2.17608,2.38072,0.89816,1.59156,0.88942
26-Dec-19,1.45365,2.28726,2.3805,0.91895,1.62117,0.91672
27-Dec-19,1.40624,2.20667,2.31916,0.88996,1.57301,0.88685
30-Dec-19,1.45577,2.26477,2.44883,0.90607,1.62729,0.9052
31-Dec-19,1.47716,2.31779,2.51633,0.91885,1.60967,0.8893
02-Jan-20,1.45724,2.17839,2.4115,0.89709,1.57212,0.87348
03-Jan-20,1.47541,2.19931,2.45484,0.91781,1.66612,0.91613
06-Jan-20,1.30124,2.08573,2.33323,0.91332,1.541,0.90792
07-Jan-20,1.33397,1.98754,2.28294,0.89894,1.49628,0.90461
08-Jan-20,1.32526,1.90081,2.2314,0.89289,1.46928,0.89158
09-Jan-20,1.31011,1.81703,2.11787,0.86699,1.41145,0.86241
10-Jan-20,1.16751,1.67788,1.93851,0.81047,1.32591,0.79577
13-Jan-20,1.17911,1.65589,1.90464,0.78636,1.27144,0.77253
14-Jan-20,1.16578,1.66954,1.92257,0.76258,1.25159,0.75274
15-Jan-20,1.14961,1.68661,1.92772,0.77065,1.28899,0.76031
16-Jan-20,1.18329,1.70286,1.93982,0.76627,1.29716,0.75646
17-Jan-20,1.32175,1.78673,2.07905,0.78811,1.28695,0.77009
21-Jan-20,1.29939,1.79354,2.10093,0.7856,1.2855,0.77058
22-Jan-20,1.31556,1.78005,2.0783,0.77469,1.295,0.76337
23-Jan-20,1.20517,1.8191,2.13646,0.79992,1.38295,0.8019
24-Jan-20,1.30356,1.94026,2.26367,0.8493,1.46715,0.85412
27-Jan-20,1.28013,1.97234,2.27553,0.91559,1.49251,0.93029
28-Jan-20,1.30762,1.97748,2.27028,0.90849,1.46612,0.91696
29-Jan-20,1.41786,2.12451,2.56673,0.94896,1.64361,0.96079
30-Jan-20,1.41457,2.00167,2.38973,0.98631,1.52272,1.00606
31-Jan-20,1.33722,1.94339,2.14538,1.05511,1.33766,1.07647
03-Feb-20,1.24205,1.77096,2.16988,0.998,1.42378,0.97933
04-Feb-20,1.19061,1.75026,2.04884,0.94731,1.29596,0.92932
05-Feb-20,1.11827,1.64879,1.94948,0.89238,1.18859,0.87014
06-Feb-20,1.06777,1.60289,1.88229,0.86478,1.19656,0.84031
07-Feb-20,1.20301,1.68417,1.91896,0.93082,1.29562,0.89939
10-Feb-20,1.16814,1.66509,1.93769,0.9497,1.29927,0.92047
11-Feb-20,1.12402,1.533,1.83091,0.75552,1.18977,0.70946
12-Feb-20,1.09881,1.50224,1.8183,0.73433,1.14613,0.68569
13-Feb-20,1.10408,1.52691,1.8202,0.73827,1.17167,0.69026
14-Feb-20,1.09244,1.52129,1.82643,0.74643,1.19012,0.69818
18-Feb-20,1.07449,1.49148,1.77062,0.73786,1.17706,0.70256
19-Feb-20,1.09146,1.49303,1.72681,0.74147,1.17073,0.71753
20-Feb-20,1.16484,1.91454,2.23978,0.94642,1.74154,0.92855
21-Feb-20,1.24411,2.0475,2.42324,1.01648,1.82463,0.99767
24-Feb-20,1.38571,2.11408,2.64288,0.96347,1.70925,0.95568
25-Feb-20,1.37985,1.95213,2.55461,0.7706,N/A,0.75766
26-Feb-20,1.39268,2.291,3.03434,0.98324,1.8191,0.95783
27-Feb-20,1.9044,3.04185,3.63839,1.22538,2.27742,1.15025
28-Feb-20,1.91081,3.06435,4.04061,1.31237,2.40706,1.21207
02-Mar-20,1.83828,2.92667,3.85084,1.31295,2.32722,1.24621
03-Mar-20,1.91021,3.29879,4.22832,1.55048,2.79782,1.55575
04-Mar-20,2.00152,3.29988,4.09604,1.52493,2.85571,1.64238
05-Mar-20,2.41994,4.0979,5.03205,1.92393,3.43546,2.02667
06-Mar-20,3.20671,5.37153,6.28997,2.67756,5.07134,2.8333
09-Mar-20,3.83353,5.34211,7.33064,2.41762,5.06563,3.18005
10-Mar-20,3.36854,5.34824,7.11964,2.57812,4.98088,3.1032
11-Mar-20,3.50164,5.61721,7.47694,2.67599,5.20961,3.1914
12-Mar-20,4.20785,6.87002,9.48374,3.15055,6.16449,3.81166
13-Mar-20,3.55,6.04845,8.38589,3.13108,5.8191,3.58046
16-Mar-20,2.79886,5.42291,7.67119,3.14713,5.6618,3.35679
17-Mar-20,2.44386,5.13845,7.13901,3.13009,5.40202,3.04832
18-Mar-20,2.8963,5.82567,8.18328,3.3276,6.12044,3.45441
19-Mar-20,3.311,6.57475,9.13803,3.591,7.00413,3.82351
20-Mar-20,3.22133,6.59785,9.18415,3.71449,7.10845,3.8482
23-Mar-20,3.12372,6.51108,8.96635,3.72447,6.91403,3.7323
24-Mar-20,2.40359,5.07464,7.09447,3.16043,5.27306,2.75611
25-Mar-20,2.12023,4.27185,6.06274,2.52034,4.44869,2.35136
26-Mar-20,2.17604,4.26144,5.9726,2.47244,4.32483,2.29972
27-Mar-20,2.18415,4.20997,5.77398,2.43921,4.15129,2.19757
30-Mar-20,2.20716,4.35975,5.81103,2.38203,4.16688,2.15161
31-Mar-20,2.31997,4.33473,5.60645,2.27169,4.22684,2.11452
01-Apr-20,2.11708,4.0912,5.38618,2.23563,4.15272,2.07597
02-Apr-20,2.02568,3.83687,5.11329,2.06555,3.77231,1.94625
03-Apr-20,1.67115,3.38837,4.64118,1.96377,3.52625,1.82806
06-Apr-20,1.66112,3.11649,4.32018,1.70984,3.25156,1.76229
07-Apr-20,1.89777,3.52291,4.64939,1.77134,3.42854,1.84951
08-Apr-20,2.07266,3.64608,5.01213,1.83775,3.63962,1.94305
09-Apr-20,1.98412,3.60618,5.00954,1.86397,3.72898,1.94946
13-Apr-20,1.92083,3.51132,4.87933,1.81558,3.63503,1.89629
14-Apr-20,1.73313,3.31197,4.72228,1.77946,3.50783,1.79671
15-Apr-20,1.78487,3.3394,4.73697,1.78843,3.49325,1.80874
16-Apr-20,1.90495,3.45699,4.86139,1.80384,3.49779,1.84788
17-Apr-20,1.89171,3.4752,4.91593,1.8202,3.58062,1.87117
20-Apr-20,1.7632,3.31684,4.73953,1.78991,3.47442,1.83044
21-Apr-20,1.91431,3.53786,5.04212,1.87801,3.64585,1.95007
22-Apr-20,1.841,3.48462,4.99062,1.87464,3.64518,1.92935
23-Apr-20,1.81696,3.39396,4.97534,1.80836,3.6235,1.97108
24-Apr-20,1.81511,3.42088,5.69288,1.8257,3.70734,2.0538
27-Apr-20,1.53984,3.10347,5.25513,1.73978,3.55525,1.94828
28-Apr-20,1.60785,3.18415,4.93025,1.7876,3.39802,1.84246
29-Apr-20,1.53226,3.05584,4.77383,1.72029,3.32188,1.7919
30-Apr-20,1.50606,2.9296,4.93721,1.6261,3.08371,1.64128
01-May-20,1.42346,2.71544,4.64032,1.50076,2.85499,1.53057
04-May-20,1.56254,2.73284,4.13519,1.63802,2.7904,1.74214
05-May-20,1.52628,2.87711,4.27689,1.61741,3.01293,1.61182
06-May-20,1.58875,2.97617,4.50042,1.6715,3.19868,1.72292
07-May-20,1.76024,3.14535,4.74607,1.72406,3.32949,1.80582
08-May-20,2.01564,3.62012,5.27017,2.0134,4.16049,2.27768
11-May-20,1.96957,3.63509,5.30736,1.96247,4.04791,2.17611
12-May-20,1.6519,3.04718,4.49676,1.74308,3.14268,1.7139
13-May-20,1.76261,3.46841,4.86119,1.84614,3.75509,1.96848
14-May-20,1.53933,3.6085,4.91004,1.84348,4.07741,2.01602
15-May-20,1.68915,3.4252,4.99597,1.84685,3.74945,2.03371
18-May-20,1.43645,3.27735,4.74166,1.75039,3.45425,1.89767
19-May-20,1.67284,3.41355,5.01173,1.8797,3.75805,2.05439
20-May-20,1.6951,3.43698,5.05168,1.92599,3.78622,2.07548
21-May-20,1.60941,3.22198,4.7735,1.78056,3.53726,1.90087
22-May-20,1.53155,3.11244,4.33122,1.73379,3.3307,1.75874
26-May-20,1.45536,2.98791,4.09191,1.65817,3.14739,1.66379
27-May-20,1.48556,2.98988,4.03964,1.69418,3.12689,1.63425
28-May-20,1.43266,2.95876,3.99478,1.67741,3.10558,1.61533
29-May-20,1.55981,3.10054,4.44164,1.74364,3.21947,1.68665
01-Jun-20,1.52573,3.09075,4.44984,1.74747,3.2531,1.69344
02-Jun-20,1.53545,3.13209,4.5184,1.7728,3.30959,1.72132
03-Jun-20,1.78054,3.33627,4.84479,1.92469,3.66538,1.91184
04-Jun-20,1.93446,3.58202,5.08439,2.04696,3.85586,1.96525
05-Jun-20,2.00743,3.83252,5.17845,2.09159,3.88894,1.98985
08-Jun-20,1.96165,3.73385,5.06113,2.09223,3.81112,1.92259
09-Jun-20,1.97307,3.78297,5.10784,2.1351,3.84623,1.94152
10-Jun-20,1.73799,3.51965,4.72554,2.04184,3.59205,1.79138
11-Jun-20,1.77831,3.57473,4.77026,2.08459,3.58651,1.81206
12-Jun-20,1.69449,3.69175,4.89943,2.23009,3.73555,1.85318
15-Jun-20,1.65039,3.64363,4.86523,2.21232,3.7202,1.84776
16-Jun-20,1.68324,3.73225,5.18684,2.2848,4.06749,1.99327
17-Jun-20,1.56997,3.59878,4.96057,2.24106,3.90026,1.89209
18-Jun-20,1.42339,3.49015,4.80322,2.09033,3.89041,2.04387
19-Jun-20,1.39057,3.44261,4.78124,2.11083,3.83443,2.04429
22-Jun-20,1.35837,3.33049,4.65214,2.0405,3.7601,1.95078
23-Jun-20,1.4056,3.3998,4.73398,2.06224,3.84112,2.01073
24-Jun-20,1.47739,3.46949,4.81097,2.07936,3.88293,2.0432
25-Jun-20,1.42309,3.40925,4.73842,2.04969,3.86797,2.08091
26-Jun-20,1.40301,3.3718,4.72399,2.03379,3.86023,2.17689
29-Jun-20,1.38128,3.34301,4.70148,2.02333,3.83045,2.10347
30-Jun-20,1.42538,3.38276,4.80913,2.01864,3.89343,2.09369
01-Jul-20,1.46184,3.35847,4.76149,2.00491,3.86466,1.98363
02-Jul-20,1.45264,3.26821,4.67407,1.93094,3.79048,1.96209
06-Jul-20,1.39365,3.11844,4.51579,1.85599,3.48864,1.58295
07-Jul-20,1.35178,3.08904,4.4467,1.84021,3.52721,1.8047
08-Jul-20,1.32671,3.05755,4.41194,1.82967,3.50573,1.79407
09-Jul-20,1.30856,3.01548,4.35029,1.81238,3.45307,1.76639
10-Jul-20,1.33018,3.07842,4.45575,1.84919,3.47628,1.81068
13-Jul-20,1.30783,2.97705,4.33721,1.77061,3.37854,1.77394
14-Jul-20,1.31753,3.00836,4.36946,1.7978,3.42041,1.78301
15-Jul-20,1.24593,2.88692,4.18083,1.76624,3.27806,1.68753
16-Jul-20,1.25559,2.88068,4.17259,1.75619,3.2659,1.68418
17-Jul-20,1.21914,2.82141,4.12758,1.72468,3.24141,1.6809
20-Jul-20,1.21233,2.82227,4.15085,1.73343,3.26713,1.69744
21-Jul-20,1.19806,2.80432,4.14393,1.72789,3.2696,1.70381
22-Jul-20,1.19496,2.47376,3.79776,1.6649,3.07471,1.57165
23-Jul-20,1.11947,2.3731,3.62062,1.6322,2.9521,1.48744
24-Jul-20,1.05023,2.31232,3.57003,1.62657,2.9456,1.48312
27-Jul-20,1.00743,2.25474,3.48113,1.60176,2.88646,1.44658
28-Jul-20,1.00331,2.17076,3.26829,1.52743,2.68351,1.32388
29-Jul-20,1.06724,2.20352,3.27209,1.48733,2.63495,1.30805
30-Jul-20,1.06896,2.21836,3.33024,1.50594,2.69107,1.34527
31-Jul-20,1.14108,2.30158,3.49588,1.52389,2.80379,1.42997
03-Aug-20,1.12334,2.29602,3.46518,1.52487,2.78306,1.40989
04-Aug-20,1.24807,2.40971,3.62485,1.55099,2.86961,1.4729
05-Aug-20,1.19221,2.35048,3.58866,1.53744,2.86739,1.47688
06-Aug-20,1.1725,2.39195,3.59575,1.50581,2.8711,1.35672
07-Aug-20,1.16956,2.34945,3.56594,1.49888,2.78868,1.46248
10-Aug-20,1.107,2.23763,3.45707,1.44827,2.72891,1.39373
11-Aug-20,1.28119,2.47637,3.76927,1.51322,2.9233,1.50612
12-Aug-20,1.20974,2.28158,3.54651,1.39609,2.71973,1.35005
13-Aug-20,1.24087,2.34175,3.54015,1.39474,2.76436,1.44156
14-Aug-20,1.15286,2.27202,3.3883,1.37013,2.62125,1.39474
17-Aug-20,1.18566,2.32502,3.51918,1.44345,2.79027,1.43967
18-Aug-20,1.16118,2.29654,3.5158,1.44075,2.79674,1.45357
19-Aug-20,1.21763,2.30318,3.53143,1.39516,2.79206,1.46617
20-Aug-20,1.24307,2.34842,3.54988,1.41079,2.85281,1.63724
21-Aug-20,1.29862,2.41514,3.68042,1.42265,2.93212,1.70526
24-Aug-20,1.22976,2.33246,3.5888,1.40787,2.89493,1.68038
25-Aug-20,1.34937,2.47507,3.72582,1.42419,2.95803,1.71204
26-Aug-20,1.40227,2.5867,3.87071,1.48526,3.0764,1.76526
27-Aug-20,1.48157,2.80282,4.16923,1.60488,3.3084,1.86983
28-Aug-20,1.30759,2.74239,4.16747,1.70521,3.42099,1.89858
31-Aug-20,1.16444,2.57598,3.93966,1.67391,3.29285,1.81201
01-Sep-20,1.05303,2.34622,3.69252,1.57415,3.15285,1.75411
02-Sep-20,1.08672,2.37,3.70237,1.57018,3.12409,1.74764
03-Sep-20,1.20047,2.55456,3.89245,1.63875,3.20892,1.78956
04-Sep-20,1.27518,2.66491,4.05438,1.66033,3.32707,1.85831
08-Sep-20,1.32584,2.71352,4.12805,1.65979,3.34909,1.88885
09-Sep-20,1.17886,2.56789,3.99231,1.67865,3.36343,1.87282
10-Sep-20,1.08382,2.45515,3.87961,1.66963,3.33322,1.8501
11-Sep-20,1.02156,2.34242,3.72027,1.60278,3.20776,1.77985
14-Sep-20,1.06117,2.32382,3.70175,1.54185,3.15147,1.77557
15-Sep-20,1.00464,2.27692,3.64091,1.53963,3.12747,1.74834
16-Sep-20,0.90856,2.16682,3.49602,1.50433,3.03628,1.68741
17-Sep-20,0.82008,2.07063,3.34423,1.49245,2.95031,1.61809
18-Sep-20,0.98491,2.24406,3.49146,1.44734,2.92953,1.62685
21-Sep-20,1.02059,2.22365,3.45963,1.44997,2.94062,1.63842
22-Sep-20,1.00756,2.22409,3.46817,1.46498,2.95836,1.64542
23-Sep-20,1.00635,2.19734,3.44148,1.44216,2.9377,1.6407
24-Sep-20,1.0127,2.20147,3.40382,1.44185,2.89639,1.60771
25-Sep-20,1.07506,2.23085,3.43773,1.40231,2.88565,1.6187
28-Sep-20,1.12246,2.21809,3.38525,1.33713,2.80246,1.58215
29-Sep-20,1.09615,2.13214,3.28416,1.27915,2.72225,1.54939
30-Sep-20,1.15165,2.26097,3.41728,1.34822,2.81059,1.58187
01-Oct-20,1.1249,2.27322,3.43944,1.38875,2.85245,1.59408
02-Oct-20,1.1808,2.35694,3.58918,1.43778,2.98091,1.67415
05-Oct-20,1.59979,3.12447,4.63215,1.85681,3.77981,2.10321
06-Oct-20,1.68327,3.4275,5.15324,2.17303,4.12628,2.23348
07-Oct-20,1.75998,3.50189,5.16077,2.19512,4.10002,2.19562
08-Oct-20,1.73792,3.40937,4.99606,2.1358,3.96315,2.11342
09-Oct-20,1.74131,3.46587,5.10263,2.20061,4.07001,2.16626
13-Oct-20,1.64427,3.25773,4.82564,2.09229,3.86889,2.06157
14-Oct-20,1.67016,3.23666,4.73307,2.04229,3.76245,2.00571
15-Oct-20,1.84536,3.43383,4.95124,2.08036,3.86929,2.07587
16-Oct-20,1.95106,3.62256,5.16973,2.17666,4.01983,2.15053
19-Oct-20,2.04028,3.73838,5.32746,2.20925,4.10079,2.20006
20-Oct-20,1.93813,3.62949,5.01452,1.97676,3.68042,1.98759
21-Oct-20,2.00439,3.72331,5.08247,2.00324,3.74334,1.98647
22-Oct-20,2.01769,3.77063,5.15184,2.03477,3.80081,2.01563
23-Oct-20,1.99302,3.72299,5.08926,2.01448,3.76039,1.99347
26-Oct-20,1.96342,3.62902,4.99519,1.9492,3.68446,1.97207
27-Oct-20,1.92408,3.63362,5.01349,1.99884,3.73552,1.98514
28-Oct-20,1.99148,3.74991,5.14268,2.05056,3.81456,2.02466
29-Oct-20,2.06803,4.05161,5.54054,2.26719,4.27632,2.16881
30-Oct-20,2.15474,4.16737,5.64648,2.2884,4.31518,2.18774
02-Nov-20,2.1068,4.10954,5.58173,2.27456,4.27451,2.16728
03-Nov-20,2.14404,4.16729,5.64218,2.28608,4.30281,2.17897
04-Nov-20,1.39301,3.12465,4.15445,1.97055,3.32473,1.58318
05-Nov-20,1.3182,3.03656,3.99976,1.80484,3.19624,1.60639
06-Nov-20,1.24363,2.90068,3.80335,1.70122,3.02156,1.51414
09-Nov-20,1.38445,3.05711,3.95249,1.68544,3.08739,1.5601
10-Nov-20,1.3989,3.12541,3.98768,1.73768,3.08142,1.56024
12-Nov-20,1.39391,3.02533,3.84494,1.65761,2.97439,1.46827
13-Nov-20,1.40717,2.97991,3.85682,1.60202,2.81464,1.44393
16-Nov-20,1.6333,2.86033,3.74528,1.5575,2.75425,1.4128
17-Nov-20,1.52887,2.90655,3.79601,1.5505,2.7301,1.34464
18-Nov-20,1.54308,2.89448,3.84085,1.56733,2.69699,1.32345
19-Nov-20,1.55458,2.95199,4.00833,1.5811,2.88729,1.21583
20-Nov-20,1.47788,2.9281,3.97823,1.64823,2.97582,1.39183
23-Nov-20,1.43438,2.89981,3.95085,1.66442,2.96989,1.38368
24-Nov-20,1.38779,2.85256,3.8748,1.65608,2.9098,1.34916
25-Nov-20,1.39628,2.82278,3.8738,1.60466,2.74287,1.29202
27-Nov-20,1.41022,2.82316,3.88253,1.60478,2.78401,1.30779
30-Nov-20,1.38105,2.81806,3.85082,1.5941,2.76133,1.29494
01-Dec-20,1.49089,2.98704,3.98575,1.63054,2.86546,1.33367
02-Dec-20,1.56437,3.18565,4.20266,1.75611,3.06593,1.38968
03-Dec-20,1.54538,3.11549,4.10959,1.70825,2.95664,1.35484
04-Dec-20,1.62509,3.24714,4.12351,1.7643,2.98519,1.30102
07-Dec-20,1.72766,3.52665,4.48065,1.94703,3.29607,1.46414
08-Dec-20,1.76226,3.55743,4.49277,1.93983,3.27582,1.46237
09-Dec-20,1.78397,3.53457,4.48487,1.88977,3.26689,1.46286
10-Dec-20,1.73702,3.46013,4.43844,1.85044,3.18473,1.43499
11-Dec-20,1.76365,3.50265,4.6127,1.87899,3.29335,1.49035
14-Dec-20,1.80199,3.46288,4.53678,1.87468,3.19446,1.55968
15-Dec-20,1.76178,3.45306,4.4527,1.83852,3.14703,1.52888
16-Dec-20,1.80479,3.70752,4.47846,1.83312,3.16182,1.53178
17-Dec-20,1.68355,3.54334,4.283,1.79243,3.07592,1.46321
18-Dec-20,1.72376,3.65188,4.40414,1.85859,3.22113,1.49988
21-Dec-20,1.71206,3.61943,4.34756,1.83897,3.12771,1.47892
22-Dec-20,1.64233,3.49989,4.19474,1.79244,2.99558,1.42453
23-Dec-20,1.64847,3.51974,4.21681,1.80333,3.09808,1.42908
24-Dec-20,1.71222,3.51939,4.23658,1.74114,3.02476,1.44229
28-Dec-20,1.72924,3.53414,4.36943,1.73806,3.1627,1.5215
29-Dec-20,1.75035,3.48817,4.20942,1.7593,3.12591,1.47384
30-Dec-20,1.85103,3.62576,4.34129,1.80505,3.20943,1.51161
31-Dec-20,1.92955,3.81305,4.54892,1.91785,3.32487,1.5813
04-Jan-21,1.87465,3.71748,4.43779,1.87505,3.27415,1.54285
05-Jan-21,1.868,3.68524,4.42116,1.84663,3.31625,1.53809
06-Jan-21,1.77179,3.44856,4.14563,1.71212,3.2249,1.42636
07-Jan-21,1.81176,3.44844,4.14141,1.67811,3.19775,1.41645
08-Jan-21,1.86619,3.47647,4.08539,1.63715,3.12241,1.37645
11-Jan-21,1.94813,3.57064,4.10617,1.6252,3.08231,1.37097
12-Jan-21,2.09348,3.49168,3.9492,1.5572,3.10176,1.24551
13-Jan-21,1.9482,3.00495,3.64491,1.53364,2.36303,1.15825
14-Jan-21,1.97443,3.1265,3.88525,1.60012,2.70619,1.23825
15-Jan-21,1.91582,3.05967,3.80675,1.59728,2.66722,1.21437
19-Jan-21,1.82202,3.00641,3.67861,1.5626,2.45266,1.154
20-Jan-21,1.74652,2.94998,3.58278,1.55007,2.38702,1.11543
21-Jan-21,1.78817,3.01006,3.66745,1.57184,2.4763,1.13974
22-Jan-21,1.71258,2.98909,3.69906,1.59748,2.53898,1.16231
25-Jan-21,1.69403,2.91689,3.62523,1.56517,2.45281,1.14908
26-Jan-21,1.64665,2.8809,3.58234,1.56594,2.4301,1.13594
27-Jan-21,1.70621,3.08024,3.79504,1.65787,2.58771,1.21886
28-Jan-21,1.75025,3.17321,3.87974,1.71161,2.65686,1.23428
29-Jan-21,1.86748,3.34772,4.07862,1.76958,2.79272,1.28968
01-Feb-21,1.84034,3.31718,4.01919,1.7631,2.75178,1.26577
02-Feb-21,1.84104,3.295,3.98786,1.729,2.73157,1.25205
03-Feb-21,1.9159,3.36378,3.99402,1.72935,2.74386,1.24506
04-Feb-21,1.88208,3.3361,3.95053,1.74203,2.76907,1.22977
05-Feb-21,1.91248,3.44949,4.06824,1.81873,2.90499,1.25873
08-Feb-21,1.85978,3.42988,4.03984,1.84904,2.86609,1.25268
09-Feb-21,1.79616,3.35123,3.95596,1.8261,2.83131,1.22582
10-Feb-21,1.73156,3.32215,3.92948,1.84922,2.82302,1.21888
11-Feb-21,1.73477,3.30589,3.94077,1.82668,2.84691,1.22644
12-Feb-21,1.79315,3.34886,4.03334,1.84152,2.97351,1.35402
16-Feb-21,2.27695,3.84866,4.66947,1.93886,3.37534,1.56205
17-Feb-21,2.31935,3.75552,4.49481,1.84257,3.16461,1.50277
18-Feb-21,2.2571,3.71664,4.35877,1.8568,3.07786,1.44404
19-Feb-21,2.56641,4.05071,4.64518,1.92508,3.23779,1.52209
22-Feb-21,2.84365,4.17592,4.74398,1.85946,3.27298,1.56094
23-Feb-21,2.71935,3.91543,4.45386,1.76916,3.03328,1.4784
24-Feb-21,2.75174,3.92574,4.46807,1.77706,3.05144,1.49491
25-Feb-21,3.62995,4.56297,5.00601,1.7157,3.32355,1.67714
26-Feb-21,3.74529,4.28416,4.70631,1.56984,3.06638,1.60054
01-Mar-21,3.41998,3.9649,4.25769,1.41616,2.87438,1.45896
02-Mar-21,2.99663,3.66951,3.96448,1.37086,2.65335,1.3464
03-Mar-21,3.48552,4.12224,4.42126,1.47623,2.96991,1.50125
04-Mar-21,3.60577,4.40539,4.51651,1.81491,3.05495,1.81241
05-Mar-21,3.64417,4.56562,4.52294,1.84611,3.21291,1.78594
08-Mar-21,3.90649,4.74078,4.50902,1.85098,3.15622,1.84401
09-Mar-21,3.56783,4.36033,4.21424,1.74314,2.95147,1.74558
10-Mar-21,3.33912,4.25864,4.10552,1.72077,2.82639,1.66802
11-Mar-21,3.32749,4.22602,4.44878,1.94824,3.10873,2.03955
12-Mar-21,3.89703,4.83137,5.02566,2.15227,3.58687,2.11609
15-Mar-21,3.73347,4.68842,4.77799,2.04275,3.39047,2.01114
16-Mar-21,3.49963,4.44602,4.61606,1.99818,3.33951,1.93336
17-Mar-21,3.327,4.53851,4.55003,2.08995,3.34515,1.89927
18-Mar-21,3.75516,4.89915,4.91017,2.2319,3.62634,2.06543
19-Mar-21,3.7819,4.91624,4.9071,2.1951,3.55189,2.06787
22-Mar-21,3.554,4.59754,4.59786,2.04017,3.3006,1.94558
23-Mar-21,3.10382,4.10313,4.16215,1.83916,2.9461,1.74739
24-Mar-21,3.19986,4.18543,4.33554,1.85937,3.0483,1.78876
25-Mar-21,3.19485,4.13302,4.32803,1.84515,3.10412,1.79002
26-Mar-21,3.21376,4.21782,4.47909,1.9009,3.20692,1.83205
29-Mar-21,3.42849,4.42307,4.76485,1.97965,3.41921,1.92812
30-Mar-21,3.4352,4.43592,4.75007,1.94014,3.39534,1.93446
31-Mar-21,3.75538,4.63992,4.93933,2.00162,3.57999,2.03602
01-Apr-21,3.45018,4.35117,4.63304,1.89056,3.31586,1.91776
02-Apr-21,3.40819,4.13919,4.4647,1.80176,3.2059,1.86871
05-Apr-21,3.30913,3.90146,4.11637,1.73486,2.8743,1.79889
06-Apr-21,3.17107,3.88844,4.13806,1.68963,2.98983,1.73991
07-Apr-21,3.08268,4.20244,4.52599,1.8762,3.5318,1.87202
08-Apr-21,3.01153,4.15788,4.44806,1.85949,3.46509,1.8489
09-Apr-21,3.20019,4.35655,4.70201,1.93568,3.61093,1.93582
12-Apr-21,3.10196,4.30878,4.6636,1.92895,3.61877,1.9221
13-Apr-21,2.95834,4.13413,4.50479,1.86649,3.49749,1.86059
14-Apr-21,2.8766,4.05338,4.43876,1.83838,3.42463,1.83209
15-Apr-21,2.90617,4.01859,4.42284,1.84211,3.38751,1.83176
16-Apr-21,3.13528,4.33073,4.7733,1.94537,3.70831,1.94553
19-Apr-21,3.14621,4.34847,4.7677,1.94354,3.70481,1.93954
20-Apr-21,3.1341,4.36311,4.73094,1.96789,3.58495,1.95386
21-Apr-21,2.98389,4.16708,4.53295,1.88036,3.43794,1.87344
22-Apr-21,2.91737,4.1093,4.53781,1.87026,3.54184,1.85943
23-Apr-21,2.94399,4.14299,4.5818,1.88363,3.57323,1.87546
26-Apr-21,2.79658,4.01988,4.42612,1.83233,3.18734,1.72127
27-Apr-21,2.74808,3.99625,4.39577,1.81422,3.17139,1.70825
28-Apr-21,2.71924,3.90237,4.32345,1.7624,3.14275,1.68663
29-Apr-21,2.69627,3.87595,4.23926,1.74372,3.09684,1.66314
30-Apr-21,2.70029,3.8812,4.26779,1.74835,3.11499,1.67192
03-May-21,2.61206,3.81599,4.19528,1.72896,2.95709,1.58713
04-May-21,2.62579,3.85292,4.28113,1.77329,3.00823,1.61721
05-May-21,2.64629,3.85041,4.19075,1.76898,3.01515,1.6198
06-May-21,2.65324,3.90898,4.21209,1.81806,3.03091,1.64211
07-May-21,2.53993,3.80899,4.11267,1.76673,2.95953,1.5906
10-May-21,2.40793,3.68375,4.00512,1.72814,2.89509,1.55104
11-May-21,2.52618,3.83875,4.22244,1.79517,3.05121,1.62376
12-May-21,2.68095,3.89884,4.27128,1.77794,3.10824,1.64713
13-May-21,2.64543,3.83278,4.21152,1.74327,3.04125,1.6187
14-May-21,2.59056,3.79294,4.16942,1.73588,3.0033,1.60012
17-May-21,2.60734,3.83353,4.21301,1.75541,3.0291,1.61635
18-May-21,2.56281,3.79082,4.16958,1.74052,3.01006,1.60315
19-May-21,2.72611,3.91672,4.26116,1.77204,3.09105,1.64392
20-May-21,2.52644,3.72446,4.08447,1.66018,2.47676,1.50251
21-May-21,2.45697,3.63718,4.00802,1.62577,2.42651,1.47707
24-May-21,2.34512,3.53441,3.87438,1.59021,2.34982,1.43169
25-May-21,2.27829,3.44827,3.82938,1.58916,2.55994,1.4507
26-May-21,2.2687,3.43231,3.80074,1.57596,2.53786,1.43641
27-May-21,2.33743,3.55899,3.92014,1.63201,2.48828,1.48282
28-May-21,2.39573,3.51764,3.87947,1.59558,2.3194,1.46817
01-Jun-21,2.36864,3.48133,3.82447,1.57036,2.28373,1.44379
02-Jun-21,2.48365,3.56901,3.89336,1.59913,2.31807,1.47003
03-Jun-21,2.55857,3.58897,3.90352,1.59633,2.31667,1.47754
04-Jun-21,2.33741,3.29084,3.6292,1.47978,2.15962,1.37177
07-Jun-21,2.28276,3.21607,3.61188,1.46745,2.21741,1.3654
08-Jun-21,2.30412,3.27098,3.66246,1.48263,2.31047,1.37924
09-Jun-21,2.40832,3.44512,3.94966,1.57334,2.47376,1.47675
10-Jun-21,2.14792,3.22034,3.79065,1.51514,2.37044,1.41145
11-Jun-21,2.26286,3.47448,4.04006,1.64748,2.51698,1.49857
14-Jun-21,2.25225,3.50442,4.00653,1.66454,2.39285,1.49812
15-Jun-21,2.27922,3.47365,3.93021,1.63471,2.33467,1.46816
16-Jun-21,2.35714,3.4549,3.91869,1.60746,2.29782,1.48631
17-Jun-21,2.41702,3.52184,3.99546,1.63385,2.29423,1.51295
18-Jun-21,2.53755,3.81285,4.55808,1.76142,2.92949,1.68551
21-Jun-21,2.51044,3.78816,4.50329,1.74035,2.976,1.66635
22-Jun-21,2.54582,3.65411,4.302,1.6781,3.00054,1.57194
23-Jun-21,2.47515,3.51353,4.19704,1.61623,2.9297,1.53471
24-Jun-21,2.47134,3.54666,4.23722,1.71533,2.92771,1.53785
25-Jun-21,2.62601,3.63286,4.31022,1.73747,3.00115,1.56451
28-Jun-21,2.4081,3.39214,4.11961,1.65489,2.85907,1.49501
29-Jun-21,2.42696,3.44756,4.19532,1.68442,2.91378,1.5219
30-Jun-21,2.41883,3.50175,4.32001,1.77972,2.986,1.5718
01-Jul-21,2.39239,3.4971,4.33651,1.72875,2.99258,1.56949
02-Jul-21,2.32279,3.31659,4.00049,1.61221,2.75968,1.45243
06-Jul-21,2.33422,3.3493,4.06293,1.63687,2.80095,1.47558
07-Jul-21,2.46121,3.59325,4.39551,1.7589,3.00771,1.5962
08-Jul-21,2.53812,3.78279,4.60603,1.84892,3.15741,1.67192
09-Jul-21,2.49057,3.76321,4.62002,1.84843,3.18587,1.68048
12-Jul-21,2.36095,3.68035,4.54705,1.83219,3.14273,1.65498
13-Jul-21,2.25166,3.55755,4.46727,1.78225,3.08307,1.62404
14-Jul-21,2.20758,3.44609,4.30609,1.72414,2.96981,1.56808
15-Jul-21,2.49058,3.53565,4.3909,1.77406,3.00554,1.59697
16-Jul-21,2.51733,3.60667,4.48048,1.81727,3.06852,1.6297
19-Jul-21,2.83317,4.00863,4.85366,1.97788,3.3078,1.76028
20-Jul-21,2.90891,4.12855,4.94584,2.02589,3.39986,1.79427
21-Jul-21,2.94396,4.08944,4.92816,1.99835,3.39659,1.78978
22-Jul-21,2.9151,4.0681,4.91514,1.99378,3.39199,1.7858
23-Jul-21,2.92806,4.13472,4.98261,2.03226,3.44289,1.81013
26-Jul-21,2.80753,4.1956,5.06234,2.05692,3.49909,1.68737
27-Jul-21,2.92496,4.30315,5.09992,2.09952,3.51864,1.52403
28-Jul-21,2.76295,4.0506,4.75851,1.9725,3.27972,1.4197
29-Jul-21,2.72172,4.0151,4.72056,1.95722,3.26651,1.41006
30-Jul-21,2.61105,3.9663,4.68756,1.95888,3.24383,1.40194
02-Aug-21,2.58679,3.96611,4.67028,1.96275,3.22965,1.39765
03-Aug-21,2.6656,4.11497,4.81795,2.0399,3.32884,1.43999
04-Aug-21,2.6317,4.08201,4.81356,2.03307,3.31153,1.43698
05-Aug-21,2.76446,4.16106,4.85408,2.05049,3.33628,1.6163
06-Aug-21,2.69688,4.02937,4.69415,1.98976,3.24267,1.56753
09-Aug-21,2.75085,4.13512,4.71553,2.04613,3.25704,1.58701
10-Aug-21,2.76427,4.11842,4.67552,2.03517,3.22988,1.57818
11-Aug-21,2.53396,3.86156,4.39007,1.91972,3.03803,1.48244
12-Aug-21,2.38229,3.70793,4.23664,1.85469,2.91982,1.42587
13-Aug-21,2.28834,3.53227,4.00965,1.70461,2.7906,1.34743
16-Aug-21,2.36526,3.6305,4.11738,1.74277,2.86829,1.38184
17-Aug-21,2.41833,3.6852,4.15837,1.76197,2.89105,1.39564
18-Aug-21,2.40813,3.67211,4.13738,1.75816,2.69805,1.3912
19-Aug-21,2.44889,3.79375,4.22616,1.82435,2.74411,1.42592
20-Aug-21,2.45563,3.82176,4.27563,1.84359,2.76676,1.43843
23-Aug-21,2.49501,3.79317,4.25069,1.81291,2.75874,1.43437
24-Aug-21,2.52219,3.83384,4.27453,1.83585,2.78054,1.44994
25-Aug-21,2.62769,3.78437,4.39899,1.894,2.98335,1.4025
26-Aug-21,2.5415,3.76321,4.33614,1.86801,2.83614,1.43237
27-Aug-21,2.43135,3.58631,4.07588,1.77248,2.65831,1.32742
30-Aug-21,2.42274,3.55947,4.03365,1.7532,2.63372,1.31303
31-Aug-21,2.48286,3.5992,4.07646,1.76038,2.67567,1.32702
01-Sep-21,2.48419,3.53529,4.01434,1.72364,2.6339,1.30748
02-Sep-21,2.44231,3.49628,3.95792,1.70173,2.58142,1.28472
03-Sep-21,2.31528,3.39574,3.82863,1.66064,2.50728,1.24412
07-Sep-21,2.25497,3.38759,3.7967,1.6663,2.48869,1.23733
08-Sep-21,2.2226,3.39344,3.81262,1.69003,2.49533,1.24485
09-Sep-21,2.06338,3.21094,3.66641,1.62437,2.38564,1.05074
10-Sep-21,2.07005,3.22285,3.68804,1.62614,2.47241,1.05226
13-Sep-21,2.07932,3.19445,3.69432,1.62111,2.46655,1.04981
14-Sep-21,2.01793,3.11501,3.63554,1.58777,2.41481,1.02558
15-Sep-21,2.14945,3.2458,3.77194,1.63266,2.50869,1.06271
16-Sep-21,2.19529,3.32358,3.82826,1.65647,2.54055,1.07798
17-Sep-21,2.32277,3.48232,3.85058,1.72107,2.541,1.13152
20-Sep-21,2.35696,3.5145,3.98111,1.75173,2.63201,1.14776
21-Sep-21,2.37461,3.45772,3.92891,1.71412,2.60413,1.13464
22-Sep-21,2.15222,3.23023,3.72035,1.59712,2.43639,1.06325
23-Sep-21,2.36064,3.5013,4.0082,1.67901,2.61604,1.13078
24-Sep-21,2.3967,3.54469,3.92282,1.71649,2.60287,1.15442
27-Sep-21,2.37786,3.51958,3.90373,1.70001,2.58606,1.14406
28-Sep-21,2.54902,3.76575,4.08694,1.77851,2.69924,1.26418
29-Sep-21,2.54227,3.75359,4.08998,1.76235,2.69839,1.4165
30-Sep-21,2.5042,3.7606,4.09572,1.77556,2.70273,1.41826
01-Oct-21,2.43998,3.70505,4.0432,1.76724,2.65109,1.39103
04-Oct-21,2.43389,3.717,4.06267,1.77593,2.66684,1.3045
05-Oct-21,2.5161,3.8593,4.19999,1.83252,2.77157,1.34919
06-Oct-21,2.52702,3.8287,4.11523,1.8173,2.73361,1.23493
07-Oct-21,2.60744,3.9301,4.19483,1.84263,2.80023,1.26001
08-Oct-21,2.58257,3.93714,4.18586,1.84632,2.79285,1.25595
12-Oct-21,2.44923,3.73564,4.05924,1.79481,2.70108,1.22587
13-Oct-21,2.40317,3.55976,3.94636,1.73253,2.62945,1.19849
14-Oct-21,2.34975,3.50597,3.94127,1.71712,2.62296,1.19107
15-Oct-21,2.42747,3.61012,4.07721,1.72566,2.74487,1.47189
18-Oct-21,2.48404,3.74609,4.22922,1.76854,2.8323,1.50776
19-Oct-21,2.40746,3.78202,4.28645,1.75523,2.84554,1.49493
20-Oct-21,2.30073,3.76376,4.25493,1.74182,3.00205,1.48324
21-Oct-21,2.40162,3.94584,4.58049,1.79887,3.24873,1.53871
22-Oct-21,2.61175,3.9924,4.77568,1.85091,3.4273,1.56937
25-Oct-21,2.46379,3.79838,4.53176,1.72817,3.36292,1.46657
26-Oct-21,2.41507,3.71967,4.47332,1.68568,3.28671,1.43121
27-Oct-21,2.45525,4.11792,4.76244,1.86429,3.53232,1.57737
28-Oct-21,2.6667,4.43619,5.1154,1.97454,3.74563,1.64899
29-Oct-21,2.85999,4.79143,5.49369,2.11654,3.96727,1.72849
01-Nov-21,2.837,4.77072,5.46943,2.10146,3.93787,1.72222
02-Nov-21,2.85883,4.40386,5.03623,1.98197,3.75401,1.67891
03-Nov-21,2.78874,4.28337,4.93573,1.93205,3.68782,1.65473
04-Nov-21,2.60677,4.04832,4.68421,1.92983,3.50706,1.61674
05-Nov-21,2.62081,4.26351,4.86653,1.99821,3.60882,1.68346
08-Nov-21,2.70654,4.36566,5.00141,2.03033,3.65806,1.69876
09-Nov-21,2.75131,4.46381,5.11074,2.07645,3.73326,1.73096
10-Nov-21,3.15701,5.06451,6.10014,2.35848,4.33489,1.96915
12-Nov-21,3.3418,5.37438,6.46453,2.65712,4.59201,2.08494
15-Nov-21,3.27222,5.31794,6.39781,2.52507,4.50076,2.06292
16-Nov-21,3.27837,5.30851,6.39712,2.53129,4.51559,2.07358
17-Nov-21,3.13072,5.08106,6.09654,2.43532,4.33154,1.98926
18-Nov-21,3.03947,4.91864,5.97389,2.37643,4.19061,1.92245
19-Nov-21,3.05137,4.97243,6.00913,2.40597,4.08648,1.92435
22-Nov-21,3.17403,5.11667,6.18418,2.45125,4.16033,1.94042
23-Nov-21,3.25456,5.18263,6.26786,2.48999,4.23758,1.97714
24-Nov-21,3.27191,5.28006,6.37939,2.53354,4.28651,2.00107
26-Nov-21,3.52585,5.67966,6.79698,2.7479,4.61877,2.1437
29-Nov-21,3.35453,5.43932,6.5398,2.61272,4.42201,2.07214
30-Nov-21,3.38582,5.59643,6.69481,2.65574,4.47706,2.09751
01-Dec-21,3.37271,5.54631,6.42284,2.63748,4.43923,2.06148
02-Dec-21,3.50053,5.7676,6.67785,2.71986,4.56508,2.11334
03-Dec-21,3.28207,5.25736,6.21233,2.60721,4.3899,1.97885
06-Dec-21,3.34537,5.45775,6.3997,2.61309,4.44717,2.00185
07-Dec-21,3.38492,5.1959,6.13949,2.62712,4.47193,2.01052
08-Dec-21,2.92965,4.60236,5.39823,2.44261,3.89225,1.77076
09-Dec-21,2.91385,4.60022,5.38038,2.42579,3.85518,1.75301
10-Dec-21,2.74943,4.54065,5.17694,2.28707,3.63004,1.66945
13-Dec-21,2.68771,4.81121,5.27058,2.28672,3.61539,1.67873
14-Dec-21,2.76328,4.73806,5.30379,2.32992,3.68676,1.70108
15-Dec-21,2.67431,4.5526,5.1365,2.24012,3.55194,1.63209
16-Dec-21,2.78187,4.95601,5.49676,2.21474,3.55226,1.72032
17-Dec-21,2.76032,4.84586,5.45388,2.27345,3.64558,1.74671
20-Dec-21,2.78333,4.89837,5.49021,2.286,3.67129,1.75807
21-Dec-21,2.9177,5.11442,5.71136,2.37454,3.81571,1.81752
22-Dec-21,2.89239,4.20937,4.71969,2.37666,3.81677,1.81888
23-Dec-21,2.94525,4.74138,5.29961,2.41874,3.88769,1.85251
24-Dec-21,N/A,N/A,N/A,N/A,N/A,N/A
27-Dec-21,2.84088,4.56861,5.12922,2.33938,3.75618,1.79332
28-Dec-21,2.74289,4.41311,4.95362,2.26014,3.63022,1.73362
29-Dec-21,2.83513,4.58589,5.11026,2.32699,3.74151,1.78507
30-Dec-21,2.82407,4.55706,5.08646,2.31752,3.72209,1.77615
31-Dec-21,2.86219,4.60289,5.11985,2.34642,3.74822,1.78728
03-Jan-22,3.01618,4.88446,5.37749,2.45858,3.93305,1.87076
04-Jan-22,2.98862,4.85073,5.27371,2.46129,3.93213,1.87413
05-Jan-22,2.90281,4.73106,5.16712,2.41183,3.84181,1.84349
06-Jan-22,2.88951,4.74834,5.18572,2.41498,3.83837,1.85291
07-Jan-22,2.83178,4.66833,5.07605,2.36251,3.75183,1.8134
10-Jan-22,2.81818,4.64196,5.0683,2.35614,3.7392,1.80873
11-Jan-22,2.64216,4.48021,4.85744,2.26547,3.66043,1.65469
12-Jan-22,2.55172,4.33804,4.71653,2.20279,3.55519,1.57481
13-Jan-22,2.5232,4.28235,4.65802,2.18056,3.51319,1.54976
14-Jan-22,2.62937,4.46503,4.8604,2.26407,3.65061,1.60867
18-Jan-22,2.65632,4.51115,4.84502,2.28484,3.56417,1.64345
19-Jan-22,2.66023,4.45879,4.90108,2.27273,3.52781,1.64109
20-Jan-22,2.70813,4.39538,4.81444,2.30633,3.44924,1.6586
21-Jan-22,2.74861,4.34979,4.61379,2.27854,3.49838,1.64628
24-Jan-22,2.73578,4.34948,4.58465,2.25681,3.46568,1.62937
25-Jan-22,2.67025,4.20501,4.47224,2.09157,3.34881,1.56865
26-Jan-22,2.60977,4.0303,4.31968,2.05176,3.22858,1.53415
27-Jan-22,2.71077,4.10024,4.53472,2.06719,3.25671,1.51646
28-Jan-22,2.80388,4.18274,4.70015,2.10319,3.4032,1.58579
31-Jan-22,2.87867,4.29215,4.80508,2.12105,3.42153,1.59439
01-Feb-22,2.81722,4.2398,4.71365,1.88887,3.36892,1.56621
02-Feb-22,2.74156,4.11206,4.59122,1.86311,3.32549,1.54279
03-Feb-22,2.75877,4.13682,4.6118,1.85761,3.31687,1.53441
04-Feb-22,2.99747,4.40156,4.87832,2.00039,3.54802,1.60044
07-Feb-22,2.90274,4.35971,4.78731,1.94505,3.48607,1.57345
08-Feb-22,2.95291,4.36549,4.86273,1.93745,3.5102,1.60461
09-Feb-22,2.90799,4.2826,4.79537,1.90574,3.45304,1.57787
10-Feb-22,3.37086,4.82115,5.46567,2.21102,3.93657,1.86489
11-Feb-22,3.55493,4.9993,5.74078,2.2982,4.06935,1.88774
14-Feb-22,3.80418,5.33064,6.09357,2.47934,4.36789,2.0329
15-Feb-22,3.65818,5.09302,5.87213,2.24948,4.02861,1.8781
16-Feb-22,3.26779,4.78617,5.40301,2.08904,3.78689,1.76507
17-Feb-22,3.37516,4.89738,5.54234,2.16044,3.93004,1.81901
18-Feb-22,3.37456,4.85907,5.53957,2.16019,3.93103,1.81585
22-Feb-22,3.3097,4.83492,5.58257,2.15566,3.85578,1.80734
23-Feb-22,3.29554,4.82458,5.56469,2.14673,3.84021,1.79913
24-Feb-22,3.35527,4.95068,5.67749,2.21436,3.96198,1.85913
25-Feb-22,3.31413,4.85202,5.59164,2.14437,3.83452,1.79739
28-Feb-22,3.34339,4.91007,5.60369,2.21688,3.92434,1.86032
01-Mar-22,3.6412,5.3795,6.11638,2.43987,4.37616,2.05637
02-Mar-22,3.81191,5.56295,6.29949,2.50408,4.44465,2.07967
03-Mar-22,3.89332,5.62788,6.31387,2.56037,4.52909,2.19177
04-Mar-22,4.19939,6.07326,7.15717,2.88873,4.79069,2.43926
07-Mar-22,4.2312,6.1177,7.2169,2.88481,4.78797,2.43588
08-Mar-22,4.1275,6.12347,7.22032,2.89764,4.68111,2.43522
09-Mar-22,3.70776,5.52673,6.50764,2.57209,4.15888,2.20961
10-Mar-22,3.48091,5.18953,6.11077,2.43439,3.93071,2.07536
11-Mar-22,3.11415,4.47271,5.43776,1.86416,3.49871,1.95089
14-Mar-22,3.09153,4.39164,5.3212,1.93718,3.38004,1.95923
15-Mar-22,3.01073,4.27131,5.156,1.9959,3.38175,1.95039
16-Mar-22,2.98126,4.21537,5.12571,1.9433,3.26872,1.82444
17-Mar-22,2.75061,3.90085,4.71854,1.80525,3.03311,1.75366
18-Mar-22,3.05907,4.1159,4.87243,1.86783,3.34816,1.75425
21-Mar-22,3.18434,4.32356,5.27127,2.05327,3.6601,1.90392
22-Mar-22,3.38096,4.59661,5.68397,2.25127,3.9224,2.0485
23-Mar-22,3.43582,4.65845,5.76825,2.28391,3.98192,2.07844
24-Mar-22,3.66899,4.97008,6.16467,2.441,4.30207,2.26266
25-Mar-22,4.20069,5.8048,7.01799,2.81706,4.85825,2.52769
28-Mar-22,4.21408,5.76337,7.0109,2.79858,4.82958,2.50759
29-Mar-22,4.43545,5.82518,7.2651,3.31175,5.23003,2.53225
30-Mar-22,4.56596,5.919,7.44959,3.66088,5.53448,2.57173
31-Mar-22,4.73039,6.16702,7.145,3.62711,5.46765,2.53026
01-Apr-22,4.8031,6.24603,7.29046,3.68331,5.57268,2.56035
04-Apr-22,4.60069,6.01876,7.01525,3.52574,5.326,2.44521
05-Apr-22,5.03013,6.46115,7.50322,3.7771,5.71137,2.63498
06-Apr-22,5.36184,6.92671,8.02582,4.0539,6.1428,2.87667
07-Apr-22,4.92736,6.37661,7.1436,3.45522,5.4704,2.72721
08-Apr-22,5.02144,6.52145,7.37517,3.4996,5.56095,2.75866
11-Apr-22,5.17177,6.62619,7.49903,3.54223,5.63667,2.79753
12-Apr-22,4.74567,6.09189,6.9031,3.2344,5.14242,2.55637
13-Apr-22,4.70621,6.08651,6.90852,3.15754,5.01814,2.50552
14-Apr-22,4.92227,6.36739,7.23536,3.27595,5.20868,2.60286
18-Apr-22,4.3933,5.74732,7.05785,3.11501,5.00325,2.60803
19-Apr-22,4.45891,5.66627,7.15894,3.16447,5.01582,2.56606
20-Apr-22,4.43791,5.7312,7.26801,3.20139,5.0749,2.56508
21-Apr-22,4.84156,6.26506,7.95746,3.49361,5.52718,2.74708
22-Apr-22,4.72071,6.30002,8.00265,3.49013,5.50715,2.72939
25-Apr-22,4.67514,6.23053,7.89808,3.41358,5.3779,2.6611
26-Apr-22,4.69289,6.19167,7.81407,3.34963,5.27438,2.62873
27-Apr-22,4.78328,6.33061,7.99381,3.461,5.44143,2.68712
28-Apr-22,4.92252,6.50321,8.1905,3.57021,5.61962,2.79841
29-Apr-22,4.2889,6.55126,8.27004,3.59508,5.6596,2.81255
02-May-22,4.38012,6.7111,8.2958,3.67158,5.86381,2.86443
03-May-22,4.05215,6.39398,7.97231,3.62719,5.74776,2.84911
04-May-22,3.84517,5.93494,7.33013,3.37765,5.34234,2.67458
05-May-22,3.95568,5.97375,7.34098,3.47588,5.5148,2.82989
06-May-22,4.05548,5.94512,7.2684,3.46031,5.49034,2.85981
09-May-22,4.03838,5.90333,7.20299,3.38733,5.36691,2.84892
10-May-22,3.94213,5.96954,7.28379,3.421,5.42131,2.86942
11-May-22,3.61482,5.69381,6.96308,3.24026,5.13556,2.7217
12-May-22,3.74471,5.84832,7.44795,3.31621,5.22683,2.80745
13-May-22,3.80821,5.86326,7.46775,3.27705,5.16106,2.78337
16-May-22,3.57067,5.72819,7.3066,3.14566,4.94259,2.69562
17-May-22,3.59629,5.82667,7.44983,3.18564,5.01289,2.71755
18-May-22,3.53232,5.85136,7.36215,3.20644,5.05624,2.72589
19-May-22,3.56939,5.86096,7.37936,3.21767,5.07629,2.7175
20-May-22,3.51837,5.36814,7.29579,3.19551,5.04298,2.70172
23-May-22,3.45962,5.18857,7.03548,3.042,4.79838,2.56659
24-May-22,3.52329,5.23676,7.1093,3.03512,4.79025,2.5397
25-May-22,3.39861,5.12554,6.9589,2.96979,4.68587,2.48429
26-May-22,3.42891,5.11872,6.99184,2.94325,4.66005,2.45787
27-May-22,3.33961,4.98951,6.79237,2.83628,4.48517,2.35879
31-May-22,3.39089,5.10608,6.44438,2.92081,4.62441,2.42485
01-Jun-22,3.42962,5.16955,6.52081,2.9787,4.71715,2.44558
02-Jun-22,3.34099,5.09536,6.42177,2.87371,4.54867,2.35333
03-Jun-22,3.28638,4.98116,6.27845,2.83793,4.49237,2.31874
06-Jun-22,3.14397,4.34271,5.95394,2.5538,4.50688,2.30212
07-Jun-22,3.04132,4.36053,5.98336,2.56515,4.52792,2.31252
08-Jun-22,3.15151,4.59053,6.212,2.6234,4.63057,2.36676
09-Jun-22,3.11388,4.66393,6.31866,2.66754,4.70929,2.3965
10-Jun-22,3.16008,5.03142,6.87237,2.87992,5.09404,2.56558
13-Jun-22,3.84044,6.1469,8.43398,3.59157,6.30108,3.05804
14-Jun-22,3.92163,6.37426,8.76554,3.75734,6.53701,3.12058
15-Jun-22,3.79772,6.04117,8.19924,3.52857,6.10993,2.91597
16-Jun-22,3.7066,6.14972,8.40318,3.69316,6.41135,3.68312
17-Jun-22,3.7622,6.27603,8.55188,3.65287,6.33558,3.62996
21-Jun-22,3.82033,6.24759,8.41344,3.51666,6.09588,3.5063
22-Jun-22,3.72874,6.03503,8.08657,3.2909,5.71698,3.31527
23-Jun-22,3.6153,5.93815,7.97294,3.26792,5.68626,3.3236
24-Jun-22,3.74209,6.0085,8.03854,3.33698,5.78218,3.35223
27-Jun-22,3.82018,6.06951,8.11544,3.36255,5.82475,3.36796
28-Jun-22,3.86347,6.11439,7.9304,3.38339,5.86128,3.38909
29-Jun-22,3.58305,5.30407,7.63374,3.28717,5.70789,3.32606
30-Jun-22,3.79718,5.59198,8.0275,3.42943,5.92406,3.41887
01-Jul-22,4.045,6.00162,8.68415,3.69408,6.38182,3.69676
05-Jul-22,4.07384,6.11855,8.85944,3.86629,6.65185,3.81214
06-Jul-22,4.14673,6.24465,8.95522,3.8747,6.65908,3.79986
07-Jul-22,4.09303,6.13106,8.82046,3.29314,6.66641,3.69299
08-Jul-22,3.97733,5.97051,8.5608,3.17647,6.42798,3.55891
11-Jul-22,3.92593,5.60641,8.09074,3.13949,6.35399,3.52249
12-Jul-22,3.94865,5.63743,8.13017,3.14423,6.36582,3.53224
13-Jul-22,3.96667,5.52022,7.90891,3.00525,6.07092,3.35249
14-Jul-22,3.96221,5.56848,7.98275,3.01931,6.11328,3.38709
15-Jul-22,3.71154,5.04096,7.50424,2.82137,5.77743,3.25591
18-Jul-22,3.51302,5.35407,7.11926,2.69723,5.52826,3.12047
19-Jul-22,3.49064,5.03821,7.07047,2.67939,5.28841,3.08866
20-Jul-22,3.42824,4.94162,6.9569,2.57913,5.16414,3.08402
21-Jul-22,3.40677,4.90923,6.9045,2.55833,5.10912,3.04972
22-Jul-22,3.50431,5.03865,7.08879,2.62758,5.24522,3.1356
25-Jul-22,3.40448,4.85987,6.86884,2.59614,5.18451,3.10251
26-Jul-22,3.43792,4.86199,6.87319,2.59556,5.02842,3.10503
27-Jul-22,3.14206,4.41627,6.29452,2.46503,4.78211,2.9666
28-Jul-22,3.17259,4.47301,6.37512,2.49651,4.8533,3.00773
29-Jul-22,3.22831,4.46536,6.35287,2.4642,4.77781,2.96027
01-Aug-22,3.28729,4.42879,6.30143,2.44051,4.73268,2.93526
02-Aug-22,3.69048,5.01914,6.80276,2.60551,5.03742,3.09796
03-Aug-22,3.83525,5.14168,6.92923,2.60451,5.01432,3.05638
04-Aug-22,3.79708,5.06068,6.55824,2.60133,5.00149,3.05162
05-Aug-22,3.97785,5.26959,6.6475,2.59747,5.07302,3.05533
08-Aug-22,4.00849,5.22824,6.59681,2.58697,5.0501,3.03897
09-Aug-22,4.11151,5.36934,7.04338,2.64629,5.14544,3.06738
10-Aug-22,3.74713,4.90761,6.46456,2.45075,4.79959,2.90543
11-Aug-22,3.59954,4.77481,6.29928,2.38145,4.68652,2.86843
12-Aug-22,3.5215,4.58352,6.04846,2.31763,4.55111,2.76799
15-Aug-22,3.55925,4.59355,6.0669,2.32141,4.57393,2.80332
16-Aug-22,3.65756,5.34317,6.22553,2.37736,5.17205,2.88217
17-Aug-22,3.82642,5.63391,6.56518,2.48305,5.4187,3.01909
18-Aug-22,3.86593,5.72136,6.66762,2.52997,5.51045,3.06418
19-Aug-22,3.87937,5.85731,6.82584,2.61543,5.72787,3.21276
22-Aug-22,4.17791,6.21021,7.23673,2.80965,6.11127,3.40369
23-Aug-22,4.03441,6.12542,7.14703,2.78408,6.06538,3.41015
24-Aug-22,4.03031,6.15748,7.1721,2.78907,6.13528,3.52419
25-Aug-22,3.92104,5.91429,6.86681,2.711,5.96806,3.43095
26-Aug-22,3.62003,5.49756,6.4079,2.37961,5.46137,3.21211
29-Aug-22,3.52302,5.34999,6.1848,2.3775,5.48381,3.24627
30-Aug-22,3.56252,5.31273,6.57636,2.38206,5.49739,3.42481
31-Aug-22,3.44391,5.18119,6.40439,2.34023,5.40189,3.37372
01-Sep-22,3.46258,5.39505,6.67315,2.37822,5.55568,3.52522
02-Sep-22,3.25713,5.15187,6.36662,2.21359,5.22368,3.41907
06-Sep-22,3.32581,5.38784,6.59068,2.28172,5.38518,3.51233
07-Sep-22,3.34906,5.36177,6.5523,2.2726,5.36039,3.48967
08-Sep-22,3.24102,5.19903,6.3258,2.19621,5.19255,3.41534
09-Sep-22,3.22988,5.15326,6.25832,2.17356,5.14855,3.38079
12-Sep-22,3.09705,5.01715,6.10869,2.10373,4.99219,3.31204
13-Sep-22,3.42044,5.2993,6.44793,2.19107,5.20606,3.42301
14-Sep-22,3.54225,5.34868,6.54935,2.15438,5.11294,3.3592
15-Sep-22,3.67812,5.52387,6.77428,2.20727,5.2455,3.45115
16-Sep-22,3.71506,5.58806,6.8624,2.22216,5.27603,3.45277
19-Sep-22,3.82158,5.7032,7.00869,2.26784,5.39114,3.52943
20-Sep-22,3.75527,5.71433,7.01348,2.27332,5.40785,3.54707
21-Sep-22,3.65792,5.37047,6.59597,2.1412,5.0948,3.35314
22-Sep-22,3.82692,5.74326,7.05806,2.31287,5.50056,3.56541
23-Sep-22,4.2788,6.27477,7.75742,2.57032,6.04656,3.79577
26-Sep-22,4.38197,6.75024,8.32074,2.73995,6.48649,4.11015
27-Sep-22,4.26557,6.87764,8.46671,2.83286,6.6587,4.17694
28-Sep-22,4.33628,6.72434,8.38108,2.78949,6.55465,4.13335
29-Sep-22,4.2803,6.63725,8.27255,2.75034,6.4618,4.07539
30-Sep-22,4.10717,6.83534,8.12363,2.70613,6.35642,4.01548
03-Oct-22,4.38806,6.96374,8.29617,2.73596,6.40432,4.0315
04-Oct-22,4.42557,6.87551,8.19402,2.71565,6.34955,3.99358
05-Oct-22,4.47374,7.00159,8.30483,3.12145,6.51542,4.17636
06-Oct-22,4.49109,7.01884,8.31074,3.13987,6.56813,4.22824
07-Oct-22,4.46628,6.89457,8.15196,3.0991,6.4948,4.2035
11-Oct-22,4.4599,6.94067,8.16074,3.14826,6.60251,4.30455
12-Oct-22,4.54826,7.03699,8.22071,3.20457,6.71897,4.43587
13-Oct-22,4.69115,6.95231,8.12873,3.17988,6.67582,4.41449
14-Oct-22,4.72039,6.92166,8.0949,3.17113,6.65884,4.40108
17-Oct-22,4.42028,6.5058,7.6023,2.97891,6.24987,4.13641
18-Oct-22,4.21013,6.22747,7.25633,2.85257,5.98635,3.99147
19-Oct-22,4.30656,6.46179,7.5323,2.95308,6.19101,4.11045
20-Oct-22,4.79086,7.05773,8.03378,3.16233,6.62229,4.37013
21-Oct-22,4.67734,7.04447,8.08029,3.16623,6.6436,4.36456
24-Oct-22,4.33775,6.46259,7.71326,3.08074,6.37111,4.12781
25-Oct-22,4.23512,6.2436,7.42221,2.97643,6.14312,4.01387
26-Oct-22,4.19265,6.16965,7.3123,2.9431,6.06606,3.97196
27-Oct-22,4.31315,6.54877,7.81595,3.03535,6.22236,4.11611
28-Oct-22,4.35115,6.60194,7.86096,3.06155,6.27539,4.16024
31-Oct-22,4.42451,6.55046,7.79554,3.08358,6.32078,4.23095
01-Nov-22,4.44899,6.50269,7.7389,3.0686,6.29868,4.2103
02-Nov-22,4.31081,6.21887,7.39626,2.93879,6.03197,4.03576
03-Nov-22,4.29856,6.13434,7.34746,2.90621,5.97596,3.95058
04-Nov-22,3.97733,5.78677,6.95825,2.71898,5.5783,3.69516
07-Nov-22,3.91117,5.65912,6.79548,2.66253,5.45968,3.62429
08-Nov-22,3.80449,5.45793,6.54293,2.57311,5.27354,3.51012
09-Nov-22,3.77029,5.43269,6.53564,2.55819,5.24232,3.47009
10-Nov-22,3.503,5.03698,6.0416,2.3761,4.85892,3.23339
14-Nov-22,3.68379,5.30053,6.50785,2.40465,4.9264,3.25483
15-Nov-22,3.92809,5.58436,6.88156,2.53931,5.21213,3.37616
16-Nov-22,4.07036,5.71117,7.23435,2.58936,5.31602,3.43457
17-Nov-22,4.22399,5.92318,7.50006,2.68435,5.63034,3.57926
18-Nov-22,4.1303,5.94488,7.53097,2.62129,5.59596,3.66859
21-Nov-22,4.09813,5.884,7.46099,2.59215,5.53456,3.61604
22-Nov-22,4.20124,5.96876,7.5845,2.64796,5.63605,3.61851
23-Nov-22,4.2955,6.08467,7.74959,2.68544,5.71959,3.66662
25-Nov-22,4.3224,6.11878,7.79447,2.69684,5.74286,3.68095
28-Nov-22,4.24979,6.01781,7.66724,2.64152,5.62418,3.60515
29-Nov-22,4.15348,5.90533,7.51597,2.59307,5.52293,3.55386
30-Nov-22,4.02961,5.76012,7.3308,2.52446,5.37042,3.45156
01-Dec-22,3.96751,5.62016,7.14753,2.51237,5.34514,3.42783
02-Dec-22,4.00196,5.64315,7.17055,3.36213,5.69276,3.45219
05-Dec-22,4.05191,5.70316,7.25204,3.3987,5.75942,3.49301
06-Dec-22,4.15659,5.82189,7.40972,3.47173,5.88699,3.56837
07-Dec-22,4.41032,6.14597,7.82967,3.63392,6.24457,3.73157
08-Dec-22,4.34554,6.12187,7.78473,3.62629,6.23614,3.77222
09-Dec-22,4.44538,6.30842,8.02144,3.73565,6.4226,4.14745
12-Dec-22,4.54239,6.43383,8.2192,3.80966,6.56691,4.22513
13-Dec-22,4.24624,6.06311,7.71089,3.63337,6.31625,4.04921
14-Dec-22,3.85993,5.57085,7.16421,3.26277,5.6577,3.69963
15-Dec-22,3.7071,5.34022,6.86625,3.12878,5.42407,3.54721
16-Dec-22,3.76977,5.47021,7.07585,3.19178,5.5518,3.64279
19-Dec-22,3.77015,5.47639,7.07538,3.21344,5.59094,3.66802
20-Dec-22,3.84426,5.58936,7.22227,3.28137,5.71603,3.73724
21-Dec-22,3.81444,5.55711,7.17105,3.25856,5.67403,3.71092
22-Dec-22,3.79203,5.51577,7.12902,3.23683,5.63997,3.68433
23-Dec-22,3.81313,5.53989,7.16346,3.25878,5.6822,3.69942
27-Dec-22,3.86516,5.61723,7.26559,3.30309,5.76226,3.75156
28-Dec-22,3.87772,5.64396,7.29409,3.31587,5.78452,3.76622
29-Dec-22,3.89916,5.67049,7.3345,3.33402,5.81871,3.78681
30-Dec-22,3.93904,5.72021,7.42179,3.3806,5.91364,3.84115
03-Jan-23,3.89131,5.64064,7.31497,3.33628,5.83154,3.78779
04-Jan-23,3.87235,5.60001,7.26882,3.31621,5.79434,3.76416
05-Jan-23,3.77984,5.4565,7.07995,3.23363,5.64906,3.66794
06-Jan-23,3.58991,5.15383,6.65895,3.07061,5.34685,3.45131
09-Jan-23,3.5089,5.05749,6.50714,3.00101,5.21081,3.39662
