"Date","2yr x 5yr 1 Year Put ATMF BP Vol","2yr x 10yr 1 Year Put ATMF BP Vol","2yr x 30yr 1 Year Put ATMF BP Vol","5yr x 10yr 1 Year Put ATMF BP Vol","5yr x 30yr 1 Year Put ATMF BP Vol","10yr x 30yr 1 Year Put ATMF BP Vol"
10-Jan-18,1.2358,2.03799,2.43703,1.03342,1.80959,0.9447
11-Jan-18,1.22187,2.04742,2.4887,1.02226,1.90362,0.94342
12-Jan-18,1.21499,2.00761,2.46941,1.01084,1.89577,0.94149
16-Jan-18,1.20538,1.99464,2.45265,1.00484,1.88004,0.93618
17-Jan-18,1.20249,1.98636,2.44495,1.0006,1.87162,0.93277
18-Jan-18,1.21712,2.00925,2.47032,1.01124,1.89417,0.94237
19-Jan-18,1.26527,2.15706,2.5362,1.0432,1.95737,1.0017
22-Jan-18,1.28429,2.26525,2.64185,1.05868,1.98209,1.01611
23-Jan-18,1.2802,2.18724,2.64094,1.05931,1.98617,0.98517
24-Jan-18,1.29917,2.22854,2.68404,1.07958,2.01479,1.00288
25-Jan-18,1.30454,2.14804,2.6175,1.07859,2.00734,1.00325
26-Jan-18,1.37211,2.3172,2.78082,1.1216,2.0921,1.04421
29-Jan-18,1.42484,2.38507,2.83403,1.15155,2.1388,1.07194
30-Jan-18,1.44573,2.41176,2.85945,1.16282,2.15945,1.08155
31-Jan-18,1.45364,2.41693,2.87317,1.16635,2.16858,1.08667
01-Feb-18,1.46417,2.45036,2.91995,1.18265,2.2004,1.10079
02-Feb-18,1.58815,3.04142,3.29447,1.21312,2.42144,1.12823
05-Feb-18,1.49269,2.67724,3.06666,1.20766,2.33212,1.12204
06-Feb-18,1.60802,2.71327,3.23642,1.23918,2.29837,1.15103
07-Feb-18,1.59034,2.7404,3.20893,1.23068,2.33207,1.14127
08-Feb-18,1.62633,2.8074,3.294,1.26044,2.39128,1.16862
09-Feb-18,1.63371,2.75488,3.24439,1.27281,2.41824,1.17813
12-Feb-18,1.55784,2.72774,3.21952,1.26665,2.40499,1.17445
13-Feb-18,1.55919,2.70204,3.21068,1.26257,2.40096,1.17154
14-Feb-18,1.55586,2.7132,3.19715,1.26112,2.39763,1.17424
15-Feb-18,1.52776,2.66156,3.14627,1.23966,2.36376,1.15551
16-Feb-18,1.46881,2.58113,3.05503,1.20161,2.29009,1.12025
20-Feb-18,1.36447,2.28664,2.83234,1.1676,2.20185,1.08977
21-Feb-18,1.33598,2.25801,2.77773,1.09615,2.11324,1.01738
22-Feb-18,1.33781,2.2892,2.88202,1.09229,2.10808,1.05588
23-Feb-18,1.40622,2.30547,2.85475,1.13771,2.06198,1.07411
26-Feb-18,1.40006,2.30572,2.8342,1.13857,2.08099,1.07524
27-Feb-18,1.41107,2.31774,2.83033,1.14404,2.07288,1.08067
28-Feb-18,1.35814,2.30034,2.79373,1.13897,2.04995,1.08584
01-Mar-18,1.37084,2.31647,2.84101,1.14659,2.08085,1.09206
02-Mar-18,1.39665,2.34423,2.88629,1.1603,2.10992,1.10396
05-Mar-18,1.38737,2.32635,2.8515,1.16205,2.07738,1.11415
06-Mar-18,1.38569,2.32391,2.82916,1.16154,2.09027,1.1158
07-Mar-18,1.38947,2.34012,2.85767,1.16993,2.11228,1.12361
08-Mar-18,1.38396,2.33844,2.85125,1.16972,2.09448,1.12373
09-Mar-18,1.33748,2.25499,2.76611,1.1416,1.93778,1.09509
12-Mar-18,1.3126,2.22657,2.72183,1.12773,1.91088,1.08225
13-Mar-18,1.28123,2.14877,2.64462,1.09888,1.85497,1.05584
14-Mar-18,1.32611,2.16002,2.68042,1.08813,1.85726,1.06091
15-Mar-18,1.3264,2.24142,2.70674,1.11714,1.87785,1.07211
16-Mar-18,1.33535,2.22756,2.7076,1.12276,1.88442,1.07741
19-Mar-18,1.34567,2.24031,2.7267,1.12907,1.89573,1.08335
20-Mar-18,1.33662,2.22705,2.70075,1.12277,1.87991,1.07769
21-Mar-18,1.30884,2.17847,2.62406,1.09719,1.82447,1.05721
22-Mar-18,1.33443,2.17866,2.6532,1.08011,1.8557,1.05711
23-Mar-18,1.43584,2.26294,2.70492,1.06385,1.90115,1.05694
26-Mar-18,1.35468,2.22084,2.65663,1.08181,1.86449,1.05858
27-Mar-18,1.38034,2.26129,2.72495,1.10046,1.90903,1.07569
28-Mar-18,1.35495,2.24751,2.71604,1.09338,1.8997,1.07749
29-Mar-18,1.32297,2.22832,2.69353,1.08445,1.88643,1.07739
02-Apr-18,1.36926,2.24421,2.70314,1.09284,1.89661,1.07708
03-Apr-18,1.35583,2.21997,2.67069,1.08147,1.87217,1.06473
04-Apr-18,1.34083,2.20504,2.66565,1.07159,1.85675,1.05539
05-Apr-18,1.30562,2.18604,2.64925,1.06005,1.83943,1.04523
06-Apr-18,1.32449,2.18491,2.64225,1.06092,1.84018,1.04682
09-Apr-18,1.31609,2.172,2.62203,1.05488,1.82712,1.04111
10-Apr-18,1.30269,2.1487,2.58406,1.04492,1.80716,1.03175
11-Apr-18,1.29094,2.12903,2.55851,1.03526,1.78737,1.0228
12-Apr-18,1.29645,2.12341,2.55858,1.03986,1.78971,1.02724
13-Apr-18,1.28898,2.11346,2.53396,1.03618,1.77769,1.02384
16-Apr-18,1.27823,2.05418,2.49637,1.02803,1.75664,1.01681
17-Apr-18,1.24596,1.98072,2.40174,0.99842,1.70084,0.98896
18-Apr-18,1.25896,1.99476,2.40815,1.00581,1.706,0.99663
19-Apr-18,1.28838,2.03814,2.47063,1.02626,1.7471,1.01615
20-Apr-18,1.32593,2.14238,2.58323,1.04609,1.7864,1.03483
23-Apr-18,1.32847,2.12332,2.55995,1.05032,1.78172,1.04034
24-Apr-18,1.33988,2.12754,2.5682,1.05353,1.80673,1.07478
25-Apr-18,1.31259,2.11259,2.61992,1.0602,1.79055,1.10627
26-Apr-18,1.31753,2.11495,2.5669,1.04878,1.78663,1.07093
27-Apr-18,1.35789,2.12819,2.61962,1.1234,1.82823,1.08192
30-Apr-18,1.30379,2.07396,2.51461,1.06673,1.74586,1.05591
01-May-18,1.31512,2.09127,2.53719,1.07504,1.76017,1.06288
02-May-18,1.29037,2.05498,2.49839,1.0567,1.73206,1.04402
03-May-18,1.28666,2.04855,2.46258,1.05287,1.63671,1.04
04-May-18,1.28547,2.04569,2.44602,1.05018,1.63066,1.03744
07-May-18,1.26982,2.04255,2.44513,1.04911,1.62827,1.03622
08-May-18,1.28258,2.06252,2.47121,1.05963,1.64159,1.0469
09-May-18,1.29762,2.07761,2.48801,1.06728,1.65041,1.0536
10-May-18,1.2901,2.07558,2.4566,1.06234,1.6408,1.04886
11-May-18,1.2742,2.02542,2.39085,1.05427,1.53455,1.04119
14-May-18,1.27925,2.0215,2.43311,1.04474,1.62728,1.03237
15-May-18,1.33243,2.0896,2.51422,1.07377,1.68049,1.06066
16-May-18,1.35972,2.10497,2.53433,1.08226,1.69863,1.07084
17-May-18,1.36737,2.12077,2.55638,1.09464,1.71207,1.08174
18-May-18,1.35931,2.12113,2.54757,1.09033,1.70992,1.07648
21-May-18,1.34918,2.11658,2.55297,1.09213,1.71104,1.07887
22-May-18,1.35702,2.12464,2.56047,1.09585,1.71994,1.05074
23-May-18,1.32205,2.12779,2.55398,1.08816,1.71877,1.00956
24-May-18,1.31757,2.0912,2.5281,1.07937,1.69745,1.03481
25-May-18,1.3294,2.11636,2.56341,1.08918,1.72024,1.04417
29-May-18,1.45337,2.27593,2.82049,1.16774,1.90667,1.10487
30-May-18,1.42141,2.19481,2.70384,1.14694,1.8445,1.08306
31-May-18,1.41424,2.30778,2.72676,1.15584,1.83534,1.08866
01-Jun-18,1.39321,2.21708,2.67037,1.13793,1.7996,1.07544
04-Jun-18,1.37785,2.21459,2.65737,1.12384,1.77695,1.06336
05-Jun-18,1.35964,2.20992,2.65553,1.11575,1.7655,1.05919
06-Jun-18,1.37547,2.2435,2.69798,1.12816,1.78277,1.07132
07-Jun-18,1.37704,2.2304,2.68788,1.1378,1.78676,1.0822
08-Jun-18,1.3897,2.25458,2.72528,1.14897,1.80658,1.09098
11-Jun-18,1.387,2.25304,2.72409,1.14882,1.80376,1.09121
12-Jun-18,1.35514,2.23276,2.66522,1.12494,1.74871,1.07046
13-Jun-18,1.33485,2.19127,2.61213,1.10855,1.7171,1.05569
14-Jun-18,1.30806,2.16544,2.57636,1.09181,1.68185,1.04683
15-Jun-18,1.29866,2.24497,2.56442,1.08537,1.65172,1.04082
18-Jun-18,1.31433,2.19079,2.55945,1.08361,1.67903,1.03883
19-Jun-18,1.32259,2.2012,2.5744,1.08865,1.69272,1.04177
20-Jun-18,1.33885,2.22059,2.6013,1.09947,1.71332,1.0493
21-Jun-18,1.34304,2.2342,2.61942,1.10436,1.72,1.05456
22-Jun-18,1.34394,2.24384,2.7259,1.10405,1.71812,1.05456
25-Jun-18,1.35749,2.25769,2.7458,1.11292,1.7386,1.05897
26-Jun-18,1.34278,2.22597,2.65074,1.09936,1.71942,1.04388
27-Jun-18,1.36671,2.26048,2.70892,1.11775,1.74995,1.06303
28-Jun-18,1.36532,2.17886,2.66997,1.16353,1.74254,1.06186
29-Jun-18,1.36419,2.21546,2.66353,1.16254,1.74039,1.06332
02-Jul-18,1.35783,2.20131,2.64739,1.15601,1.72847,1.05763
03-Jul-18,1.35777,2.20349,2.65075,1.15617,1.72844,1.05697
05-Jul-18,1.36529,2.2243,2.68378,1.16286,1.73719,1.06378
06-Jul-18,1.34392,2.24497,2.66134,1.14997,1.71479,1.05713
09-Jul-18,1.34379,2.24526,2.66156,1.15029,1.70644,1.05746
10-Jul-18,1.34472,2.21205,2.66962,1.15047,1.70561,1.05747
11-Jul-18,1.35318,2.19819,2.68617,1.15524,1.71622,1.05865
12-Jul-18,1.33162,2.15987,2.63224,1.13694,1.69693,1.04336
13-Jul-18,1.32291,2.14564,2.55611,1.12999,1.68736,1.07439
16-Jul-18,1.32611,2.13343,2.53814,1.12699,1.68502,1.0688
17-Jul-18,1.31249,2.11384,2.51796,1.11591,1.66817,1.05771
18-Jul-18,1.30144,2.09869,2.49775,1.10978,1.66019,1.05232
19-Jul-18,1.30625,2.10584,2.50628,1.11325,1.66554,1.05506
20-Jul-18,1.32401,2.13349,2.54341,1.12973,1.694,1.06654
23-Jul-18,1.33455,2.16545,2.63654,1.14238,1.70859,1.08338
24-Jul-18,1.33234,2.22901,2.62017,1.139,1.69996,1.08086
25-Jul-18,1.32653,2.21301,2.59635,1.13208,1.68934,1.05233
26-Jul-18,1.33452,2.2286,2.61362,1.13973,1.6989,1.0601
27-Jul-18,1.33094,2.22081,2.6041,1.13582,1.69593,1.05615
30-Jul-18,1.35523,2.22932,2.59126,1.1439,1.7703,1.07916
31-Jul-18,1.33299,2.19635,2.5598,1.12872,1.7403,1.06764
01-Aug-18,1.34577,2.21376,2.57763,1.13817,1.75545,1.07641
02-Aug-18,1.34585,2.21464,2.58046,1.13819,1.7591,1.07575
03-Aug-18,1.34421,2.21627,2.58678,1.13823,1.76292,1.07529
06-Aug-18,1.34093,2.21085,2.58302,1.13568,1.76138,1.07207
07-Aug-18,1.33718,2.19863,2.54469,1.13387,1.69674,1.04797
08-Aug-18,1.33639,2.20058,2.63381,1.13388,1.6984,1.04795
09-Aug-18,1.33249,2.19307,2.58269,1.13044,1.69358,1.04483
10-Aug-18,1.35949,2.23177,2.63627,1.15031,1.74243,1.06029
13-Aug-18,1.36295,2.24044,2.65004,1.15416,1.75403,1.06372
14-Aug-18,1.35591,2.25109,2.63572,1.14895,1.73946,1.08205
15-Aug-18,1.36179,2.24168,2.65823,1.15423,1.76021,1.05518
16-Aug-18,1.36104,2.23972,2.65359,1.15331,1.7381,1.05375
17-Aug-18,1.35769,2.23903,2.65382,1.15123,1.73113,1.05198
20-Aug-18,1.36369,2.28132,2.6843,1.1553,1.74432,1.06922
21-Aug-18,1.36512,2.27483,2.68008,1.15266,1.74029,1.06271
22-Aug-18,1.36806,2.27125,2.68719,1.15456,1.77772,1.0595
23-Aug-18,1.37869,2.26955,2.67176,1.16148,1.77482,1.05956
24-Aug-18,1.37003,2.23732,2.62864,1.15203,1.75576,1.04803
27-Aug-18,1.37363,2.24036,2.63358,1.15435,1.75834,1.04729
28-Aug-18,1.40745,2.25782,2.68776,1.16317,1.77341,1.05227
29-Aug-18,1.38679,2.23596,2.64708,1.15502,1.74529,1.05229
30-Aug-18,1.40126,2.2336,2.65853,1.1129,1.77595,1.05667
31-Aug-18,1.39459,2.22902,2.65963,1.10946,1.78696,1.05152
04-Sep-18,1.39846,2.229,2.65784,1.11319,1.76271,1.05499
05-Sep-18,1.3909,2.15183,2.61501,1.10747,1.76021,1.05344
06-Sep-18,1.37569,2.13927,2.59825,1.10466,1.76222,1.05076
07-Sep-18,1.35733,2.07895,2.51813,1.09763,1.68324,1.05194
10-Sep-18,1.33405,2.1545,2.53995,1.09812,1.67613,1.05259
11-Sep-18,1.32317,2.14263,2.50238,1.08889,1.65522,1.05338
12-Sep-18,1.30725,2.11325,2.46643,1.07509,1.62613,1.04045
13-Sep-18,1.2982,2.09512,2.44026,1.0653,1.60681,1.03493
14-Sep-18,1.30602,2.10881,2.452,1.07221,1.61104,1.04383
17-Sep-18,1.28921,2.09879,2.44186,1.06318,1.59975,1.03806
18-Sep-18,1.29662,2.12093,2.46527,1.07214,1.62064,1.04632
19-Sep-18,1.29863,2.13552,2.47814,1.07571,1.63709,1.05178
20-Sep-18,1.29915,2.13095,2.47082,1.0756,1.6249,1.05347
21-Sep-18,1.29397,2.1238,2.46214,1.07186,1.61272,1.05036
24-Sep-18,1.30231,2.13651,2.47784,1.07845,1.621,1.05675
25-Sep-18,1.30854,2.14265,2.48551,1.08296,1.62289,1.06112
26-Sep-18,1.29496,2.11477,2.45827,1.06955,1.59943,1.0484
27-Sep-18,1.28481,2.09841,2.44286,1.0605,1.58609,1.03868
28-Sep-18,1.2799,2.09763,2.44303,1.05851,1.59491,1.0343
01-Oct-18,1.27857,2.09843,2.44084,1.05847,1.60635,1.03364
02-Oct-18,1.27983,2.09827,2.44138,1.05905,1.6066,1.03501
03-Oct-18,1.31248,2.162,2.51452,1.08667,1.66416,1.05723
04-Oct-18,1.34497,2.20058,2.55574,1.11071,1.69288,1.08035
05-Oct-18,1.34639,2.13265,2.47227,1.09615,1.67259,1.0664
09-Oct-18,1.34112,2.12026,2.46427,1.09203,1.65687,1.06098
10-Oct-18,1.34556,2.06931,2.41936,1.08328,1.67137,1.04899
11-Oct-18,1.34476,2.1348,2.45742,1.09798,1.68438,1.06365
12-Oct-18,1.34291,2.13867,2.46583,1.09771,1.69481,1.06232
15-Oct-18,1.33463,2.04107,2.3304,1.09012,1.68272,1.05505
16-Oct-18,1.32346,2.02102,2.30646,1.08041,1.66544,1.04584
17-Oct-18,1.31558,2.04932,2.37208,1.07381,1.64979,1.03835
18-Oct-18,1.32037,2.06339,2.3964,1.07879,1.67393,1.04272
19-Oct-18,1.31338,2.05661,2.38805,1.07406,1.66408,1.00729
22-Oct-18,1.30996,1.96994,2.26489,1.07136,1.65947,0.972
23-Oct-18,1.32576,2.0116,2.32266,0.9563,1.70631,1.01812
24-Oct-18,1.33023,2.05849,2.33337,0.97098,1.76848,1.03584
25-Oct-18,1.32515,2.04967,2.32057,0.96521,1.74831,1.03162
26-Oct-18,1.3774,2.12174,2.43372,0.99918,1.86256,1.05054
29-Oct-18,1.45831,2.22091,2.47373,1.06129,1.52235,1.05351
30-Oct-18,1.43495,2.20884,2.4975,1.03904,1.72154,1.06236
31-Oct-18,1.41885,2.18118,2.53901,1.03193,1.71522,1.05803
01-Nov-18,1.41449,2.17152,2.52412,1.02977,1.71465,1.05787
02-Nov-18,1.42143,2.12442,2.41948,1.03569,1.69247,1.06378
05-Nov-18,1.41289,2.01643,2.32248,1.02917,1.64034,1.05547
06-Nov-18,1.39828,2.0548,2.32053,1.01829,1.64868,1.04826
07-Nov-18,1.36745,1.99673,2.25633,0.9948,1.61217,1.02487
08-Nov-18,1.35788,1.9663,2.20589,0.98847,1.61219,1.01887
09-Nov-18,1.36013,1.98698,2.23246,0.99004,1.62562,1.02333
13-Nov-18,1.3656,2.01382,2.27593,0.99409,1.63235,1.02692
14-Nov-18,1.38007,2.0652,2.34569,1.00277,1.68282,1.03272
15-Nov-18,1.31513,1.934,2.15277,0.96825,1.50626,1.00235
16-Nov-18,1.36222,2.02682,2.27246,0.99404,1.56949,1.01531
19-Nov-18,1.42149,2.1513,2.44635,1.02832,1.72247,1.04102
20-Nov-18,1.4354,2.10656,2.37559,1.04134,1.7398,1.04456
21-Nov-18,1.40619,2.12108,2.3215,1.02477,1.72182,1.03266
23-Nov-18,1.40215,2.20254,2.45914,1.05863,1.73096,1.04569
26-Nov-18,1.38388,2.1214,2.34937,1.01459,1.70053,1.01841
27-Nov-18,1.3834,2.13675,2.3676,1.01711,1.71143,1.02011
28-Nov-18,1.36802,2.13299,2.37476,1.00179,1.69842,1.00986
29-Nov-18,1.34809,2.07445,2.31015,0.99346,1.70751,1.00195
30-Nov-18,1.34634,2.1273,2.35394,0.99092,1.72097,1.00004
03-Dec-18,1.32729,2.05939,2.27294,0.98189,1.69995,0.99242
04-Dec-18,1.3419,2.0521,2.23935,0.99279,1.69007,1.00018
06-Dec-18,1.37623,2.19766,2.47411,1.0151,1.75853,1.0117
07-Dec-18,1.40482,2.30754,2.63437,1.03287,1.82317,1.01603
10-Dec-18,1.41873,2.21553,2.50955,1.04,1.7977,1.01879
11-Dec-18,1.40242,2.19568,2.41133,1.0285,1.755,1.01559
12-Dec-18,1.39706,2.18047,2.38133,1.02604,1.73932,1.01086
13-Dec-18,1.36924,2.16765,2.37391,1.00217,1.71475,0.99304
14-Dec-18,1.37182,2.19475,2.41575,1.00291,1.73,0.99308
17-Dec-18,1.37793,2.25624,2.52146,1.00348,1.76407,0.99393
18-Dec-18,1.41491,2.31897,2.63959,1.02092,1.80772,1.01035
19-Dec-18,1.38609,2.21689,2.51931,1.01196,1.7836,1.0035
20-Dec-18,1.43535,2.29421,2.64319,1.035,1.92635,1.02795
21-Dec-18,1.46323,2.34787,2.59724,1.05411,1.91055,1.04376
24-Dec-18,1.49412,2.47155,2.73083,1.07199,1.9763,1.05999
26-Dec-18,1.50946,2.50603,2.75189,1.07078,1.96058,1.05906
27-Dec-18,1.5891,2.53633,2.90507,1.11954,2.08934,1.09489
28-Dec-18,1.57016,2.41598,2.58667,1.11478,2.09111,1.08734
31-Dec-18,1.56879,2.54569,2.87089,1.11206,2.11797,1.0866
02-Jan-19,1.51992,2.48847,2.79482,1.08824,2.09967,1.06759
03-Jan-19,1.57588,2.67994,3.02341,1.10834,2.19177,1.08318
04-Jan-19,1.55758,2.46023,2.72916,1.24167,2.20515,1.12994
07-Jan-19,1.49436,2.411,2.70143,1.13728,2.06327,1.08089
08-Jan-19,1.45082,2.54165,2.81002,1.12037,2.00036,1.06384
09-Jan-19,1.43759,2.35508,2.63551,1.16974,2.04636,1.16103
10-Jan-19,1.42421,2.34357,2.63241,1.12655,2.00578,1.09825
11-Jan-19,1.42338,2.35409,2.66673,1.12441,2.01959,1.09881
14-Jan-19,1.42698,2.36633,2.6893,1.12702,2.0287,1.10093
15-Jan-19,1.40776,2.33533,2.64528,1.11365,1.99855,1.08439
16-Jan-19,1.40479,2.29379,2.62113,1.10868,2.01235,1.08034
17-Jan-19,1.44867,2.34432,2.65698,1.11357,2.00461,1.08609
18-Jan-19,1.44064,2.32578,2.62844,1.10851,1.97973,1.09307
22-Jan-19,1.42717,2.32638,2.66979,1.11823,2.01104,1.08818
23-Jan-19,1.4492,2.30108,2.60952,1.11616,1.89672,1.087
24-Jan-19,1.44565,2.29972,2.62153,1.11426,1.91164,1.08619
25-Jan-19,1.43386,2.27548,2.58067,1.10522,1.88279,1.08333
28-Jan-19,1.42041,2.22181,2.58689,1.10422,1.92928,1.09388
29-Jan-19,1.41032,2.20627,2.57068,1.10046,1.93009,1.09165
30-Jan-19,1.38211,2.16124,2.58494,1.08569,1.97278,1.07519
31-Jan-19,1.36632,2.1497,2.64209,1.06434,1.9824,1.05352
01-Feb-19,1.34059,2.07782,2.49411,1.04703,1.88556,1.0426
04-Feb-19,1.328,2.07243,2.48499,1.03374,1.86283,1.04059
05-Feb-19,1.30394,2.03902,2.44018,1.01885,1.83712,1.03296
06-Feb-19,1.2948,1.97391,2.41881,1.01231,1.80013,1.02716
07-Feb-19,1.27584,1.90377,2.40906,0.98155,1.80239,0.99747
08-Feb-19,1.28497,1.96745,2.45614,0.98619,1.83438,0.99666
11-Feb-19,1.28243,1.96719,2.45331,0.98503,1.83058,0.99959
12-Feb-19,1.28572,1.97484,2.46434,0.98698,1.81648,1.00056
13-Feb-19,1.22844,1.86125,2.38374,0.93619,1.77922,0.96614
14-Feb-19,1.18212,1.79211,2.38426,0.88825,1.72457,0.93509
15-Feb-19,1.1971,1.81217,2.31577,0.91549,1.59193,0.95247
19-Feb-19,1.19072,1.8107,2.3227,0.91057,1.62557,0.94852
20-Feb-19,1.19602,1.82252,2.34029,0.91288,1.63636,0.95021
21-Feb-19,1.19888,1.8267,2.34781,0.91496,1.67366,0.95208
22-Feb-19,1.20659,1.81136,2.33928,0.91738,1.71407,0.99147
25-Feb-19,1.20575,1.80949,2.3334,0.9165,1.71176,0.99018
26-Feb-19,1.18214,1.82181,2.34451,0.91675,1.71953,0.99057
27-Feb-19,1.16202,1.82956,2.35513,0.92197,1.73434,1.03145
28-Feb-19,1.16932,1.82498,2.35898,0.92351,1.73689,1.01369
01-Mar-19,1.17963,1.83786,2.37814,0.93304,1.75362,1.02757
04-Mar-19,1.17328,1.82379,2.36336,0.92948,1.7491,1.02452
05-Mar-19,1.1562,1.79139,2.31405,0.92217,1.72614,1.01946
06-Mar-19,1.14663,1.78291,2.30596,0.91571,1.72215,1.0167
07-Mar-19,1.1541,1.82888,2.34237,0.91837,1.73858,1.01714
08-Mar-19,1.15238,1.81728,2.32444,0.91771,1.73567,1.01981
11-Mar-19,1.12491,1.75875,2.25988,0.90032,1.70806,1.0022
12-Mar-19,1.1128,1.72874,2.22911,0.88885,1.67254,0.99061
13-Mar-19,1.11336,1.72858,2.23546,0.89095,1.67414,0.9941
14-Mar-19,1.11292,1.72748,2.22931,0.88645,1.67139,0.99181
15-Mar-19,1.09608,1.70228,2.20694,0.87423,1.64673,0.97893
18-Mar-19,1.09094,1.70981,2.18812,0.86961,1.64063,0.97192
19-Mar-19,1.0639,1.66987,2.13735,0.84597,1.59172,0.94678
20-Mar-19,1.06038,1.67372,2.05989,0.83689,1.57814,0.94821
21-Mar-19,1.06136,1.66496,2.05331,0.83393,1.5728,0.94473
22-Mar-19,1.15194,1.81019,2.2394,0.89331,1.708,1.0028
25-Mar-19,1.23223,1.94098,2.38906,0.94134,1.8216,1.04315
26-Mar-19,1.20358,1.88612,2.33148,0.91835,1.77236,1.01393
27-Mar-19,1.29626,2.02184,2.51209,0.96607,1.85864,1.05837
28-Mar-19,1.24987,1.95277,2.42663,0.94316,1.79857,1.03988
29-Mar-19,1.2309,1.91569,2.39915,0.92714,1.7482,1.02969
01-Apr-19,1.21205,1.91621,2.35102,0.90772,1.69817,1.00701
02-Apr-19,1.20415,1.85843,2.34103,0.9363,1.80752,1.00605
03-Apr-19,1.18962,1.84357,2.30938,0.90882,1.73694,0.99185
04-Apr-19,1.17707,1.80734,2.26701,0.88866,1.7131,0.97183
05-Apr-19,1.1514,1.75058,2.20781,0.88341,1.71021,0.97068
08-Apr-19,1.1332,1.72662,2.16896,0.87293,1.686,0.9642
09-Apr-19,1.15486,1.78298,2.22757,0.88633,1.71995,0.97436
10-Apr-19,1.13817,1.81122,2.26996,0.89663,1.75493,0.97949
11-Apr-19,1.12454,1.78752,2.24004,0.88689,1.73337,0.97245
12-Apr-19,1.12754,1.78229,2.23086,0.90071,1.74278,0.9847
15-Apr-19,1.11691,1.76393,2.20585,0.89393,1.72976,0.97966
16-Apr-19,1.11265,1.75235,2.18352,0.88542,1.70409,0.97482
17-Apr-19,1.1226,1.77522,2.21206,0.88518,1.71045,0.97509
18-Apr-19,1.13851,1.79914,2.24477,0.89734,1.73844,0.98309
22-Apr-19,1.16626,1.84136,2.28554,0.90538,1.75737,0.99211
23-Apr-19,1.186,1.88151,2.33302,0.92486,1.80324,1.01063
24-Apr-19,1.24432,1.92271,2.39024,0.93793,1.8369,1.01792
25-Apr-19,1.20706,1.9077,2.37092,0.93238,1.82066,1.01551
26-Apr-19,1.26478,1.94705,2.41904,0.94722,1.85335,1.01404
29-Apr-19,1.24965,1.92487,2.38511,0.9326,1.83028,1.00145
30-Apr-19,1.25654,1.94025,2.40184,0.93357,1.83082,0.99819
01-May-19,1.21802,1.86992,2.32816,0.92723,1.80023,0.98622
02-May-19,1.17189,1.79233,2.23317,0.89577,1.73072,0.98444
03-May-19,1.14117,1.74476,2.17309,0.88498,1.70585,0.97764
06-May-19,1.18868,1.77767,2.27556,0.9123,1.72844,1.00846
07-May-19,1.23084,1.85337,2.38629,0.94345,1.79892,1.04723
08-May-19,1.20584,1.81406,2.32727,0.92485,1.7968,1.03388
09-May-19,1.22154,1.83645,2.34811,0.94011,1.82893,1.04369
10-May-19,1.22895,1.84491,2.3592,0.93237,1.8089,1.03634
13-May-19,1.2985,1.95322,2.48096,0.97758,1.9048,1.06233
14-May-19,1.31044,2.01284,2.48897,0.97862,1.86839,1.07367
15-May-19,1.33327,2.05397,2.51564,0.98741,1.91812,1.06524
16-May-19,1.28646,2.02984,2.50365,0.98686,1.91233,1.06791
17-May-19,1.30942,2.06643,2.55338,1.00515,1.94722,1.08601
20-May-19,1.33199,2.06616,2.54386,1.00441,1.93626,1.08579
21-May-19,1.31031,2.02921,2.50485,0.99555,1.91802,1.08422
22-May-19,1.31352,2.03844,2.51715,0.99187,1.92077,1.08159
23-May-19,1.37608,2.13744,2.62672,1.02353,1.99382,1.11209
24-May-19,1.34487,2.05376,2.56115,0.9919,1.93525,1.08131
28-May-19,1.39378,2.13579,2.65849,1.02448,2.01474,1.11328
29-May-19,1.42702,2.18007,2.73638,1.02859,2.02275,1.11707
30-May-19,1.37274,2.08807,2.64563,0.99622,1.95482,1.08582
31-May-19,1.52344,2.30017,2.87106,1.05506,2.07937,1.13606
03-Jun-19,1.62071,2.44216,2.99645,1.08062,2.14753,1.1498
04-Jun-19,1.67262,2.50759,3.0545,1.13044,2.18054,1.1781
05-Jun-19,1.70208,2.56745,3.10366,1.15456,2.23732,1.18664
06-Jun-19,1.74588,2.56712,3.07588,1.27765,2.2979,1.28296
07-Jun-19,1.46218,2.3808,2.88837,1.13866,2.13094,1.17592
10-Jun-19,1.51925,2.32914,2.8603,1.11439,2.10605,1.15422
11-Jun-19,1.50153,2.37243,2.8892,1.12273,2.11833,1.15406
12-Jun-19,1.54678,2.4751,3.00901,1.1661,2.33362,1.17651
13-Jun-19,1.66655,2.66518,3.22512,1.27678,2.48809,1.27137
14-Jun-19,1.76032,2.68772,3.3291,1.30931,2.47362,1.30105
17-Jun-19,1.81356,2.70937,3.37421,1.37707,2.59389,1.34891
18-Jun-19,1.73672,2.60231,3.26605,1.37025,2.58367,1.34249
19-Jun-19,1.84478,2.85677,3.37075,1.3871,2.62406,1.39238
20-Jun-19,1.70025,2.72008,3.22655,1.33195,2.52311,1.3177
21-Jun-19,1.57456,2.4303,2.99589,1.25337,2.37501,1.24312
24-Jun-19,1.72113,2.74176,3.26383,1.32642,2.51543,1.29859
25-Jun-19,1.72508,2.73434,3.26015,1.344,2.5544,1.31874
26-Jun-19,1.6285,2.60247,3.15703,1.29366,2.57629,1.22879
27-Jun-19,1.6556,2.57338,3.19497,1.2821,2.47481,1.25452
28-Jun-19,1.57839,2.49839,3.16748,1.2858,2.45385,1.25848
01-Jul-19,1.44735,2.27188,2.90592,1.13166,2.18389,1.19256
02-Jul-19,1.47286,2.28877,2.97745,1.11942,2.2374,1.19788
03-Jul-19,1.46398,2.27569,2.97758,1.11648,2.22949,1.19774
05-Jul-19,1.40882,2.18604,2.88255,1.09556,2.17755,1.17891
08-Jul-19,1.38532,2.21646,2.84295,1.09424,2.16545,1.17668
09-Jul-19,1.36486,2.16657,2.81616,1.07715,2.18413,1.16044
10-Jul-19,1.38902,2.2161,2.84351,1.07716,2.20322,1.15542
11-Jul-19,1.39737,2.26753,2.87749,1.12026,2.22907,1.18154
12-Jul-19,1.41193,2.23028,2.8834,1.1279,2.23395,1.19067
15-Jul-19,1.42561,2.27795,2.93692,1.13619,2.28221,1.19769
16-Jul-19,1.41196,2.25807,2.91038,1.12214,2.25347,1.19261
17-Jul-19,1.43591,2.29826,2.95218,1.12448,2.26235,1.20423
18-Jul-19,1.49066,2.38419,3.0428,1.1445,2.31489,1.22832
19-Jul-19,1.47061,2.3561,3.01128,1.1326,2.29594,1.22832
22-Jul-19,1.45033,2.32758,2.97252,1.1228,2.27696,1.21853
23-Jul-19,1.44889,2.33086,2.98091,1.12808,2.28741,1.22088
24-Jul-19,1.43956,2.32806,2.99121,1.12795,2.28614,1.22545
25-Jul-19,1.42631,2.27666,2.94482,1.11041,2.21908,1.1928
26-Jul-19,1.38913,2.2162,2.87986,1.08467,2.15329,1.16085
29-Jul-19,1.36797,2.24761,2.85904,1.08362,2.1399,1.16379
30-Jul-19,1.35797,2.25935,2.84837,1.05945,2.08394,1.15458
31-Jul-19,1.28247,2.10057,2.72488,1.03103,2.03347,1.13166
01-Aug-19,1.43071,2.34701,3.03136,1.11559,2.22735,1.19678
02-Aug-19,1.43055,2.33719,3.0324,1.10707,2.20026,1.19833
05-Aug-19,1.57653,2.56284,3.30148,1.19948,2.40596,1.27602
06-Aug-19,1.45132,2.37484,3.13458,1.13036,2.26769,1.21625
07-Aug-19,1.47107,2.41835,3.15134,1.13935,2.29961,1.23642
08-Aug-19,1.44315,2.39455,3.11475,1.13896,2.27581,1.23609
09-Aug-19,1.40296,2.34272,3.05377,1.13795,2.27383,1.23829
12-Aug-19,1.42341,2.42527,3.09031,1.14185,2.30826,1.2615
13-Aug-19,1.37737,2.39158,3.09558,1.11121,2.2868,1.24499
14-Aug-19,1.4242,2.65908,3.35011,1.10304,2.38047,1.27444
15-Aug-19,1.50322,2.61588,3.36816,1.19478,2.46582,1.3501
16-Aug-19,1.49069,2.59551,3.33415,1.17775,2.43664,1.33143
19-Aug-19,1.43255,2.51025,3.2307,1.13625,2.37238,1.28971
20-Aug-19,1.43081,2.50961,3.23125,1.13978,2.37865,1.29436
21-Aug-19,1.37387,2.3696,3.09323,1.11529,2.29276,1.25778
22-Aug-19,1.34392,2.35237,3.05708,1.10024,2.27793,1.22833
23-Aug-19,1.40881,2.44138,3.20516,1.13354,2.32336,1.27249
26-Aug-19,1.40335,2.40029,3.15425,1.13819,2.25027,1.27221
27-Aug-19,1.40738,2.41533,3.24148,1.14967,2.31809,1.29729
28-Aug-19,1.41668,2.45903,3.30695,1.16115,2.36824,1.35017
29-Aug-19,1.40534,2.44116,3.34042,1.15326,2.34036,1.35957
30-Aug-19,1.40742,2.52409,3.4526,1.16755,2.37477,1.37978
03-Sep-19,1.42013,2.49859,3.40904,1.16334,2.3763,1.34878
04-Sep-19,1.42453,2.5101,3.37937,1.15573,2.35391,1.32203
05-Sep-19,1.40121,2.43553,3.30503,1.13238,2.29292,1.29572
06-Sep-19,1.39893,2.41574,3.26135,1.14038,2.26974,1.28738
09-Sep-19,1.39238,2.38031,3.22278,1.12314,2.25617,1.25918
10-Sep-19,1.39629,2.38209,3.23544,1.12992,2.26711,1.27062
11-Sep-19,1.38315,2.35889,3.1991,1.1198,2.24079,1.2588
12-Sep-19,1.33521,2.27877,3.09906,1.09228,2.18106,1.23167
13-Sep-19,1.36304,2.32594,3.15122,1.11632,2.23271,1.25702
16-Sep-19,1.35904,2.32816,3.15437,1.11853,2.21036,1.26189
17-Sep-19,1.35103,2.32582,3.14748,1.11494,2.2022,1.264
18-Sep-19,1.29099,2.1635,2.97102,1.07402,2.12306,1.22885
19-Sep-19,1.27725,2.16063,2.92641,1.06949,2.10565,1.22417
20-Sep-19,1.29308,2.1777,2.9659,1.08405,2.1369,1.24298
23-Sep-19,1.28382,2.15661,2.88742,1.06855,2.08604,1.23197
24-Sep-19,1.249,2.12252,2.8937,1.0859,2.0816,1.21412
25-Sep-19,1.19644,2.17273,2.876,1.07683,2.03811,1.20438
26-Sep-19,1.2837,2.17023,2.77876,1.07761,2.03159,1.20707
27-Sep-19,1.27948,2.19194,2.66708,1.06539,2.03378,1.19451
30-Sep-19,1.27208,2.17112,2.77141,1.05917,2.00332,1.18818
01-Oct-19,1.33354,2.26867,2.89115,1.09132,2.09556,1.20376
02-Oct-19,1.37943,2.06825,2.82645,1.10945,2.08357,1.21854
03-Oct-19,1.38648,2.21841,2.93769,1.12098,2.11444,1.21902
04-Oct-19,1.36218,2.20722,2.88537,1.12113,2.08826,1.21211
07-Oct-19,1.33404,2.15661,2.82676,1.11304,2.06216,1.20932
08-Oct-19,1.35282,2.19196,2.86282,1.11899,2.08792,1.21138
09-Oct-19,1.32121,2.11095,2.78056,1.0941,2.06846,1.20694
10-Oct-19,1.30563,2.08853,2.75143,1.09252,2.06047,1.20472
11-Oct-19,1.31982,2.0706,2.70913,1.09012,2.02129,1.09692
15-Oct-19,1.30021,2.03958,2.66429,1.08045,1.99847,1.0886
16-Oct-19,1.30652,2.06147,2.70473,1.08375,2.03166,1.09037
17-Oct-19,1.30142,2.0537,2.6982,1.08186,2.03081,1.09012
18-Oct-19,1.31346,2.08175,2.72027,1.08355,2.0477,1.08685
21-Oct-19,1.29972,2.05571,2.67504,1.06916,2.00859,1.07463
22-Oct-19,1.29635,2.04008,2.65775,1.06372,1.98899,1.07235
23-Oct-19,1.28432,2.0602,2.64456,1.05402,1.97575,0.99795
24-Oct-19,1.27402,2.04424,2.6237,1.04724,1.96648,0.99125
25-Oct-19,1.25305,2.0153,2.58899,1.03754,1.9454,0.98502
28-Oct-19,1.24773,2.01641,2.58194,1.03387,1.93874,0.98135
29-Oct-19,1.24161,2.0025,2.56881,1.03088,1.93106,0.98031
30-Oct-19,1.19624,1.99116,2.492,1.00645,1.86403,1.07544
31-Oct-19,1.22344,2.04945,2.56983,1.02806,1.9207,1.09385
01-Nov-19,1.18588,1.91381,2.48064,1.00143,1.79445,1.06485
04-Nov-19,1.19176,1.93892,2.49914,1.00868,1.80137,1.05222
05-Nov-19,1.2105,1.98038,2.53235,1.01799,1.86608,1.07792
06-Nov-19,1.21858,1.99063,2.52664,1.0178,1.85507,1.07233
07-Nov-19,1.24317,2.00863,2.5233,1.0312,1.8521,1.09302
08-Nov-19,1.23871,2.01397,2.53362,1.02549,1.84987,1.08413
12-Nov-19,1.23379,1.99886,2.51226,1.01823,1.83101,1.07778
13-Nov-19,1.16423,1.97489,2.50417,1.01783,1.82222,1.07525
14-Nov-19,1.16751,1.99456,2.54248,1.02024,1.83409,1.07739
15-Nov-19,1.17741,1.99696,2.53568,1.01499,1.81173,1.07328
18-Nov-19,1.21055,1.99513,2.55119,1.01546,1.82676,1.07048
19-Nov-19,1.19313,2.00592,2.56707,1.01771,1.81921,1.06905
20-Nov-19,1.21879,2.04891,2.61282,1.03797,1.86285,1.0917
21-Nov-19,1.22348,1.99188,2.55842,1.03433,1.85698,1.0875
22-Nov-19,1.25139,1.99657,2.58665,1.04297,1.71398,1.0954
25-Nov-19,1.30119,1.97421,2.56446,1.04506,1.541,1.09714
26-Nov-19,1.25512,1.96252,2.57256,1.04237,1.70696,1.09791
27-Nov-19,1.23589,1.93723,2.52372,1.03184,1.67088,1.09592
29-Nov-19,1.23819,1.9448,2.52361,1.02941,1.66757,1.09069
02-Dec-19,1.24894,1.95824,2.51343,1.03106,1.68984,1.08904
03-Dec-19,1.27476,2.0132,2.60607,1.0513,1.74139,1.10794
04-Dec-19,1.25866,1.97295,2.5296,1.04179,1.70989,1.1025
05-Dec-19,1.27095,1.97334,2.53822,1.04723,1.71738,1.07468
06-Dec-19,1.28305,1.99897,2.54369,1.05595,1.72128,1.08502
09-Dec-19,1.26994,1.98439,2.44796,1.04441,1.679,1.08051
10-Dec-19,1.22279,1.93577,2.43621,1.02191,1.79106,1.06216
11-Dec-19,1.21018,1.96094,2.41562,1.00979,1.78587,1.04794
12-Dec-19,1.22773,2.05005,2.43883,1.01573,1.78753,1.05249
13-Dec-19,1.19116,2.00871,2.402,0.99522,1.75929,1.03279
16-Dec-19,1.19793,2.01911,2.40106,0.9872,1.72839,1.02626
17-Dec-19,1.19521,2.04908,2.39388,0.98233,1.72018,1.02047
18-Dec-19,1.20429,2.05058,2.39789,0.97714,1.71719,1.00883
19-Dec-19,1.2116,2.06343,2.41615,0.98021,1.73159,1.01203
20-Dec-19,1.21586,2.05449,2.39024,0.98103,1.68869,1.00331
23-Dec-19,1.21669,2.07553,2.4071,0.98788,1.69298,1.02209
24-Dec-19,1.22897,2.07668,2.42557,0.99095,1.71205,1.01813
26-Dec-19,1.22853,2.09932,2.42417,0.99235,1.71491,1.02043
27-Dec-19,1.2225,2.08617,2.4173,0.98336,1.70776,1.005
30-Dec-19,1.23973,2.11469,2.42352,0.98908,1.71647,1.01389
31-Dec-19,1.24448,2.12444,2.39389,0.98764,1.72439,1.01065
02-Jan-20,1.23551,2.09915,2.38152,0.98885,1.70728,0.99907
03-Jan-20,1.23743,2.12601,2.41715,1.00346,1.74226,1.01413
06-Jan-20,1.22276,2.07943,2.3858,1.0069,1.69845,1.01701
07-Jan-20,1.23684,2.03431,2.37219,1.01143,1.6611,1.02014
08-Jan-20,1.23534,2.0013,2.32358,1.01149,1.63741,1.02398
09-Jan-20,1.20103,1.94798,2.28119,0.99842,1.59049,1.01198
10-Jan-20,1.15497,1.88136,2.21146,0.9684,1.52636,0.98484
13-Jan-20,1.14325,1.86794,2.19086,0.95925,1.49378,0.97363
14-Jan-20,1.13122,1.91817,2.22841,0.95654,1.49768,0.9681
15-Jan-20,1.12822,1.87218,2.19756,0.96138,1.49297,0.97774
16-Jan-20,1.11708,1.85677,2.18342,0.95441,1.47323,0.97204
17-Jan-20,1.15501,1.89395,2.22717,0.9629,1.49945,0.97785
21-Jan-20,1.14429,1.91093,2.25821,0.96856,1.51987,0.98438
22-Jan-20,1.14516,1.90229,2.24396,0.96398,1.50289,0.97954
23-Jan-20,1.1501,1.8931,2.25309,0.97508,1.50574,0.9945
24-Jan-20,1.16265,1.92455,2.30386,0.99356,1.55265,1.01158
27-Jan-20,1.18668,1.92525,2.30894,1.01146,1.57283,1.02873
28-Jan-20,1.15899,1.88018,2.24374,0.99238,1.54503,1.00816
29-Jan-20,1.18314,1.95708,2.35991,1.00664,1.60841,1.01856
30-Jan-20,1.21853,1.97874,2.36238,1.03576,1.65238,1.04683
31-Jan-20,1.24406,2.03078,2.38078,1.05399,1.65767,1.0617
03-Feb-20,1.21455,1.92763,2.32593,1.04339,1.58434,1.04815
04-Feb-20,1.17878,1.88703,2.24841,1.0102,1.50879,1.01598
05-Feb-20,1.18105,1.87984,2.2238,1.00094,1.49827,1.00561
06-Feb-20,1.14678,1.83594,2.19032,0.98627,1.44556,0.99546
07-Feb-20,1.16478,1.81167,2.19397,1.00956,1.48955,0.99668
10-Feb-20,1.17993,1.80828,2.25729,1.02111,1.5242,1.004
11-Feb-20,1.15254,1.81857,2.21156,0.92237,1.48749,0.93664
12-Feb-20,1.14049,1.80941,2.17619,0.90918,1.46044,0.92477
13-Feb-20,1.12867,1.80044,2.18977,0.90912,1.44719,0.92638
14-Feb-20,1.13384,1.75975,2.18582,0.91552,1.43726,0.93045
18-Feb-20,1.13794,1.76342,2.20188,0.92037,1.43185,0.93837
19-Feb-20,1.12223,1.74369,2.17777,0.91102,1.40216,0.92985
20-Feb-20,1.15396,1.84153,2.28688,0.9216,1.47321,0.93925
21-Feb-20,1.17902,1.88481,2.35462,0.93945,1.49113,0.95609
24-Feb-20,1.21961,1.96838,2.42128,0.96739,1.56891,0.98041
25-Feb-20,1.22417,1.97959,2.36915,0.96375,1.56408,0.97123
26-Feb-20,1.21377,1.94447,2.3765,0.9544,1.56588,0.96218
27-Feb-20,1.26238,2.14429,2.38405,0.96707,1.64391,0.96395
28-Feb-20,1.33106,2.23986,2.71631,0.98699,1.84771,0.98909
02-Mar-20,1.30771,2.27769,2.75918,1.0035,1.86359,1.03927
03-Mar-20,1.33629,2.38698,2.79028,1.03556,1.95909,1.07657
04-Mar-20,1.42751,2.45783,2.89463,1.13588,2.0751,1.19036
05-Mar-20,1.67643,2.89378,3.26934,1.36916,2.41437,1.42538
06-Mar-20,1.84405,3.29358,3.89246,1.59505,2.99244,1.68384
09-Mar-20,1.77455,3.12857,4.11221,1.52202,2.87984,1.66517
10-Mar-20,1.82213,3.18513,3.76652,1.60044,2.65619,1.60348
11-Mar-20,2.08038,3.45784,4.06852,1.66724,2.83634,1.70336
12-Mar-20,2.20963,3.87707,4.7903,1.83452,3.0896,1.85523
13-Mar-20,2.13922,3.67322,4.5785,1.83606,3.11709,1.87068
16-Mar-20,1.97012,3.43124,4.2986,1.75888,2.96119,1.76766
17-Mar-20,1.965,3.39488,4.15423,1.69181,2.84563,1.68508
18-Mar-20,2.11259,3.74108,4.61571,1.84856,3.21127,1.848
19-Mar-20,2.27815,4.22379,5.23689,2.00052,3.7406,2.0392
20-Mar-20,2.22791,4.10141,5.17277,1.96055,3.71931,2.02446
23-Mar-20,2.15002,4.02718,5.06986,1.98209,3.65353,1.98291
24-Mar-20,1.96285,3.54908,4.45651,1.78335,3.17965,1.72576
25-Mar-20,1.85557,3.23403,4.03521,1.56444,2.88882,1.56317
26-Mar-20,1.7863,3.08084,3.78452,1.48649,2.70745,1.47128
27-Mar-20,1.79236,3.00426,3.65359,1.42847,2.61361,1.42274
30-Mar-20,1.87307,3.14526,3.77912,1.55669,2.84809,1.58079
31-Mar-20,1.89079,3.26328,3.94174,1.66911,3.05557,1.70014
01-Apr-20,1.83592,3.21243,3.94357,1.65381,3.06098,1.70137
02-Apr-20,1.72246,3.01924,3.68266,1.51915,2.79436,1.50192
03-Apr-20,1.61659,2.87198,3.52199,1.46539,2.66768,1.45001
06-Apr-20,1.57668,2.81485,3.4379,1.39706,2.57546,1.35563
07-Apr-20,1.62398,3.00691,3.5294,1.43079,2.66683,1.39247
08-Apr-20,1.6659,2.98579,3.66978,1.48654,2.79413,1.44115
09-Apr-20,1.66509,3.02674,3.72967,1.51869,2.86632,1.45618
13-Apr-20,1.67675,3.03952,3.74089,1.51767,2.86832,1.45712
14-Apr-20,1.63321,3.03797,3.82271,1.51798,2.84061,1.4718
15-Apr-20,1.64443,3.03728,3.82841,1.52837,2.84513,1.48672
16-Apr-20,1.64614,3.02739,3.82064,1.52725,2.82247,1.4916
17-Apr-20,1.65445,3.06274,3.88931,1.53406,2.94413,1.60898
20-Apr-20,1.61084,2.99445,3.81476,1.51117,2.88248,1.58493
21-Apr-20,1.62645,3.01658,3.87649,1.52984,2.92228,1.61871
22-Apr-20,1.60982,3.00108,3.84533,1.52305,2.9005,1.59934
23-Apr-20,1.59657,2.95627,3.80222,1.49932,2.8574,1.58481
24-Apr-20,1.57586,2.96182,4.19121,1.52293,2.84108,1.5807
27-Apr-20,1.52119,2.87464,4.02313,1.48075,2.7465,1.51533
28-Apr-20,1.50386,2.87302,3.80889,1.4877,2.74134,1.49667
29-Apr-20,1.45885,2.81881,3.74842,1.46196,2.71087,1.47042
30-Apr-20,1.38705,2.77073,3.66306,1.43649,2.6511,1.43442
01-May-20,1.34244,2.70975,3.58405,1.41372,2.59397,1.40488
04-May-20,1.35111,2.69263,3.51246,1.40692,2.5856,1.39521
05-May-20,1.38999,2.8167,3.57997,1.46047,2.61904,1.40929
06-May-20,1.42227,2.85893,3.73868,1.49186,2.75531,1.47296
07-May-20,1.39636,2.87116,3.81026,1.50859,2.81693,1.50854
08-May-20,1.57248,3.07547,4.14076,1.67549,3.30051,1.78742
11-May-20,1.56023,3.03665,4.10343,1.65138,3.27569,1.77355
12-May-20,1.59443,3.02286,4.06512,1.62361,3.22068,1.72955
13-May-20,1.57967,3.00504,4.07251,1.63366,3.24107,1.75566
14-May-20,1.56427,2.9637,4.05522,1.61552,3.21637,1.74091
15-May-20,1.58747,2.9963,4.08068,1.61936,3.25715,1.77681
18-May-20,1.50448,2.96676,3.76102,1.60098,2.95202,1.60065
19-May-20,1.55152,3.01678,3.9915,1.56964,3.11971,1.71511
20-May-20,1.53223,2.99392,3.98248,1.56321,3.11613,1.71722
21-May-20,1.48589,2.89332,3.8803,1.53856,3.0283,1.58521
22-May-20,1.44476,2.84796,3.73791,1.51219,2.93615,1.53338
26-May-20,1.42787,2.79766,3.64953,1.49248,2.88553,1.47343
27-May-20,1.45291,2.82158,3.68509,1.51835,2.92212,1.49217
28-May-20,1.43837,2.83025,3.7416,1.52917,2.97145,1.51992
29-May-20,1.44931,2.85017,3.72558,1.54563,2.9142,1.51011
01-Jun-20,1.42759,2.87241,3.75488,1.57348,2.94586,1.51639
02-Jun-20,1.43578,2.96131,3.87003,1.64436,3.04323,1.56002
03-Jun-20,1.48514,2.95732,3.98081,1.68425,3.14425,1.59834
04-Jun-20,1.50895,3.01125,3.98954,1.70341,3.1427,1.58383
05-Jun-20,1.47963,3.07445,3.83364,1.69054,3.02217,1.52298
08-Jun-20,1.47115,3.04697,3.7888,1.67263,2.97149,1.49366
09-Jun-20,1.48889,3.05005,3.78436,1.67177,2.97033,1.49541
10-Jun-20,1.47528,2.98831,3.69962,1.63299,2.90509,1.46128
11-Jun-20,1.48633,3.03009,3.74335,1.68016,2.94068,1.48813
12-Jun-20,1.53619,3.09017,3.83015,1.69669,3.00174,1.51808
15-Jun-20,1.53649,3.10991,3.85527,1.71291,3.02184,1.5278
16-Jun-20,1.54292,3.06987,4.01962,1.7444,3.18825,1.58239
17-Jun-20,1.50844,3.05572,3.98522,1.73109,3.1678,1.57336
18-Jun-20,1.46417,3.05468,3.90499,1.68464,3.16412,1.62786
19-Jun-20,1.4256,3.0137,3.86709,1.71248,3.11576,1.61289
22-Jun-20,1.43578,3.0264,3.84887,1.70097,3.11379,1.59228
23-Jun-20,1.46489,3.07024,3.91907,1.72157,3.17327,1.61567
24-Jun-20,1.50921,3.11386,3.99748,1.73592,3.23195,1.65348
25-Jun-20,1.51416,3.11065,3.99806,1.73725,3.23929,1.74512
26-Jun-20,1.5114,3.11009,4.014,1.74232,3.25401,1.9237
29-Jun-20,1.50356,3.10088,4.09198,1.73771,3.23584,1.85757
30-Jun-20,1.48361,3.06148,4.13402,1.71183,3.18459,1.75753
01-Jul-20,1.50086,3.07776,4.07525,1.71426,3.18666,1.79661
02-Jul-20,1.49421,3.0477,4.04328,1.69308,3.16245,1.7844
06-Jul-20,1.50034,3.02918,4.01508,1.68437,3.11094,1.74875
07-Jul-20,1.48423,3.01902,4.0576,1.68036,3.10403,1.73255
08-Jul-20,1.50148,3.03707,4.07208,1.68428,3.11231,1.73662
09-Jul-20,1.48593,3.00373,4.02829,1.67137,3.07431,1.71547
10-Jul-20,1.51026,3.01571,4.06758,1.66468,3.05287,1.73162
13-Jul-20,1.49823,3.01382,4.07898,1.67009,3.06945,1.74114
14-Jul-20,1.50079,3.01783,4.10975,1.68689,3.09374,1.74454
15-Jul-20,1.48607,2.99864,4.07994,1.67113,3.0697,1.71921
16-Jul-20,1.49085,2.99972,4.08157,1.67164,3.0696,1.71994
17-Jul-20,1.5044,3.01368,4.10584,1.67262,3.08994,1.73275
20-Jul-20,1.50765,3.01839,4.11451,1.67765,3.09498,1.73687
21-Jul-20,1.50094,3.02272,4.12519,1.68534,3.10838,1.74404
22-Jul-20,1.49757,2.97474,4.12638,1.63699,3.0903,1.70305
23-Jul-20,1.46923,2.92553,3.97565,1.61339,2.96586,1.62427
24-Jul-20,1.45055,2.90403,3.91724,1.60588,2.92097,1.59461
27-Jul-20,1.45711,2.89129,3.87671,1.5834,2.88337,1.5737
28-Jul-20,1.42557,2.84582,3.80735,1.56652,2.83315,1.54596
29-Jul-20,1.42618,2.83886,3.78082,1.55752,2.81187,1.47776
30-Jul-20,1.40441,2.79249,3.76145,1.55108,2.80625,1.51629
31-Jul-20,1.42186,2.80789,3.77753,1.55341,2.81693,1.52213
03-Aug-20,1.40134,2.78701,3.75998,1.54501,2.80922,1.51796
04-Aug-20,1.40263,2.78665,3.79725,1.54775,2.82684,1.54391
05-Aug-20,1.4016,2.78021,3.80907,1.54652,2.83976,1.55068
06-Aug-20,1.36792,2.73765,3.73027,1.51959,2.80353,1.52371
07-Aug-20,1.36576,2.73399,3.70198,1.51912,2.80136,1.52201
10-Aug-20,1.38201,2.71838,3.63234,1.49939,2.71659,1.51932
11-Aug-20,1.42675,2.7579,3.71544,1.49829,2.77539,1.55895
12-Aug-20,1.43613,2.72687,3.66061,1.45424,2.74764,1.50984
13-Aug-20,1.46142,2.7422,3.59194,1.43089,2.73151,1.47173
14-Aug-20,1.44118,2.69699,3.45743,1.40858,2.66543,1.40863
17-Aug-20,1.42543,2.69914,3.55614,1.42069,2.71492,1.46574
18-Aug-20,1.41825,2.69967,3.55572,1.41617,2.70574,1.46057
19-Aug-20,1.42668,2.71401,3.58454,1.41985,2.7303,1.47632
20-Aug-20,1.40177,2.66855,3.56725,1.40931,2.65827,1.47846
21-Aug-20,1.39128,2.6786,3.60848,1.42685,2.72981,1.50271
24-Aug-20,1.39858,2.68878,3.62395,1.43131,2.74101,1.50916
25-Aug-20,1.44892,2.73732,3.66064,1.43293,2.75387,1.51514
26-Aug-20,1.50245,2.82218,3.77177,1.46935,2.83259,1.56004
27-Aug-20,1.56461,2.90205,3.8533,1.48929,2.88269,1.58386
28-Aug-20,1.53741,2.92367,3.88657,1.52197,2.92114,1.59646
31-Aug-20,1.51586,2.89791,3.83419,1.5206,2.8765,1.56687
01-Sep-20,1.49371,2.8673,3.78748,1.51126,2.8446,1.54865
02-Sep-20,1.50438,2.86861,3.78647,1.50902,2.83551,1.54498
03-Sep-20,1.50609,2.92963,3.84282,1.56481,2.88386,1.56122
04-Sep-20,1.49554,2.97265,3.88202,1.60231,2.92322,1.57214
08-Sep-20,1.51374,2.98851,3.89043,1.60662,2.92473,1.57238
09-Sep-20,1.51159,2.99984,3.91712,1.61421,2.95269,1.58767
10-Sep-20,1.52284,3.01342,3.93513,1.61927,2.96467,1.59513
11-Sep-20,1.48834,2.98575,3.88897,1.61968,2.93283,1.5721
14-Sep-20,1.49351,2.9902,3.89502,1.62164,2.93575,1.57375
15-Sep-20,1.46968,3.00304,3.89373,1.64986,2.9431,1.56855
16-Sep-20,1.41841,2.9574,3.83426,1.64649,2.90793,1.54146
17-Sep-20,1.3779,2.90159,3.74892,1.62666,2.84424,1.50113
18-Sep-20,1.37152,2.87663,3.72586,1.60763,2.82351,1.49145
21-Sep-20,1.37803,2.88061,3.73553,1.60861,2.82868,1.49684
22-Sep-20,1.40901,2.88761,3.7664,1.59115,2.8412,1.51137
23-Sep-20,1.38207,2.86383,3.75429,1.58977,2.84335,1.51241
24-Sep-20,1.3586,2.84055,3.74535,1.58784,2.84463,1.51441
25-Sep-20,1.40324,2.89001,3.80372,1.59913,2.87813,1.53584
28-Sep-20,1.42176,2.93289,3.86784,1.62636,2.93091,1.563
29-Sep-20,1.40581,2.92178,3.86605,1.58721,2.93717,1.5542
30-Sep-20,1.40715,2.96037,3.94039,1.61846,3.00443,1.58922
01-Oct-20,1.38823,2.93336,3.89882,1.61,2.97526,1.57166
02-Oct-20,1.35922,2.92086,3.86473,1.62081,2.95695,1.55374
05-Oct-20,1.42066,2.97197,3.91128,1.61169,2.9712,1.56538
06-Oct-20,1.45928,3.02386,4.01136,1.62907,3.01816,1.57681
07-Oct-20,1.44335,3.0123,4.00123,1.62672,3.01594,1.57425
08-Oct-20,1.45269,2.96193,3.92774,1.57203,2.94847,1.54686
09-Oct-20,1.42325,2.93802,3.90069,1.59772,2.93633,1.53735
13-Oct-20,1.38862,2.86615,3.77041,1.56237,2.83552,1.48034
14-Oct-20,1.39385,2.8489,3.73131,1.54365,2.79583,1.45989
15-Oct-20,1.42976,2.85591,3.73856,1.49694,2.78631,1.4612
16-Oct-20,1.48349,2.86313,3.76691,1.52282,2.76534,1.46543
19-Oct-20,1.49312,2.86796,3.80096,1.50929,2.78863,1.48602
20-Oct-20,1.45136,2.84713,3.73235,1.46802,2.70778,1.42445
21-Oct-20,1.47867,2.84548,3.66669,1.44107,2.69989,1.39065
22-Oct-20,1.48689,2.81108,3.59011,1.40082,2.62953,1.35464
23-Oct-20,1.50423,2.83475,3.57431,1.40837,2.61053,1.34021
26-Oct-20,1.51318,2.81347,3.59202,1.39555,2.58567,1.34589
27-Oct-20,1.52902,2.84326,3.63818,1.41437,2.62074,1.50732
28-Oct-20,1.5108,2.83271,3.6708,1.41807,2.65482,1.5283
29-Oct-20,1.55157,2.94671,3.77944,1.49362,2.73119,1.56155
30-Oct-20,1.58114,2.99625,3.82366,1.51418,2.75649,1.57163
02-Nov-20,1.5811,2.97723,3.80469,1.50068,2.74041,1.56451
03-Nov-20,1.56665,2.98345,3.8193,1.51312,2.75795,1.56966
04-Nov-20,1.37293,2.74129,3.5181,1.45082,2.57609,1.4576
05-Nov-20,1.32606,2.67814,3.46036,1.44951,2.45062,1.39662
06-Nov-20,1.31679,2.66468,3.4565,1.40411,2.4418,1.40449
09-Nov-20,1.38705,2.73657,3.52513,1.38706,2.46472,1.42705
10-Nov-20,1.40293,2.75513,3.49391,1.39111,2.41406,1.4088
12-Nov-20,1.38046,2.67717,3.39986,1.35253,2.35899,1.34004
13-Nov-20,1.38054,2.64511,3.37488,1.32199,2.32938,1.33028
16-Nov-20,1.43908,2.66346,3.38565,1.30707,2.31419,1.32529
17-Nov-20,1.44988,2.65214,3.38525,1.28307,2.30537,1.29216
18-Nov-20,1.44641,2.6606,3.43731,1.28853,2.32623,1.27194
19-Nov-20,1.46169,2.69001,3.53835,1.30257,2.36768,1.22988
20-Nov-20,1.44934,2.67562,3.50603,1.30747,2.37355,1.30422
23-Nov-20,1.46154,2.69597,3.52538,1.31287,2.38609,1.30917
24-Nov-20,1.47413,2.70444,3.52179,1.30642,2.37984,1.30464
25-Nov-20,1.48548,2.71931,3.56046,1.30605,2.41341,1.3025
27-Nov-20,1.4975,2.71739,3.56929,1.30777,2.41658,1.31395
30-Nov-20,1.50747,2.74814,3.60312,1.31212,2.43389,1.3177
01-Dec-20,1.54069,2.80108,3.65024,1.31612,2.46521,1.33763
02-Dec-20,1.61587,2.87994,3.68863,1.32447,2.47438,1.33813
03-Dec-20,1.58901,2.82339,3.6071,1.29943,2.40997,1.30854
04-Dec-20,1.60938,2.84572,3.57656,1.29752,2.35651,1.29863
07-Dec-20,1.62372,2.8558,3.60328,1.30714,2.39625,1.3176
08-Dec-20,1.63058,2.84214,3.57304,1.294,2.36717,1.30287
09-Dec-20,1.63049,2.8592,3.59574,1.30435,2.38624,1.3104
10-Dec-20,1.6348,2.86107,3.61039,1.29292,2.3973,1.29848
11-Dec-20,1.64342,2.88666,3.68443,1.29203,2.45607,1.31541
14-Dec-20,1.6732,2.88973,3.69383,1.31058,2.42929,1.31836
15-Dec-20,1.63981,2.88011,3.67364,1.31521,2.4098,1.32478
16-Dec-20,1.6468,2.88849,3.68002,1.32031,2.41557,1.32696
17-Dec-20,1.63751,2.87862,3.64002,1.31506,2.38692,1.30733
18-Dec-20,1.64041,2.90224,3.66268,1.3227,2.41167,1.31196
21-Dec-20,1.63912,2.89621,3.63939,1.3231,2.38349,1.30265
22-Dec-20,1.63299,2.87306,3.59955,1.31657,2.3497,1.28951
23-Dec-20,1.63399,2.895,3.61846,1.31722,2.3765,1.2912
24-Dec-20,1.62764,2.87722,3.60453,1.31712,2.35797,1.28949
28-Dec-20,1.63388,2.84513,3.59352,1.32267,2.42367,1.29424
29-Dec-20,1.64191,2.91581,3.65467,1.36049,2.61764,1.31033
30-Dec-20,1.6385,2.96205,3.70001,1.40495,2.65967,1.32453
31-Dec-20,1.66776,3.00359,3.75307,1.43533,2.75234,1.34456
04-Jan-21,1.65588,2.97831,3.70955,1.41837,2.72334,1.32624
05-Jan-21,1.63996,2.93816,3.65141,1.38107,2.67867,1.30254
06-Jan-21,1.63987,2.95016,3.65635,1.3541,2.69637,1.29983
07-Jan-21,1.66513,2.9791,3.68105,1.34208,2.6979,1.30727
08-Jan-21,1.73422,3.01665,3.69051,1.29984,2.68066,1.307
11-Jan-21,1.83109,3.0659,3.70393,1.25738,2.66499,1.30734
12-Jan-21,1.87478,3.08781,3.6892,1.24132,2.65314,1.30122
13-Jan-21,1.81471,2.90495,3.58698,1.30269,2.46176,1.28598
14-Jan-21,1.82091,2.99955,3.70006,1.3384,2.5764,1.31895
15-Jan-21,1.80322,2.95393,3.64501,1.32985,2.54759,1.30258
19-Jan-21,1.79174,2.95156,3.61675,1.33104,2.52919,1.2478
20-Jan-21,1.81384,2.88008,3.49618,1.35625,2.38948,1.22017
21-Jan-21,1.84656,2.95324,3.58807,1.38281,2.47357,1.25539
22-Jan-21,1.77245,3.00753,3.69073,1.37612,2.60062,1.27621
25-Jan-21,1.76253,3.00961,3.65284,1.40399,2.536,1.25559
26-Jan-21,1.72691,2.96723,3.60637,1.39222,2.499,1.23769
27-Jan-21,1.72912,2.96661,3.55564,1.41677,2.47591,1.2453
28-Jan-21,1.74124,2.95807,3.6,1.43411,2.48201,1.25727
29-Jan-21,1.79633,2.97927,3.65573,1.44124,2.52839,1.26828
01-Feb-21,1.80818,2.98923,3.62878,1.4456,2.50329,1.25371
02-Feb-21,1.81901,3.01127,3.63467,1.44198,2.50458,1.25047
03-Feb-21,1.84468,3.11754,3.62545,1.44781,2.5736,1.26623
04-Feb-21,1.8791,3.13918,3.67405,1.45062,2.6181,1.28987
05-Feb-21,1.90437,3.18844,3.70773,1.45329,2.66844,1.30373
08-Feb-21,1.93564,3.21415,3.72488,1.4681,2.65041,1.3041
09-Feb-21,1.94607,3.2081,3.71988,1.45998,2.65709,1.30682
10-Feb-21,1.9633,3.23144,3.74594,1.47481,2.66478,1.31143
11-Feb-21,1.98892,3.29707,3.86137,1.50756,2.76587,1.35619
12-Feb-21,2.08231,3.3493,3.9176,1.52376,2.80015,1.39296
16-Feb-21,2.22614,3.59404,4.11718,1.57336,2.93084,1.45223
17-Feb-21,2.19156,3.43006,3.95231,1.51564,2.74948,1.39066
18-Feb-21,2.25474,3.41265,3.90766,1.48401,2.72149,1.37654
19-Feb-21,2.39457,3.56139,3.98651,1.49233,2.76709,1.39669
22-Feb-21,2.50148,3.61521,4.02794,1.48351,2.80524,1.4141
23-Feb-21,2.52985,3.54002,3.95134,1.45365,2.7606,1.40884
24-Feb-21,2.53939,3.53164,3.95394,1.45725,2.7801,1.4234
25-Feb-21,2.67231,3.57692,3.99508,1.45446,2.8541,1.43907
26-Feb-21,2.59039,3.38692,3.8326,1.42837,2.78608,1.39839
01-Mar-21,2.47335,3.34634,3.66079,1.3736,2.6542,1.34084
02-Mar-21,2.3443,3.21973,3.5389,1.33166,2.53763,1.29561
03-Mar-21,2.43981,3.40051,3.70712,1.3927,2.63956,1.34788
04-Mar-21,2.51288,3.56955,3.75072,1.56806,2.68506,1.54968
05-Mar-21,2.58747,3.69185,3.82914,1.56502,2.82215,1.53164
08-Mar-21,2.64837,3.67686,3.85584,1.58036,2.7999,1.55421
09-Mar-21,2.60307,3.62266,3.89863,1.58042,2.81517,1.55891
10-Mar-21,2.55782,3.5239,3.82932,1.54926,2.76789,1.528
11-Mar-21,2.54278,3.55043,3.93506,1.58163,2.85197,1.6093
12-Mar-21,2.7043,3.87923,4.16318,1.7038,3.01993,1.697
15-Mar-21,2.65211,3.79838,4.12385,1.6849,2.99104,1.68232
16-Mar-21,2.61292,3.72022,4.17225,1.67751,3.00815,1.67317
17-Mar-21,2.56773,3.82691,4.16752,1.70075,3.02789,1.67727
18-Mar-21,2.68311,3.7858,4.25935,1.767,3.22273,1.73395
19-Mar-21,2.72554,3.81841,4.22588,1.748,3.13598,1.73455
22-Mar-21,2.7088,3.71473,4.12547,1.7115,3.08601,1.70871
23-Mar-21,2.53962,3.58707,4.02657,1.64028,2.95188,1.64397
24-Mar-21,2.52276,3.56057,4.02198,1.63252,2.94246,1.63673
25-Mar-21,2.54409,3.54242,4.01704,1.6375,2.98189,1.64604
26-Mar-21,2.5506,3.58567,4.11344,1.65095,3.02373,1.6575
29-Mar-21,2.58615,3.65383,4.23522,1.67449,3.0937,1.68126
30-Mar-21,2.52263,3.66528,4.18157,1.69377,3.09181,1.69028
31-Mar-21,2.64111,3.72323,4.23817,1.7437,3.15741,1.72478
01-Apr-21,2.58462,3.68821,4.26628,1.72047,3.09437,1.70378
02-Apr-21,2.57819,3.62632,4.28773,1.70283,3.07441,1.69261
05-Apr-21,2.3966,3.2183,4.03772,1.67762,2.92844,1.68519
06-Apr-21,2.54262,3.53129,4.03904,1.69997,3.06228,1.68019
07-Apr-21,2.56211,3.70775,4.23442,1.73263,3.17183,1.73871
08-Apr-21,2.50149,3.67889,4.17885,1.72107,3.13597,1.73019
09-Apr-21,2.52358,3.71176,4.22837,1.73056,3.09457,1.73769
12-Apr-21,2.49627,3.73291,4.22041,1.77113,3.15722,1.74039
13-Apr-21,2.48753,3.70808,4.19133,1.77658,3.15161,1.74235
14-Apr-21,2.50156,3.7144,4.27605,1.78665,3.18915,1.75119
15-Apr-21,2.45675,3.62247,4.19082,1.76938,3.15205,1.74426
16-Apr-21,2.45111,3.6911,4.23592,1.78805,3.168,1.77107
19-Apr-21,2.45831,3.71549,4.25269,1.78628,3.17182,1.76364
20-Apr-21,2.45682,3.70854,4.18595,1.78031,3.16082,1.76064
21-Apr-21,2.39529,3.61989,4.09781,1.74297,3.09838,1.72538
22-Apr-21,2.37874,3.6085,4.15127,1.72776,3.07238,1.71024
23-Apr-21,2.37117,3.59191,4.13827,1.72034,3.06076,1.70299
26-Apr-21,2.29002,3.54807,4.1143,1.70875,2.95537,1.66957
27-Apr-21,2.31261,3.58332,4.11919,1.70975,2.95623,1.66528
28-Apr-21,2.33415,3.59752,4.13188,1.7105,2.96988,1.6702
29-Apr-21,2.33693,3.61236,4.10554,1.71211,2.95704,1.66378
30-Apr-21,2.34038,3.60257,4.10171,1.7084,2.95661,1.66195
03-May-21,2.26775,3.5251,4.09554,1.69645,2.88527,1.61011
04-May-21,2.26614,3.48106,4.08691,1.67528,2.87376,1.61908
05-May-21,2.27476,3.47088,3.98779,1.64067,2.86494,1.59602
06-May-21,2.27512,3.47636,4.013,1.65374,2.88429,1.61229
07-May-21,2.22403,3.49725,3.96898,1.65124,2.83791,1.59234
10-May-21,2.2409,3.51686,3.9812,1.6531,2.85197,1.59744
11-May-21,2.28773,3.57927,4.05316,1.67889,2.90545,1.62522
12-May-21,2.3822,3.62113,4.12254,1.68389,2.96745,1.64019
13-May-21,2.35679,3.57754,4.08153,1.67323,2.9389,1.63188
14-May-21,2.32545,3.54143,4.04264,1.66395,2.91281,1.61897
17-May-21,2.31686,3.53324,4.03864,1.65958,2.9051,1.6153
18-May-21,2.31124,3.53024,4.02898,1.65475,2.89952,1.61068
19-May-21,2.34275,3.56082,4.07436,1.66419,2.93264,1.61912
20-May-21,2.29414,3.52545,4.04918,1.65782,2.91355,1.61462
21-May-21,2.31186,3.52158,4.06547,1.65952,2.92983,1.62103
24-May-21,2.2824,3.51517,4.04548,1.65033,2.91201,1.61085
25-May-21,2.25735,3.45458,3.98619,1.62606,2.87536,1.59345
26-May-21,2.27283,3.44278,3.90287,1.6161,2.8574,1.57999
27-May-21,2.28775,3.43988,3.91295,1.61007,2.79535,1.58248
28-May-21,2.22902,3.35469,3.83237,1.57692,2.71821,1.5509
01-Jun-21,2.21877,3.34426,3.80283,1.5633,2.69302,1.537
02-Jun-21,2.21543,3.30514,3.73812,1.54732,2.66039,1.52501
03-Jun-21,2.24877,3.31824,3.75091,1.54839,2.74114,1.51994
04-Jun-21,2.15451,3.20615,3.6442,1.51045,2.66521,1.484
07-Jun-21,2.11475,3.1561,3.59109,1.48718,2.62473,1.46096
08-Jun-21,2.12946,3.14261,3.59858,1.4944,2.62678,1.45972
09-Jun-21,2.14706,3.18014,3.66759,1.51301,2.66053,1.47907
10-Jun-21,2.09676,3.25483,3.70769,1.50574,2.63054,1.47336
11-Jun-21,2.0927,3.29435,3.7777,1.5298,2.66247,1.49312
14-Jun-21,2.11616,3.3308,3.74674,1.54307,2.68196,1.50463
15-Jun-21,2.10345,3.30168,3.7214,1.53194,2.66717,1.49573
16-Jun-21,2.17007,3.33735,3.78542,1.54703,2.71978,1.50635
17-Jun-21,2.06109,3.25058,3.7781,1.5298,2.70133,1.48838
18-Jun-21,2.05173,3.44559,4.01642,1.57424,2.86164,1.55502
21-Jun-21,2.04667,3.51192,4.08599,1.57473,2.81558,1.55873
22-Jun-21,2.00977,3.42417,3.97914,1.5357,2.78772,1.51836
23-Jun-21,1.94628,3.36594,3.93072,1.50644,2.74036,1.48454
24-Jun-21,2.03644,3.29797,3.92972,1.56504,2.69827,1.48019
25-Jun-21,2.06084,3.35829,3.94766,1.58285,2.72246,1.50078
28-Jun-21,2.00382,3.30497,3.88868,1.55217,2.66951,1.46821
29-Jun-21,1.98492,3.30587,3.89516,1.55447,2.69428,1.46926
30-Jun-21,1.94277,3.31033,3.9155,1.54643,2.6851,1.46643
01-Jul-21,1.97249,3.3574,3.98134,1.56863,2.72107,1.47642
02-Jul-21,1.94054,3.29509,3.89219,1.54112,2.67178,1.4574
06-Jul-21,1.88602,3.20014,3.62424,1.52107,2.63645,1.44983
07-Jul-21,1.8958,3.20191,3.65373,1.52945,2.65673,1.46364
08-Jul-21,1.93135,3.21317,3.6685,1.54424,2.67947,1.48372
09-Jul-21,1.95352,3.20794,3.68234,1.54969,2.69676,1.48779
12-Jul-21,1.94645,3.21991,3.7015,1.55457,2.70905,1.49628
13-Jul-21,1.95591,3.24324,3.75401,1.56575,2.73901,1.49548
14-Jul-21,1.94159,3.21683,3.70434,1.54905,2.71051,1.48473
15-Jul-21,1.93252,3.30315,3.7154,1.54585,2.67251,1.48032
16-Jul-21,1.93527,3.32372,3.74292,1.55442,2.68749,1.49102
19-Jul-21,1.9636,3.38337,3.77114,1.57327,2.71536,1.51982
20-Jul-21,1.94583,3.35196,3.76717,1.57738,2.71345,1.53275
21-Jul-21,1.96264,3.32577,3.76052,1.57311,2.71257,1.52319
22-Jul-21,1.94459,3.31337,3.75189,1.5683,2.70456,1.51854
23-Jul-21,1.94737,3.32739,3.77012,1.57726,2.7154,1.52701
26-Jul-21,2.05228,3.3601,3.84362,1.59116,2.76618,1.54489
27-Jul-21,2.0477,3.40866,3.84602,1.58809,2.76576,1.54668
28-Jul-21,2.00141,3.35628,3.77225,1.56505,2.70782,1.51826
29-Jul-21,2.01144,3.34472,3.76704,1.56809,2.71123,1.5222
30-Jul-21,2.00483,3.34932,3.8332,1.56835,2.74939,1.54179
02-Aug-21,1.97538,3.34798,3.812,1.56722,2.73438,1.54462
03-Aug-21,1.9955,3.36822,3.82975,1.57718,2.74818,1.55231
04-Aug-21,2.03852,3.41758,3.8688,1.5887,2.77384,1.55936
05-Aug-21,2.04565,3.46351,3.91093,1.60326,2.81327,1.56965
06-Aug-21,2.04726,3.45386,3.89578,1.60597,2.80648,1.55675
09-Aug-21,2.08164,3.51614,3.93116,1.63341,2.83275,1.5755
10-Aug-21,2.09635,3.52884,3.9301,1.63809,2.83392,1.57382
11-Aug-21,2.09882,3.48501,3.87296,1.62395,2.80942,1.56316
12-Aug-21,2.08694,3.45588,3.85268,1.61092,2.7903,1.54709
13-Aug-21,2.05655,3.36198,3.77441,1.60455,2.76639,1.53282
16-Aug-21,2.04352,3.35589,3.76801,1.59961,2.76357,1.53459
17-Aug-21,2.02876,3.35468,3.7539,1.59551,2.74958,1.52831
18-Aug-21,2.02198,3.34235,3.73597,1.59101,2.5574,1.51996
19-Aug-21,2.02162,3.37875,3.75194,1.60012,2.56465,1.52912
20-Aug-21,2.01661,3.37195,3.75325,1.59746,2.55777,1.51878
23-Aug-21,2.00369,3.34917,3.72909,1.58719,2.54459,1.50822
24-Aug-21,2.01403,3.34556,3.73417,1.59136,2.54843,1.50855
25-Aug-21,2.03349,3.23594,3.76265,1.60492,2.63335,1.5184
26-Aug-21,2.01282,3.29259,3.76979,1.6018,2.64017,1.51115
27-Aug-21,1.96747,3.21271,3.61637,1.56428,2.54421,1.4504
30-Aug-21,1.96614,3.21279,3.61749,1.56475,2.54772,1.45537
31-Aug-21,1.96009,3.21119,3.62445,1.57028,2.55213,1.45845
01-Sep-21,1.96066,3.20455,3.6134,1.56391,2.54346,1.45108
02-Sep-21,1.95613,3.18551,3.59267,1.55159,2.53003,1.4376
03-Sep-21,1.95235,3.14786,3.5634,1.54279,2.51409,1.42957
07-Sep-21,1.95475,3.15272,3.57331,1.54936,2.51943,1.43204
08-Sep-21,1.94563,3.16636,3.5684,1.54873,2.51579,1.43678
09-Sep-21,1.92375,3.15747,3.54546,1.53733,2.49485,1.28171
10-Sep-21,1.92823,3.16816,3.58078,1.54855,2.51139,1.28515
13-Sep-21,1.91816,3.12209,3.57404,1.54195,2.50283,1.27731
14-Sep-21,1.89017,3.12778,3.54899,1.53572,2.47976,1.27176
15-Sep-21,1.89404,3.14,3.58399,1.54651,2.49839,1.27716
16-Sep-21,1.90656,3.18409,3.60883,1.556,2.50945,1.27997
17-Sep-21,2.05228,3.17998,3.59372,1.5704,2.4624,1.28701
20-Sep-21,1.9934,3.18464,3.60362,1.57194,2.50372,1.2903
21-Sep-21,1.99981,3.18037,3.61573,1.56601,2.49949,1.28251
22-Sep-21,1.96972,3.14441,3.57315,1.55774,2.4851,1.26815
23-Sep-21,2.02071,3.1212,3.62074,1.59412,2.54518,1.29561
24-Sep-21,2.04302,3.14984,3.58173,1.61258,2.44308,1.31551
27-Sep-21,2.05964,3.24932,3.6818,1.61849,2.45113,1.3126
28-Sep-21,2.096,3.25676,3.69579,1.63994,2.48608,1.34322
29-Sep-21,2.09036,3.23192,3.67301,1.63267,2.4802,1.36059
30-Sep-21,2.0904,3.2381,3.68002,1.63619,2.48632,1.35975
01-Oct-21,2.03699,3.21884,3.64049,1.62404,2.4577,1.3525
04-Oct-21,2.03192,3.20685,3.63309,1.61909,2.45173,1.37069
05-Oct-21,2.05238,3.2279,3.66863,1.63371,2.47637,1.38336
06-Oct-21,2.0561,3.22456,3.63213,1.62524,2.46678,1.37963
07-Oct-21,2.10167,3.24538,3.67253,1.64164,2.5028,1.39358
08-Oct-21,2.09895,3.24587,3.66883,1.64239,2.49943,1.39117
12-Oct-21,2.07101,3.29407,3.68783,1.63836,2.49186,1.38524
13-Oct-21,2.06844,3.35022,3.70028,1.6317,2.48981,1.3654
14-Oct-21,2.06101,3.33947,3.69367,1.62795,2.48882,1.36582
15-Oct-21,2.15341,3.40494,3.77022,1.676,2.58313,1.36856
18-Oct-21,2.18773,3.4818,3.91649,1.69212,2.59921,1.36583
19-Oct-21,2.1938,3.45956,4.03011,1.68874,2.66693,1.36832
20-Oct-21,2.18132,3.50066,3.93744,1.67894,2.73763,1.38795
21-Oct-21,2.30293,3.67828,4.16107,1.69351,2.83216,1.40645
22-Oct-21,2.28998,3.7372,4.26592,1.73373,2.89743,1.42047
25-Oct-21,2.28071,3.68623,4.21774,1.69801,2.91985,1.41787
26-Oct-21,2.28728,3.73238,4.25723,1.69917,2.92346,1.41997
27-Oct-21,2.29948,3.8613,4.35536,1.71042,2.91549,1.41606
28-Oct-21,2.35509,3.96664,4.50144,1.72665,2.9985,1.41584
29-Oct-21,2.43142,4.09527,4.65356,1.77785,3.08662,1.43649
01-Nov-21,2.43181,4.10683,4.65927,1.78855,3.10314,1.44912
02-Nov-21,2.36647,3.84624,4.34801,1.73238,3.01207,1.44537
03-Nov-21,2.34223,3.81652,4.3096,1.7226,2.99508,1.43863
04-Nov-21,2.22485,3.60964,4.10189,1.65789,2.86979,1.40383
05-Nov-21,2.22577,3.6528,4.18147,1.67288,2.91349,1.42225
08-Nov-21,2.25885,3.71212,4.25034,1.69116,2.93975,1.42264
09-Nov-21,2.28711,3.77162,4.3137,1.71169,2.9742,1.43864
10-Nov-21,2.43516,4.04527,4.56747,1.79534,3.08504,1.48894
12-Nov-21,2.50908,4.181,4.72488,1.95081,3.16506,1.52791
15-Nov-21,2.55087,4.2433,4.79948,1.91915,3.20956,1.54917
16-Nov-21,2.53298,4.21922,4.77485,1.91154,3.19533,1.5461
17-Nov-21,2.45304,4.08647,4.6169,1.8643,3.11549,1.51032
18-Nov-21,2.44159,4.02133,4.65671,1.85361,3.08616,1.49419
19-Nov-21,2.43326,4.02147,4.67744,1.85769,3.08471,1.49314
22-Nov-21,2.50382,4.12315,4.84558,1.88824,3.12984,1.50526
23-Nov-21,2.53662,4.17111,4.86089,1.91247,3.17534,1.52892
24-Nov-21,2.54601,4.19024,4.96312,1.92198,3.18229,1.5281
26-Nov-21,2.58501,4.26164,4.98653,1.96387,3.25063,1.57097
29-Nov-21,2.52455,4.17085,4.84623,1.92259,3.1892,1.54652
30-Nov-21,2.55489,4.22788,4.99118,1.93849,3.21346,1.55627
01-Dec-21,2.55736,4.2085,4.81282,1.94299,3.21925,1.54993
02-Dec-21,2.60105,4.25946,4.95767,1.96424,3.24551,1.55647
03-Dec-21,2.55347,4.20734,4.76694,1.97088,3.25933,1.56657
06-Dec-21,2.58837,4.2834,4.96257,1.96664,3.24757,1.55903
07-Dec-21,2.58787,4.21141,4.89873,1.95794,3.23068,1.54689
08-Dec-21,2.4716,4.07099,4.65835,1.89773,3.09162,1.50919
09-Dec-21,2.46059,4.03592,4.65374,1.91642,3.07069,1.50039
10-Dec-21,2.42775,3.94014,4.41528,1.86617,3.0179,1.49995
13-Dec-21,2.4158,3.80985,4.24532,1.87982,3.01481,1.52108
14-Dec-21,2.40511,3.84826,4.34706,1.86171,3.00275,1.49278
15-Dec-21,2.3833,3.80583,4.31011,1.83634,2.96363,1.4733
16-Dec-21,2.35335,3.75499,4.20446,1.80291,2.92343,1.47179
17-Dec-21,2.33247,3.72376,4.21645,1.81199,2.93396,1.47722
20-Dec-21,2.33443,3.74545,4.19204,1.81309,2.9401,1.48061
21-Dec-21,2.38018,3.8191,4.40026,1.84392,2.98647,1.49634
22-Dec-21,2.38023,3.8123,4.30989,1.83073,2.9635,1.48658
23-Dec-21,2.38283,3.82217,4.35431,1.83242,2.96997,1.49176
24-Dec-21,N/A,N/A,N/A,N/A,N/A,N/A
27-Dec-21,2.36506,3.78311,4.34611,1.81947,2.94532,1.48052
28-Dec-21,2.35017,3.76338,4.30404,1.80678,2.92731,1.47335
29-Dec-21,2.37743,3.82462,4.3365,1.82721,2.96218,1.4873
30-Dec-21,2.37222,3.80877,4.33893,1.82716,2.95853,1.48457
31-Dec-21,2.37416,3.80138,4.34291,1.82726,2.95051,1.47583
03-Jan-22,2.4102,3.87237,4.39118,1.84814,2.98416,1.48837
04-Jan-22,2.36586,3.82375,4.27237,1.83699,2.96953,1.48974
05-Jan-22,2.36608,3.80896,4.29882,1.84191,2.96797,1.48781
06-Jan-22,2.36336,3.80171,4.30134,1.85136,2.97855,1.49601
07-Jan-22,2.36134,3.80807,4.31862,1.8529,2.97699,1.4984
10-Jan-22,2.34681,3.77819,4.33766,1.84154,2.9549,1.48804
11-Jan-22,2.37246,3.82418,4.27556,1.85484,2.97981,1.50115
12-Jan-22,2.36663,3.8139,4.32108,1.85215,2.97899,1.50263
13-Jan-22,2.34833,3.78292,4.28716,1.83851,2.95528,1.49015
14-Jan-22,2.37338,3.81395,4.36443,1.85756,2.98369,1.5035
18-Jan-22,2.41618,3.85153,4.41651,1.88073,3.0167,1.51047
19-Jan-22,2.42729,3.83174,4.44903,1.88462,3.02233,1.51217
20-Jan-22,2.44461,3.80128,4.47725,1.89816,3.02554,1.51723
21-Jan-22,2.45406,3.81268,4.26118,1.89224,3.03692,1.52217
24-Jan-22,2.46827,3.85991,4.20618,1.89901,3.05505,1.53335
25-Jan-22,2.48113,3.79471,4.25755,1.87101,2.98169,1.52702
26-Jan-22,2.45937,3.74473,4.26108,1.86613,2.96595,1.51851
27-Jan-22,2.52143,3.8006,4.48125,1.88402,2.98924,1.52593
28-Jan-22,2.58309,3.91244,4.56858,1.91588,3.04257,1.56733
31-Jan-22,2.64556,4.00941,4.63694,1.92479,3.05135,1.57047
01-Feb-22,2.63919,4.00657,4.61017,1.91218,3.05304,1.57577
02-Feb-22,2.62329,3.96321,4.58864,1.91302,3.05575,1.57044
03-Feb-22,2.66846,4.03042,4.67323,1.92805,3.07709,1.57644
04-Feb-22,2.78881,4.12993,4.85078,1.97792,3.10411,1.60329
07-Feb-22,2.78122,4.11658,4.85961,1.96952,3.0264,1.59241
08-Feb-22,2.8141,4.17644,4.93173,1.97446,3.05673,1.60643
09-Feb-22,2.81223,4.15585,4.94365,1.96942,3.04788,1.60184
10-Feb-22,3.1,4.49724,5.38543,2.19435,3.25158,1.82083
11-Feb-22,3.23054,4.67192,5.44649,2.26157,3.35104,1.86946
14-Feb-22,3.3669,4.8412,5.65464,2.32485,3.44261,1.91739
15-Feb-22,3.28165,4.66634,5.44901,2.12369,3.28235,1.79665
16-Feb-22,3.03529,4.49493,5.28811,2.10006,3.2473,1.69325
17-Feb-22,3.02404,4.46022,5.22422,2.09003,3.23731,1.69686
18-Feb-22,3.02445,4.42811,5.22112,2.09128,3.2355,1.6928
22-Feb-22,3.03597,4.41759,5.22583,2.05257,3.22205,1.68644
23-Feb-22,3.03403,4.414,5.2275,2.04857,3.21494,1.68232
24-Feb-22,3.04438,4.44112,5.24416,2.06504,3.24444,1.69834
25-Feb-22,3.04483,4.42201,5.23983,2.04667,3.2118,1.68114
28-Feb-22,3.05684,4.47173,5.262,2.06367,3.24224,1.69781
01-Mar-22,3.07237,4.56398,5.3212,2.09503,3.30595,1.74349
02-Mar-22,3.11117,4.51257,5.32982,2.08741,3.28125,1.72249
03-Mar-22,3.18403,4.57079,5.40467,2.12417,3.3397,1.75789
04-Mar-22,3.24664,4.69476,5.58638,2.1707,3.33396,1.84114
07-Mar-22,3.29334,4.74263,5.67987,2.19864,3.36924,1.86038
08-Mar-22,3.36428,4.83447,5.80546,2.22963,3.31743,1.86865
09-Mar-22,3.34959,4.79191,5.75483,2.15611,3.20941,1.81339
10-Mar-22,3.3522,4.81071,5.762,2.17261,3.23232,1.80018
11-Mar-22,3.07154,4.66419,5.51626,1.99376,3.12531,1.78113
14-Mar-22,2.9899,4.55916,5.51838,2.02758,3.21431,1.7832
15-Mar-22,2.9929,4.68563,5.51924,2.042,3.23257,1.78488
16-Mar-22,3.03199,4.69036,5.63706,2.05482,3.24649,1.77383
17-Mar-22,2.843,4.40619,5.25077,1.9702,3.12383,1.74071
18-Mar-22,3.03735,4.61967,5.4833,1.99518,3.43046,1.73237
21-Mar-22,3.12742,4.734,5.71941,2.07734,3.45555,1.7796
22-Mar-22,3.32893,5.08438,6.09245,2.23801,3.65094,1.8815
23-Mar-22,3.3707,5.14904,6.17921,2.2684,3.7018,1.90975
24-Mar-22,3.48901,5.3415,6.42408,2.36574,3.93879,2.08315
25-Mar-22,3.75341,5.77974,7.02628,2.61699,4.28727,2.21333
28-Mar-22,3.99173,6.03156,7.39051,2.72684,4.44392,2.26112
29-Mar-22,4.29919,5.98116,7.37028,2.83598,4.44112,2.25086
30-Mar-22,4.43135,5.86721,7.24452,2.89906,4.4016,2.23054
31-Mar-22,4.18864,5.61653,6.98011,2.75725,4.22009,2.1914
01-Apr-22,4.36594,5.77019,7.33627,2.79847,4.30491,2.23347
04-Apr-22,4.24468,5.63229,7.11742,2.74254,4.21628,2.1916
05-Apr-22,4.2815,5.76452,7.27607,2.79869,4.31437,2.25455
06-Apr-22,4.26968,5.77783,7.25704,2.80078,4.33494,2.314
07-Apr-22,3.95563,5.66764,7.01812,2.68203,4.31712,2.36654
08-Apr-22,3.97609,5.70328,7.09798,2.70794,4.36355,2.40126
11-Apr-22,4.05165,5.77459,7.06486,2.72907,4.39796,2.42971
12-Apr-22,3.94682,5.54816,6.61778,2.58316,4.15075,2.30009
13-Apr-22,3.90509,5.47522,6.51634,2.49563,4.01353,2.23863
14-Apr-22,3.9395,5.52846,6.59089,2.5062,4.03483,2.25926
18-Apr-22,3.77182,5.34148,6.43204,2.46023,4.09235,2.32288
19-Apr-22,3.82433,5.37863,6.56019,2.50459,4.17554,2.3303
20-Apr-22,3.9141,5.45848,6.77269,2.55473,4.25342,2.33534
21-Apr-22,4.09123,5.67489,7.12662,2.69396,4.46836,2.41623
22-Apr-22,4.20915,5.84155,7.26787,2.74397,4.54439,2.45083
25-Apr-22,4.16896,5.78931,7.16392,2.72037,4.49547,2.42174
26-Apr-22,4.13171,5.77376,7.04445,2.67455,4.43487,2.42612
27-Apr-22,4.15223,5.82037,7.06518,2.69853,4.47827,2.46988
28-Apr-22,4.26823,5.9611,7.31408,2.77583,4.63792,2.57568
29-Apr-22,4.15577,6.03744,7.43689,2.79169,4.66483,2.58396
02-May-22,4.14345,6.03659,7.32944,2.82008,4.74016,2.59889
03-May-22,4.06147,5.95003,7.29764,2.81979,4.97863,2.60388
04-May-22,3.87415,5.72881,6.85892,2.70941,4.78572,2.53698
05-May-22,3.84926,5.71388,6.79294,2.71147,4.79347,2.56211
06-May-22,3.83912,5.71547,6.68326,2.75078,4.85401,2.60419
09-May-22,3.88179,5.78348,6.65452,2.7535,4.84082,2.61974
10-May-22,3.89728,5.88763,6.73437,2.78416,4.88392,2.63239
11-May-22,3.81623,5.7723,6.65757,2.71822,4.78293,2.57653
12-May-22,3.85643,6.01626,7.18527,2.75458,4.80341,2.60693
13-May-22,3.86047,6.0148,7.18089,2.73048,4.76216,2.59596
16-May-22,3.7419,5.85137,6.98485,2.63666,4.5736,2.5298
17-May-22,3.74426,5.86066,7.00722,2.62772,4.58589,2.52212
18-May-22,3.74722,5.85892,6.87086,2.59117,4.54108,2.50397
19-May-22,3.72017,5.80825,6.80695,2.57081,4.49001,2.47402
20-May-22,3.68054,5.5917,6.72765,2.52931,4.42975,2.43618
23-May-22,3.62716,5.50266,6.61166,2.49258,4.36391,2.38375
24-May-22,3.6179,5.4708,6.5765,2.47426,4.30915,2.32999
25-May-22,3.51918,5.32879,6.40595,2.42537,4.20047,2.31658
26-May-22,3.49583,5.29669,6.39776,2.40781,4.16361,2.28325
27-May-22,3.41327,5.17387,6.25118,2.36186,4.09348,2.22225
31-May-22,3.47014,5.25925,6.11335,2.41254,4.16578,2.25846
01-Jun-22,3.53935,5.36147,6.23018,2.47728,4.30177,2.29163
02-Jun-22,3.52741,5.34006,6.2059,2.44661,4.23066,2.25094
03-Jun-22,3.49423,5.22096,6.16464,2.41945,4.1926,2.23036
06-Jun-22,3.49271,5.14957,6.16283,2.3966,4.26416,2.2687
07-Jun-22,3.49645,5.1592,6.18093,2.40686,4.2878,2.28195
08-Jun-22,3.52883,5.26473,6.23424,2.42247,4.31514,2.29854
09-Jun-22,3.58578,5.34681,6.34368,2.46121,4.39466,2.32783
10-Jun-22,3.86752,5.76911,6.91524,2.67256,4.78849,2.50193
13-Jun-22,4.34126,6.46842,7.78223,3.06116,5.43579,2.77377
14-Jun-22,4.4282,6.6094,7.95137,3.07989,5.47942,2.80146
15-Jun-22,4.30345,6.42434,7.65677,2.98038,5.27553,2.68412
16-Jun-22,4.39099,6.55699,7.80731,3.03669,5.3615,3.08378
17-Jun-22,4.41811,6.59249,7.85703,3.0486,5.38712,3.09903
21-Jun-22,4.4021,6.57444,7.79364,3.01177,5.32299,3.08952
22-Jun-22,4.26241,6.35625,7.52066,2.91373,5.14227,2.99034
23-Jun-22,4.22459,6.29894,7.54484,2.87048,5.05599,2.95313
24-Jun-22,4.27369,6.36248,7.63606,2.89665,5.08486,2.96685
27-Jun-22,4.34811,6.46722,7.74488,2.92692,5.14657,2.99172
28-Jun-22,4.28115,6.36246,7.59622,2.89698,5.0784,2.92507
29-Jun-22,4.08933,5.86674,7.2019,2.78158,4.88696,2.85012
30-Jun-22,4.06103,5.79348,7.14368,2.75774,4.80884,2.80824
01-Jul-22,4.17678,5.92184,7.35947,2.8281,4.87748,2.86683
05-Jul-22,4.22531,6.00296,7.46682,2.90325,5.00492,2.93143
06-Jul-22,4.22229,6.03975,7.46995,2.89542,5.02658,2.93523
07-Jul-22,4.3171,6.15073,7.59357,2.82489,5.0895,2.79352
08-Jul-22,3.94908,6.1653,7.5953,2.82296,5.09315,2.79742
11-Jul-22,3.89618,5.88603,7.37954,2.79741,5.03931,2.77309
12-Jul-22,3.84541,5.92662,7.42554,2.8057,5.04972,2.7825
13-Jul-22,3.80113,5.88285,7.37511,2.76064,4.98687,2.74446
14-Jul-22,3.78686,5.85968,7.34518,2.75592,4.99223,2.74916
15-Jul-22,3.64999,5.54944,7.10927,2.6736,4.86235,2.68547
18-Jul-22,3.64427,5.50116,7.10071,2.67301,4.85429,2.68453
19-Jul-22,3.66231,5.52755,7.16051,2.68004,4.88547,2.69829
20-Jul-22,3.7609,5.65271,7.31157,2.67747,4.90147,2.72004
21-Jul-22,3.79986,5.7001,7.35141,2.69554,4.88686,2.7193
22-Jul-22,3.81327,5.71967,7.37198,2.72082,4.90711,2.73849
25-Jul-22,3.76543,5.48973,7.19554,2.66828,4.77085,2.7496
26-Jul-22,3.69792,5.39148,7.00511,2.61654,4.54498,2.706
27-Jul-22,3.48718,5.10039,6.63638,2.53838,4.3766,2.60922
28-Jul-22,3.46901,5.0782,6.48859,2.49558,4.34508,2.59993
29-Jul-22,3.40501,4.98172,6.36361,2.42227,4.22691,2.50954
01-Aug-22,3.39558,4.96278,6.32177,2.38649,4.17717,2.47623
02-Aug-22,3.59277,5.29112,6.69172,2.53623,4.62434,2.54665
03-Aug-22,3.69535,5.43043,6.85488,2.5802,4.68975,2.5613
04-Aug-22,3.65869,5.38639,6.89114,2.56895,4.64568,2.54701
05-Aug-22,3.62864,5.56463,7.04932,2.62133,4.74862,2.58782
08-Aug-22,3.60358,5.5237,7.00199,2.61296,4.73219,2.58162
09-Aug-22,3.71053,5.66101,7.2769,2.6611,4.80795,2.59235
10-Aug-22,3.46063,5.30582,6.84931,2.52733,4.58951,2.51871
11-Aug-22,3.36196,5.16646,6.67489,2.45686,4.4696,2.47845
12-Aug-22,3.29714,5.04619,6.53497,2.41574,4.41472,2.45027
15-Aug-22,3.22706,4.93649,6.39592,2.36571,4.3234,2.41663
16-Aug-22,3.2769,5.11691,6.47253,2.38898,4.37321,2.44564
17-Aug-22,3.40346,5.30958,6.69587,2.45018,4.50588,2.52085
18-Aug-22,3.43149,5.35736,6.76987,2.47958,4.56464,2.56167
19-Aug-22,3.46294,5.41519,6.89396,2.53713,4.68879,2.65216
22-Aug-22,3.5704,5.59118,7.08595,2.63569,4.86794,2.73194
23-Aug-22,3.50025,5.4881,7.00633,2.61657,4.83342,2.72216
24-Aug-22,3.50464,5.55455,7.03977,2.62783,4.88738,2.81353
25-Aug-22,3.38027,5.37978,6.78484,2.55201,4.76569,2.74313
26-Aug-22,3.2327,5.19588,6.5683,2.44916,4.67474,2.65699
29-Aug-22,3.20189,5.16561,6.54714,2.47933,4.75437,2.71291
30-Aug-22,3.22851,5.3341,6.58869,2.52225,4.87087,2.76636
31-Aug-22,3.19422,5.27564,6.54617,2.51316,4.86032,2.78477
01-Sep-22,3.18738,5.26196,6.55809,2.51975,4.9,2.83512
02-Sep-22,3.0946,5.09601,6.37465,2.45217,4.76027,2.81104
06-Sep-22,3.2236,5.45045,6.62922,2.55883,4.97566,2.92161
07-Sep-22,3.17837,5.3651,6.52583,2.52532,4.90404,2.89399
08-Sep-22,3.13226,5.29597,6.42688,2.5108,4.88065,2.88497
09-Sep-22,3.14209,5.331,6.46131,2.50033,4.88029,2.87295
12-Sep-22,3.10069,5.25097,6.37721,2.46801,4.8061,2.86006
13-Sep-22,3.2383,5.52097,6.65219,2.56857,5.02531,2.93553
14-Sep-22,3.27748,5.5908,6.70531,2.58831,5.06438,2.94475
15-Sep-22,3.37329,5.76479,6.87334,2.64221,5.18022,3.02359
16-Sep-22,3.43466,5.85089,7.01989,2.67782,5.22873,3.03006
19-Sep-22,3.47556,5.92865,7.07285,2.70247,5.28939,3.07105
20-Sep-22,3.47121,5.93026,7.09447,2.70625,5.30732,3.09055
21-Sep-22,3.41371,5.80046,6.8907,2.62316,5.14439,3.00116
22-Sep-22,3.45401,5.90771,7.01535,2.6864,5.26378,3.06514
23-Sep-22,3.72602,6.36041,7.43826,2.86962,5.53829,3.15999
26-Sep-22,3.9016,6.73215,7.87527,3.10385,5.96861,3.41653
27-Sep-22,3.93992,6.83397,8.0578,3.15624,6.08912,3.46502
28-Sep-22,4.0421,6.86393,8.15741,3.10897,6.00772,3.36809
29-Sep-22,4.01352,6.91445,8.16976,3.06751,5.92622,3.34087
30-Sep-22,3.93876,6.91376,8.20154,3.02464,5.82786,3.27881
03-Oct-22,3.95117,6.92889,8.18265,3.01243,5.771,3.19784
04-Oct-22,3.87497,6.78254,8.00866,2.9392,5.63084,3.11753
05-Oct-22,4.10238,6.76981,8.04147,3.234,5.7543,3.20225
06-Oct-22,4.08326,6.7707,8.00138,3.24078,5.77807,3.24902
07-Oct-22,4.06542,6.76372,7.9527,3.25317,5.8005,3.28014
11-Oct-22,4.06204,6.75028,7.9603,3.25637,5.84333,3.34609
12-Oct-22,4.06986,6.74514,7.99187,3.26594,5.87769,3.38605
13-Oct-22,4.09771,6.81477,7.97944,3.28362,5.90276,3.40916
14-Oct-22,4.12855,6.86088,8.01522,3.29391,5.91862,3.41948
17-Oct-22,4.06343,6.74233,7.92794,3.24472,5.83691,3.36485
18-Oct-22,4.0083,6.65266,7.82696,3.20485,5.75929,3.31747
19-Oct-22,4.059,6.75108,7.93755,3.2482,5.84165,3.3774
20-Oct-22,4.26002,7.07955,8.12225,3.31945,5.96978,3.4594
21-Oct-22,4.14541,6.9211,8.00613,3.25375,5.85276,3.39643
24-Oct-22,4.32751,6.75568,8.08123,3.25745,5.87063,3.39204
25-Oct-22,4.18558,6.54368,7.80621,3.15463,5.68494,3.29168
26-Oct-22,4.0507,6.3339,7.53286,3.04853,5.49637,3.1838
27-Oct-22,3.96309,6.55348,7.70232,2.9877,5.38529,3.1449
28-Oct-22,4.00404,6.63522,7.78721,3.01846,5.45338,3.1953
31-Oct-22,4.01389,6.58788,7.78227,3.02625,5.46864,3.22507
01-Nov-22,4.00876,6.57725,7.76957,3.02524,5.4721,3.20683
02-Nov-22,3.9327,6.43455,7.59205,2.95397,5.34605,3.12999
03-Nov-22,4.0058,6.53289,7.69023,3.00155,5.43362,3.18679
04-Nov-22,3.85836,6.32299,7.45999,2.92352,5.29436,3.11615
07-Nov-22,3.81435,6.23584,7.34478,2.8823,5.21802,3.07231
08-Nov-22,3.75539,6.11744,7.19513,2.82901,5.11442,3.00683
09-Nov-22,3.7167,6.07764,7.18038,2.82078,5.08214,2.9841
10-Nov-22,3.53902,5.79238,6.85122,2.70233,4.84548,2.85034
14-Nov-22,3.58498,5.86131,6.9451,2.71047,4.8623,2.84193
15-Nov-22,3.63355,5.91991,7.03094,2.75939,4.93039,2.83849
16-Nov-22,3.67519,5.97831,7.23539,2.75882,4.93825,2.83641
17-Nov-22,3.77066,6.12711,7.3978,2.82,5.16424,3.0438
18-Nov-22,3.77932,6.22216,7.50751,2.86016,5.22615,3.17011
21-Nov-22,3.83472,6.36507,7.61781,2.89813,5.29643,3.19936
22-Nov-22,3.91444,6.49571,7.78042,2.9487,5.37397,3.21565
23-Nov-22,3.97904,6.58569,7.88732,2.97489,5.42561,3.24314
25-Nov-22,4.01027,6.63523,7.94789,2.99254,5.45618,3.26399
28-Nov-22,4.02106,6.64906,7.96591,2.99822,5.46792,3.27234
29-Nov-22,3.92083,6.57587,7.88333,2.9688,5.4163,3.25502
30-Nov-22,3.8683,6.43326,7.73589,2.92567,5.30997,3.18502
01-Dec-22,3.79248,6.32671,7.59655,2.87482,5.22567,3.14158
02-Dec-22,3.81141,6.36252,7.6341,2.90219,5.31084,3.16776
05-Dec-22,3.87355,6.48763,7.77817,2.95125,5.41446,3.2311
06-Dec-22,3.89157,6.54251,7.82933,2.97022,5.45184,3.25098
07-Dec-22,3.9509,6.61792,7.93887,3.00872,5.67011,3.29648
08-Dec-22,3.93235,6.59552,7.90942,2.99197,5.86874,3.47575
09-Dec-22,3.94694,6.59598,7.92436,2.99862,5.87674,3.50005
12-Dec-22,3.97262,6.65843,8.00932,3.01911,5.93032,3.53186
13-Dec-22,3.78054,6.38284,7.69079,2.89598,5.74719,3.43539
14-Dec-22,3.57886,6.04664,7.33901,2.75415,5.46484,3.28506
15-Dec-22,3.50935,5.94791,7.20852,2.66561,5.29925,3.20573
16-Dec-22,3.55248,6.01142,7.39658,2.69554,5.36453,3.25518
19-Dec-22,3.64063,6.14657,7.57253,2.75325,5.47621,3.30271
20-Dec-22,3.72955,6.49487,7.90103,2.82145,5.60989,3.36856
21-Dec-22,3.72388,6.46889,7.87316,2.80889,5.62739,3.34884
22-Dec-22,3.72701,6.49697,7.90208,2.79803,5.62096,3.36094
23-Dec-22,3.75774,6.55533,7.97815,2.82639,5.67762,3.39164
27-Dec-22,3.83407,6.69494,8.15433,2.88967,5.80682,3.47251
28-Dec-22,3.85728,6.72483,8.19692,2.90599,5.83972,3.49306
29-Dec-22,3.85578,6.7333,8.20088,2.90278,5.84494,3.49588
30-Dec-22,3.8894,6.78015,8.22263,2.95366,5.92255,3.52886
03-Jan-23,3.76789,6.56671,7.9489,2.86075,5.72939,3.40105
04-Jan-23,3.67502,6.41806,7.75292,2.79561,5.59505,3.33301
05-Jan-23,3.6281,6.35248,7.67747,2.76378,5.54172,3.28989
06-Jan-23,3.46758,6.04441,7.29834,2.6346,5.26211,3.15037
09-Jan-23,3.35525,5.85956,7.07105,2.55231,5.10023,3.07368
10-Jan-23,3.43661,5.98635,7.24737,2.60226,5.19372,3.11331
