Date,2yr x 5yr 6 Months Put ATMF BP Vol,2yr x 10yr 6 Months Put ATMF BP Vol,2yr x 30yr 6 Months Put ATMF BP Vol,5yr x 10yr 6 Months Put ATMF BP Vol,5yr x 30yr 6 Months Put ATMF BP Vol,10yr x 30yr 6 Months Put ATMF BP Vol
09-Jan-18,1.2233,2.02891,2.45453,1.07319,1.93727,0.90122
10-Jan-18,1.21611,2.04797,2.47662,1.08563,1.95049,0.90977
11-Jan-18,1.22199,2.06289,2.54681,1.07122,2.02019,0.91571
12-Jan-18,1.21574,2.06472,2.53297,1.01516,1.99738,0.91567
16-Jan-18,1.20122,2.04326,2.50189,1.00519,1.97266,0.90798
17-Jan-18,1.20149,2.03997,2.49468,1.00298,1.9671,0.91218
18-Jan-18,1.24025,2.0832,2.54075,1.02079,2.00415,0.9269
19-Jan-18,1.335,2.25367,2.66423,1.08758,2.09728,0.99631
22-Jan-18,1.3466,2.35865,2.75818,1.11295,2.13438,1.01446
23-Jan-18,1.35116,2.29691,2.75967,1.11194,2.14047,0.98628
24-Jan-18,1.36298,2.35329,2.81425,1.12619,2.17787,1.0108
25-Jan-18,1.38114,2.30195,2.7562,1.12723,2.16303,1.0152
26-Jan-18,1.44004,2.42808,2.84943,1.15853,2.24027,1.05116
29-Jan-18,1.51783,2.45097,2.9129,1.18778,2.29356,1.07729
30-Jan-18,1.5469,2.48462,2.94958,1.20204,2.32203,1.08938
31-Jan-18,1.56522,2.48701,2.96723,1.19993,2.33799,1.09607
01-Feb-18,1.55166,2.49883,2.9949,1.21105,2.35537,1.10319
02-Feb-18,1.62037,3.01782,3.34592,1.25204,2.57211,1.13734
05-Feb-18,1.59731,2.78766,3.16421,1.25277,2.43076,1.13631
06-Feb-18,1.76122,2.86906,3.43926,1.31411,2.46799,1.18958
07-Feb-18,1.72078,2.81985,3.38246,1.29432,2.52176,1.16889
08-Feb-18,1.78961,2.91858,3.5034,1.33877,2.6132,1.21006
09-Feb-18,1.77802,2.88708,3.41581,1.27583,2.62878,1.22354
12-Feb-18,1.71192,2.83469,3.37968,1.34528,2.60307,1.21403
13-Feb-18,1.70594,2.77683,3.31978,1.32765,2.56388,1.1981
14-Feb-18,1.67708,2.75985,3.26621,1.31041,2.54089,1.18968
15-Feb-18,1.65183,2.69966,3.20398,1.28239,2.5033,1.16956
16-Feb-18,1.57265,2.59022,3.07573,1.23139,2.40101,1.1226
20-Feb-18,1.40795,2.32604,2.84872,1.19047,2.20847,1.08656
21-Feb-18,1.39794,2.29122,2.81145,1.12111,2.14792,1.01424
22-Feb-18,1.38218,2.30565,2.86603,1.10759,2.14868,1.02544
23-Feb-18,1.4517,2.34576,2.92515,1.14557,2.16838,1.05749
26-Feb-18,1.45597,2.3457,2.94627,1.14574,2.17964,1.05805
27-Feb-18,1.47428,2.36552,2.95792,1.15515,2.18357,1.06734
28-Feb-18,1.43377,2.36164,2.84656,1.15785,2.1361,1.06815
01-Mar-18,1.45144,2.3793,2.88516,1.16839,2.1646,1.06291
02-Mar-18,1.4826,2.41882,2.95223,1.18994,2.20906,1.08067
05-Mar-18,1.4874,2.39438,2.87797,1.1848,2.1487,1.08981
06-Mar-18,1.48503,2.40222,2.87432,1.18114,2.18991,1.08788
07-Mar-18,1.47539,2.4037,2.88741,1.18363,2.20034,1.09054
08-Mar-18,1.47284,2.38574,2.85187,1.18283,2.12706,1.09054
09-Mar-18,1.43771,2.28392,2.74139,1.15056,2.00289,1.05739
12-Mar-18,1.39253,2.24789,2.67902,1.13289,1.96856,1.04225
13-Mar-18,1.34716,2.15047,2.57883,1.09765,1.87977,1.01119
14-Mar-18,1.37401,2.19643,2.63039,1.11295,1.91034,1.02573
15-Mar-18,1.39128,2.24405,2.64687,1.12146,1.92435,1.03282
16-Mar-18,1.38967,2.25773,2.64317,1.12517,1.93685,1.03647
19-Mar-18,1.40629,2.27724,2.66622,1.13308,1.9503,1.04456
20-Mar-18,1.39181,2.25538,2.62836,1.12178,1.92558,1.03455
21-Mar-18,1.34679,2.1951,2.55589,1.08769,1.85684,1.00513
22-Mar-18,1.36035,2.19495,2.57608,1.08743,1.90237,1.02925
23-Mar-18,1.43793,2.26,2.62672,1.08697,1.95835,1.05084
26-Mar-18,1.37711,2.22032,2.57577,1.08757,1.90777,1.02896
27-Mar-18,1.38328,2.23813,2.61111,1.09696,1.93301,1.03807
28-Mar-18,1.38842,2.26938,2.62798,1.11247,1.93048,1.03799
29-Mar-18,1.35892,2.26584,2.59856,1.11104,1.89794,1.0211
02-Apr-18,1.4032,2.27487,2.67549,1.10157,1.93325,1.04135
03-Apr-18,1.36792,2.23933,2.62769,1.08397,1.8933,1.02598
04-Apr-18,1.34356,2.21523,2.61252,1.07238,1.87499,1.01555
05-Apr-18,1.28456,2.15803,2.54576,1.05268,1.82802,0.99646
06-Apr-18,1.34371,2.20487,2.55779,1.06127,1.86231,1.00412
09-Apr-18,1.32136,2.16552,2.51605,1.04529,1.83174,0.98918
10-Apr-18,1.31343,2.14692,2.4821,1.03672,1.81418,0.98141
11-Apr-18,1.28794,2.10862,2.4341,1.01775,1.77767,0.9646
12-Apr-18,1.28814,2.11659,2.43864,1.02557,1.77485,0.97191
13-Apr-18,1.27765,2.10308,2.40536,1.01896,1.75776,0.96675
16-Apr-18,1.27025,2.04268,2.3562,1.00358,1.72468,0.95348
17-Apr-18,1.24275,1.97004,2.27876,0.97681,1.67497,0.92765
18-Apr-18,1.25993,1.98762,2.29025,0.98432,1.68177,0.93534
19-Apr-18,1.29787,2.03778,2.36576,1.0082,1.72931,0.95664
20-Apr-18,1.33819,2.07979,2.47044,1.02781,1.76818,0.9735
23-Apr-18,1.35002,2.10899,2.46515,1.03902,1.77336,0.98429
24-Apr-18,1.33963,2.1212,2.48332,1.0422,1.77848,1.00203
25-Apr-18,1.33919,2.15571,2.55187,1.04909,1.76971,1.04187
26-Apr-18,1.32341,2.12801,2.50763,1.0396,1.75874,1.00656
27-Apr-18,1.36899,2.1377,2.59229,1.11752,1.81321,1.03144
30-Apr-18,1.30535,2.08427,2.45346,1.05677,1.72005,0.99612
01-May-18,1.32337,2.10891,2.48749,1.06831,1.74064,1.00568
02-May-18,1.28817,2.06689,2.44442,1.04957,1.71037,0.98789
03-May-18,1.28869,2.0693,2.37919,1.05036,1.65196,0.9877
04-May-18,1.28414,2.06446,2.36031,1.04805,1.6458,0.98541
07-May-18,1.27986,2.06005,2.36179,1.04675,1.64523,0.98376
08-May-18,1.30299,2.08659,2.38141,1.05808,1.65266,0.99513
09-May-18,1.32196,2.09539,2.39738,1.06088,1.66539,0.99917
10-May-18,1.30728,2.07198,2.3333,1.04807,1.62581,0.9875
11-May-18,1.29566,1.9784,2.23068,1.03991,1.53385,0.98016
14-May-18,1.27692,2.02659,2.32187,1.03683,1.61204,0.97722
15-May-18,1.35629,2.12258,2.44084,1.08005,1.68787,1.01691
16-May-18,1.36668,2.14407,2.46242,1.09115,1.69836,1.0273
17-May-18,1.38964,2.14908,2.47662,1.09206,1.70777,1.02697
18-May-18,1.36334,2.13969,2.46497,1.08778,1.70562,1.02322
21-May-18,1.34244,2.12325,2.45222,1.08514,1.70006,1.02174
22-May-18,1.35628,2.12323,2.45732,1.08647,1.70654,1.00175
23-May-18,1.31045,2.10371,2.45174,1.07918,1.70759,0.97313
24-May-18,1.29985,2.07309,2.41522,1.06643,1.67942,0.98379
25-May-18,1.32395,2.08786,2.44994,1.07519,1.70597,0.99228
29-May-18,1.49832,2.2663,2.74814,1.18767,1.94489,1.08141
30-May-18,1.47642,2.24578,2.66587,1.16378,1.88234,1.05832
31-May-18,1.45098,2.2817,2.64952,1.14258,1.88062,1.05499
01-Jun-18,1.41389,2.18872,2.55845,1.11048,1.82185,1.03091
04-Jun-18,1.38333,2.1334,2.47534,1.0831,1.77153,1.00539
05-Jun-18,1.38068,2.12943,2.47768,1.08153,1.77323,1.00319
06-Jun-18,1.41086,2.17426,2.53681,1.10333,1.80708,1.02249
07-Jun-18,1.36115,2.18784,2.53856,1.10825,1.80319,1.03122
08-Jun-18,1.39163,2.23551,2.61213,1.13791,1.85548,1.05252
11-Jun-18,1.38537,2.21862,2.58158,1.12794,1.83611,1.04537
12-Jun-18,1.35315,2.18311,2.51359,1.09658,1.75517,1.02194
13-Jun-18,1.31804,2.12151,2.40881,1.06126,1.68769,0.99534
14-Jun-18,1.30386,2.11326,2.37482,1.05052,1.66179,0.99156
15-Jun-18,1.27643,2.18671,2.42495,1.04945,1.62453,0.99123
18-Jun-18,1.30695,2.13456,2.39419,1.04616,1.65561,0.98757
19-Jun-18,1.30834,2.14377,2.41236,1.05331,1.67226,0.99231
20-Jun-18,1.32681,2.15303,2.43058,1.06414,1.69298,0.99681
21-Jun-18,1.33992,2.17828,2.45575,1.07494,1.71002,1.00845
22-Jun-18,1.32459,2.18335,2.43656,1.06671,1.70683,1.00883
25-Jun-18,1.33966,2.20411,2.46971,1.08016,1.73338,1.01789
26-Jun-18,1.33039,2.16352,2.45069,1.06373,1.71044,0.99752
27-Jun-18,1.35077,2.20739,2.50856,1.08343,1.74323,1.01741
28-Jun-18,1.34404,2.13852,2.49729,1.1092,1.73207,1.0153
29-Jun-18,1.32143,2.12666,2.48877,1.10135,1.7191,1.00917
02-Jul-18,1.3103,2.10675,2.45949,1.09052,1.69919,1.00013
03-Jul-18,1.30074,2.10902,2.46077,1.08834,1.69542,1.00064
05-Jul-18,1.30106,2.12557,2.45937,1.09093,1.69365,1.01179
06-Jul-18,1.29585,2.10719,2.44782,1.08575,1.68737,1.00186
09-Jul-18,1.29626,2.09123,2.36865,1.08695,1.67159,1.00237
10-Jul-18,1.28537,2.08619,2.36503,1.08176,1.66377,0.99855
11-Jul-18,1.28703,2.08443,2.36511,1.08202,1.66466,0.99835
12-Jul-18,1.25644,2.03701,2.31444,1.05759,1.6463,0.97458
13-Jul-18,1.25404,2.03837,2.23526,1.05795,1.59481,0.97459
16-Jul-18,1.26239,2.02854,2.21698,1.05502,1.59203,0.97085
17-Jul-18,1.25562,2.00746,2.19204,1.04476,1.57636,0.9609
18-Jul-18,1.24649,2.01573,2.17763,1.04557,1.56878,0.97362
19-Jul-18,1.2567,2.0146,2.20342,1.04923,1.58379,0.96474
20-Jul-18,1.28349,2.05304,2.24804,1.07005,1.61659,0.98553
23-Jul-18,1.30272,1.99474,2.32111,1.08902,1.6938,1.00647
24-Jul-18,1.29216,1.97875,2.29441,1.07816,1.67238,0.99772
25-Jul-18,1.26232,1.98717,2.28101,1.06432,1.62323,1.00531
26-Jul-18,1.27451,2.0023,2.31613,1.07302,1.60986,1.04704
27-Jul-18,1.26599,1.99699,2.28104,1.06852,1.59623,1.0472
30-Jul-18,1.27039,2.00956,2.22434,1.06932,1.63051,1.02698
31-Jul-18,1.22835,1.92506,2.17782,1.047,1.58862,1.00829
01-Aug-18,1.25758,1.96497,2.24353,1.06634,1.62239,1.02319
02-Aug-18,1.259,1.95856,2.24416,1.06203,1.62242,0.94429
03-Aug-18,1.26294,1.96195,2.25579,1.06589,1.63548,0.94728
06-Aug-18,1.25517,1.95577,2.21028,1.06326,1.58567,0.94615
07-Aug-18,1.25491,1.90755,2.17467,1.06063,1.60562,0.94235
08-Aug-18,1.25302,1.83925,2.05865,1.05818,1.62622,0.9401
09-Aug-18,1.24148,1.88974,2.16013,1.05125,1.5934,0.93416
10-Aug-18,1.28334,1.95642,2.2647,1.08611,1.74903,0.96286
13-Aug-18,1.28207,1.96027,2.26697,1.08815,1.75515,0.96512
14-Aug-18,1.26215,1.91654,2.20922,1.07189,1.67604,0.95202
15-Aug-18,1.27987,1.94032,2.25817,1.09126,1.72799,0.96781
16-Aug-18,1.27054,1.90691,2.20925,1.08167,1.6915,0.95757
17-Aug-18,1.27129,1.91855,2.21476,1.08533,1.6929,0.96071
20-Aug-18,1.28168,1.98443,2.29288,1.09135,1.72837,0.96171
21-Aug-18,1.27874,1.97251,2.27909,1.08813,1.72133,0.95756
22-Aug-18,1.26798,2.02892,2.25656,1.0807,1.7165,0.95461
23-Aug-18,1.27751,1.95455,2.217,1.08512,1.71907,0.94948
24-Aug-18,1.27213,1.92152,2.17669,1.07623,1.69958,0.9423
27-Aug-18,1.26518,1.9197,2.18126,1.07336,1.6932,0.93551
28-Aug-18,1.27324,1.94984,2.2147,1.08107,1.70771,0.94481
29-Aug-18,1.26902,1.91089,2.15516,1.0691,1.67363,0.93811
30-Aug-18,1.28796,1.91336,2.16604,0.99581,1.67879,0.94723
31-Aug-18,1.27944,1.92466,2.20221,0.99603,1.69713,0.93898
04-Sep-18,1.269,1.9446,2.20094,0.98786,1.68938,0.95045
05-Sep-18,1.23713,1.8809,2.12691,0.97466,1.67197,0.94104
06-Sep-18,1.24651,1.86398,2.11207,0.97566,1.67978,0.93957
07-Sep-18,1.24016,1.81751,1.98892,0.96557,1.58911,0.93515
10-Sep-18,1.20797,1.85262,2.02432,0.9636,1.53599,0.93386
11-Sep-18,1.21556,1.86986,1.99743,0.9673,1.53362,0.94064
12-Sep-18,1.19607,1.82745,1.93899,0.94805,1.49331,0.92707
13-Sep-18,1.19835,1.808,1.9162,0.94082,1.4807,0.91681
14-Sep-18,1.21138,1.84196,1.94736,0.955,1.49541,0.934
17-Sep-18,1.1631,1.8006,1.9083,0.91726,1.44255,0.89734
18-Sep-18,1.19385,1.87979,1.99239,0.94699,1.4961,0.9231
19-Sep-18,1.2054,1.91635,2.01317,0.95159,1.51293,0.93152
20-Sep-18,1.20221,1.90256,1.99535,0.95241,1.49881,0.93328
21-Sep-18,1.17926,1.88019,1.96532,0.94253,1.4723,0.92598
24-Sep-18,1.1814,1.8895,1.97739,0.94841,1.47906,0.93018
25-Sep-18,1.19074,1.88941,1.98073,0.94876,1.47805,0.92837
26-Sep-18,1.17292,1.84555,1.91257,0.93638,1.44195,0.9256
27-Sep-18,1.15517,1.81251,1.88249,0.92258,1.42026,0.91048
28-Sep-18,1.15431,1.81737,1.90547,0.92061,1.43835,0.90278
01-Oct-18,1.152,1.8265,1.92077,0.91839,1.44806,0.90042
02-Oct-18,1.16097,1.82034,1.91932,0.92195,1.45495,0.90417
03-Oct-18,1.22102,1.95859,2.11233,0.95768,1.55042,0.92574
04-Oct-18,1.27216,2.00846,2.14119,0.98514,1.58076,0.95258
05-Oct-18,1.28046,1.95099,2.07964,0.95598,1.54023,0.9219
09-Oct-18,1.26943,1.90257,2.01863,0.94569,1.50983,0.91256
10-Oct-18,1.29723,1.86712,2.03589,0.92687,1.52962,0.89632
11-Oct-18,1.27834,1.89075,2.00271,0.96117,1.55834,0.92747
12-Oct-18,1.27572,1.8908,2.0081,0.95532,1.56081,0.92282
15-Oct-18,1.25957,1.86657,1.9759,0.94286,1.53642,0.91181
16-Oct-18,1.25567,1.84028,1.94367,0.92886,1.51382,0.89966
17-Oct-18,1.23212,1.82261,1.95325,0.91626,1.49033,0.88662
18-Oct-18,1.25131,1.82658,1.96739,0.92478,1.52073,0.89567
19-Oct-18,1.22961,1.81269,1.95213,0.91692,1.50486,0.88934
22-Oct-18,1.23727,1.83293,1.97737,0.92521,1.51927,0.89687
23-Oct-18,1.2185,1.88095,2.03545,0.88039,1.56439,0.91733
24-Oct-18,1.23574,1.91528,2.06675,0.90081,1.6352,0.94019
25-Oct-18,1.20762,1.88445,2.01882,0.8922,1.60088,0.93191
26-Oct-18,1.27263,1.96603,2.15945,0.92815,1.71558,0.9655
29-Oct-18,1.36833,1.94257,2.15656,0.92038,1.40399,0.95443
30-Oct-18,1.33072,1.98429,2.17893,0.9274,1.57922,0.96547
31-Oct-18,1.3336,1.97508,2.19987,0.91941,1.56324,0.95718
01-Nov-18,1.34505,1.96197,2.19512,0.91936,1.56822,0.9489
02-Nov-18,1.33472,1.94792,2.14961,0.93656,1.52182,0.96892
05-Nov-18,1.32513,1.80633,1.98134,0.91267,1.47607,0.9453
06-Nov-18,1.34439,1.86572,2.0223,0.91839,1.56054,0.94724
07-Nov-18,1.29202,1.79037,1.94305,0.88067,1.4806,0.91662
08-Nov-18,1.30893,1.76394,1.89681,0.88189,1.51026,0.91031
09-Nov-18,1.27795,1.78013,1.93038,0.88574,1.51389,0.92161
13-Nov-18,1.29817,1.79792,1.97636,0.88719,1.49818,0.92124
14-Nov-18,1.2708,1.8467,2.06989,0.8871,1.49943,0.91921
15-Nov-18,1.2801,1.73501,1.64399,0.84759,1.24201,0.86698
16-Nov-18,1.31283,1.82837,1.72925,0.88143,1.32369,0.89228
19-Nov-18,1.32261,1.93152,2.0183,0.91221,1.49049,0.92119
20-Nov-18,1.34284,1.83118,2.01257,0.93375,1.53371,0.92782
21-Nov-18,1.30663,1.71711,1.88383,0.92588,1.54035,0.92299
23-Nov-18,1.30523,1.8758,2.05528,0.96231,1.5666,0.95455
26-Nov-18,1.28025,1.75154,1.9238,0.92639,1.52175,0.91903
27-Nov-18,1.27985,1.77815,1.8955,0.90539,1.51087,0.90688
28-Nov-18,1.2778,1.76707,1.88333,0.90216,1.51606,0.89585
29-Nov-18,1.27848,1.7417,1.8615,0.89711,1.5046,0.8889
30-Nov-18,1.20536,1.78545,1.90441,0.88784,1.4825,0.88679
03-Dec-18,1.19031,1.71937,1.83558,0.86948,1.44662,0.87149
04-Dec-18,1.20191,1.72369,1.83924,0.87208,1.42956,0.87726
06-Dec-18,1.2257,1.85973,1.97645,0.90265,1.50086,0.90055
07-Dec-18,1.25018,1.92566,2.06355,0.93028,1.57647,0.91478
10-Dec-18,1.32008,1.88226,2.04331,0.94055,1.58197,0.91739
11-Dec-18,1.285,1.84393,2.02229,0.91465,1.52151,0.91324
12-Dec-18,1.27961,1.83862,2.01722,0.91467,1.51534,0.90283
13-Dec-18,1.24966,1.82195,2.00457,0.89842,1.59916,0.88286
14-Dec-18,1.24271,1.83345,2.02581,0.89514,1.60341,0.87969
17-Dec-18,1.2501,1.87525,2.14207,0.90105,1.5704,0.88668
18-Dec-18,1.28563,1.9511,2.29641,0.92829,1.61641,0.9211
19-Dec-18,1.27337,1.87445,2.20719,0.9178,1.58699,0.90686
20-Dec-18,1.40027,2.08714,2.40805,0.9731,1.77677,0.9666
21-Dec-18,1.42423,2.10341,2.38684,0.99171,1.71012,0.977
24-Dec-18,1.44865,2.17319,2.46863,1.01318,1.77894,1.001
26-Dec-18,1.45204,2.18598,2.47702,1.01779,1.77412,0.98933
27-Dec-18,1.52982,2.29436,2.68228,1.07334,1.91756,1.04461
28-Dec-18,1.50398,2.13112,2.30843,1.05868,1.90305,1.02802
31-Dec-18,1.50939,2.13593,2.5137,1.06026,1.93902,1.0201
02-Jan-19,1.45901,2.24706,2.55918,1.02087,1.93517,0.98652
03-Jan-19,1.49941,2.37682,2.73489,1.05601,2.06375,1.01287
04-Jan-19,1.4869,2.32614,2.49171,1.21172,2.022,1.05512
07-Jan-19,1.42097,2.09374,2.40384,1.08055,1.86125,1.00428
08-Jan-19,1.40853,2.11951,2.53546,1.06673,1.80398,0.98661
09-Jan-19,1.37176,2.04173,2.36441,1.10382,1.78765,1.09967
10-Jan-19,1.36021,2.0487,2.35572,1.06324,1.77512,1.03529
11-Jan-19,1.34974,2.04664,2.36994,1.05537,1.77738,1.03746
14-Jan-19,1.34665,2.04521,2.3768,1.05293,1.7792,1.02956
15-Jan-19,1.34268,2.04164,2.37131,1.04968,1.77074,1.02
16-Jan-19,1.33955,2.04366,2.44955,1.0477,1.75915,1.0183
17-Jan-19,1.35997,2.07465,2.38707,1.06397,1.79297,1.04219
18-Jan-19,1.34355,2.02592,2.32523,1.04978,1.75607,1.02481
22-Jan-19,1.32731,2.03165,2.38056,1.06487,1.78429,1.02866
23-Jan-19,1.3214,1.97127,2.29756,1.06031,1.69442,1.02335
24-Jan-19,1.31817,1.95832,2.29137,1.05937,1.70661,1.01621
25-Jan-19,1.29754,1.93706,2.25914,1.04075,1.66578,1.00667
28-Jan-19,1.29607,1.82329,2.18925,1.0406,1.62737,0.98526
29-Jan-19,1.29165,1.81114,2.1762,1.03708,1.62937,0.98378
30-Jan-19,1.23558,1.80752,2.15112,0.99297,1.67052,0.96737
31-Jan-19,1.23979,1.89063,2.23894,0.99701,1.76771,0.962
01-Feb-19,1.20801,1.73501,2.06394,0.96851,1.61383,0.94916
04-Feb-19,1.20071,1.72361,2.04422,0.96144,1.5975,0.93942
05-Feb-19,1.19303,1.71559,2.03507,0.95581,1.58507,0.9345
06-Feb-19,1.18569,1.65555,1.98378,0.9509,1.5805,0.93412
07-Feb-19,1.17213,1.61284,1.9836,0.91458,1.62017,0.89186
08-Feb-19,1.17259,1.6697,2.03672,0.91534,1.62192,0.88878
11-Feb-19,1.16755,1.62309,1.99024,0.90985,1.56798,0.88562
12-Feb-19,1.17528,1.63612,2.00239,0.91419,1.57712,0.88948
13-Feb-19,1.10515,1.5658,1.95732,0.82427,1.52826,0.82048
14-Feb-19,1.06197,1.45315,1.88216,0.73847,1.46573,0.75782
15-Feb-19,1.08808,1.48984,1.82904,0.80554,1.31474,0.8335
19-Feb-19,1.07702,1.498,1.85148,0.79926,1.41791,0.79884
20-Feb-19,1.07221,1.49656,1.84913,0.79591,1.41822,0.79622
21-Feb-19,1.08096,1.52261,1.88561,0.79921,1.46053,0.79897
22-Feb-19,1.07323,1.48043,1.90045,0.80221,1.53375,0.8695
25-Feb-19,1.06261,1.4724,1.88073,0.79441,1.51496,0.86441
26-Feb-19,1.04352,1.47738,1.8875,0.79682,1.52542,0.91221
27-Feb-19,1.02583,1.51008,1.90522,0.80775,1.55235,0.96662
28-Feb-19,1.04266,1.50929,1.90573,0.80381,1.53748,0.91983
01-Mar-19,1.09365,1.52996,1.92514,0.82027,1.56518,0.93344
04-Mar-19,1.0771,1.51342,1.9034,0.81175,1.54642,0.9289
05-Mar-19,1.06247,1.49472,1.88342,0.80626,1.52735,0.92352
06-Mar-19,1.05428,1.48775,1.87313,0.80076,1.52234,0.92027
07-Mar-19,1.06664,1.53503,1.89332,0.8093,1.55501,0.91841
08-Mar-19,1.0593,1.5818,1.88117,0.80544,1.52788,0.92025
11-Mar-19,1.03749,1.50265,1.84191,0.78949,1.51841,0.90531
12-Mar-19,1.00304,1.47857,1.82741,0.77492,1.48202,0.89086
13-Mar-19,1.01382,1.48642,1.84381,0.78129,1.50661,0.89517
14-Mar-19,1.01037,1.48312,1.85205,0.77909,1.5103,0.88853
15-Mar-19,0.99056,1.46581,1.82173,0.76854,1.48421,0.88657
18-Mar-19,0.98568,1.47167,1.81145,0.76477,1.46899,0.88172
19-Mar-19,0.96422,1.4482,1.78892,0.7509,1.44037,0.86668
20-Mar-19,0.93128,1.44393,1.81447,0.73782,1.40022,0.8589
21-Mar-19,0.9425,1.44634,1.82168,0.7414,1.40964,0.85915
22-Mar-19,1.02198,1.57381,2.01213,0.80442,1.55932,0.92641
25-Mar-19,1.11659,1.70362,2.19589,0.85825,1.70234,0.98725
26-Mar-19,1.08434,1.65943,2.14679,0.84116,1.65572,0.96855
27-Mar-19,1.18705,1.79633,2.3408,0.8881,1.7422,1.02306
28-Mar-19,1.18791,1.69953,2.22581,0.86526,1.66202,0.99778
29-Mar-19,1.13177,1.59507,2.19264,0.84255,1.60443,0.977
01-Apr-19,1.08887,1.60706,2.10786,0.80731,1.52217,0.93806
02-Apr-19,1.07989,1.58818,2.05863,0.90863,1.71419,0.95722
03-Apr-19,1.08192,1.58814,2.10024,0.85231,1.61968,0.93898
04-Apr-19,1.07817,1.5791,1.98025,0.84686,1.62523,0.93214
05-Apr-19,1.04884,1.52903,1.91535,0.83323,1.60415,0.91707
08-Apr-19,1.03147,1.52296,1.88028,0.82085,1.57516,0.90553
09-Apr-19,1.0156,1.5323,1.94734,0.83169,1.60529,0.91471
10-Apr-19,1.02513,1.54952,1.99683,0.84233,1.64356,0.92301
11-Apr-19,1.00095,1.50676,1.93194,0.82603,1.60697,0.9074
12-Apr-19,1.01582,1.52348,1.93832,0.8366,1.60783,0.91668
15-Apr-19,1.00021,1.49475,1.89693,0.82488,1.58333,0.90269
16-Apr-19,1.00862,1.49936,1.8897,0.82961,1.58422,0.90766
17-Apr-19,1.01018,1.51612,1.9178,0.8307,1.59501,0.91499
18-Apr-19,1.02755,1.54277,1.96132,0.84469,1.62744,0.92613
22-Apr-19,1.04151,1.57547,1.9631,0.84795,1.63949,0.9328
23-Apr-19,1.04706,1.5846,1.97379,0.85865,1.66994,0.94268
24-Apr-19,1.10079,1.61556,2.0202,0.87846,1.7551,0.95884
25-Apr-19,1.06629,1.60149,1.99691,0.87411,1.72188,0.95411
26-Apr-19,1.11532,1.62983,2.05433,0.88993,1.76028,0.95018
29-Apr-19,1.08161,1.58237,1.99791,0.85974,1.70558,0.91863
30-Apr-19,1.08922,1.60729,2.02976,0.86821,1.72653,0.93228
01-May-19,1.06207,1.5126,1.8868,0.85521,1.67884,0.91429
02-May-19,1.03851,1.47194,1.80441,0.82737,1.60874,0.91027
03-May-19,1.0331,1.45074,1.75612,0.82205,1.59281,0.90962
06-May-19,1.06943,1.50435,1.90004,0.85814,1.64399,0.93697
07-May-19,1.12319,1.58998,2.0278,0.9075,1.74345,0.9773
08-May-19,1.08985,1.54619,1.96401,0.87579,1.71087,0.95279
09-May-19,1.12218,1.61306,2.06141,0.90195,1.76618,0.97824
10-May-19,1.11038,1.59936,2.04227,0.88572,1.73255,0.9713
13-May-19,1.19397,1.74773,2.25229,0.94934,1.8685,1.01443
14-May-19,1.18988,1.69021,2.19152,0.9486,1.81324,1.00628
15-May-19,1.21861,1.77674,2.28697,0.96664,1.86067,1.03071
16-May-19,1.21389,1.7622,2.30004,0.96659,1.86016,1.03344
17-May-19,1.23827,1.79793,2.34693,0.98649,1.89678,1.05398
20-May-19,1.23751,1.79618,2.30791,0.98057,1.88129,1.04972
21-May-19,1.21084,1.74648,2.24129,0.96254,1.84273,1.03981
22-May-19,1.19628,1.71777,2.20542,0.9602,1.84738,1.03191
23-May-19,1.27225,1.84621,2.37901,1.01242,1.9614,1.07941
24-May-19,1.22669,1.73793,2.31363,0.95099,1.81491,1.03729
28-May-19,1.29052,1.84113,2.45671,1.00419,1.9358,1.0864
29-May-19,1.31775,1.88972,2.50388,1.00762,1.96135,1.08476
30-May-19,1.24478,1.73609,2.37659,0.95141,1.8484,1.03341
31-May-19,1.39276,1.96992,2.65583,1.02356,2.01067,1.1057
03-Jun-19,1.51987,2.18472,2.87205,1.07887,2.14004,1.1136
04-Jun-19,1.61584,2.3183,2.9794,1.15757,2.19734,1.16213
05-Jun-19,1.68562,2.43441,3.08912,1.17725,2.25869,1.17572
06-Jun-19,1.71974,2.51811,3.21421,1.35539,2.43949,1.30842
07-Jun-19,1.46157,2.35915,3.0165,1.19616,2.18569,1.16559
10-Jun-19,1.50594,2.26126,2.92833,1.15922,2.22949,1.14667
11-Jun-19,1.45669,2.30265,2.98894,1.15241,2.28456,1.15562
12-Jun-19,1.52912,2.4776,3.18496,1.24244,2.50056,1.20725
13-Jun-19,1.70864,2.76604,3.5241,1.44601,2.7802,1.32257
14-Jun-19,1.76011,2.68412,3.55147,1.44967,2.70748,1.34888
17-Jun-19,1.88535,2.85547,3.65113,1.59184,2.93258,1.47335
18-Jun-19,1.83921,2.84095,3.59217,1.58913,2.93853,1.48561
19-Jun-19,2.00192,3.25936,3.76629,1.63802,3.02838,1.53552
20-Jun-19,1.80051,2.98017,3.54505,1.50659,2.82117,1.42134
21-Jun-19,1.6394,2.49428,3.29652,1.33761,2.54986,1.29191
24-Jun-19,1.84127,3.09948,3.61807,1.48937,2.84293,1.37825
25-Jun-19,1.82677,2.98676,3.56553,1.51799,2.89729,1.4011
26-Jun-19,1.6541,2.76314,3.42144,1.38954,2.76985,1.23622
27-Jun-19,1.66625,2.74982,3.4711,1.40469,2.77895,1.30995
28-Jun-19,1.63764,2.58703,3.39238,1.37076,2.6338,1.29368
01-Jul-19,1.44272,2.24848,3.01334,1.12731,2.23764,1.1789
02-Jul-19,1.49202,2.2669,3.10607,1.16143,2.30897,1.19128
03-Jul-19,1.47372,2.23041,3.08038,1.15363,2.29465,1.19786
05-Jul-19,1.4109,2.12048,2.94717,1.1119,2.19167,1.15869
08-Jul-19,1.38249,2.12571,2.9077,1.10651,2.13554,1.15207
09-Jul-19,1.35686,2.07055,2.85415,1.07714,2.14826,1.13263
10-Jul-19,1.3758,2.1259,2.89758,1.07888,2.19464,1.13115
11-Jul-19,1.37891,2.21146,2.97235,1.14183,2.23575,1.18464
12-Jul-19,1.38716,2.1574,2.97666,1.14799,2.23404,1.19199
15-Jul-19,1.43025,2.21995,3.04144,1.14577,2.32739,1.20864
16-Jul-19,1.41657,2.20111,3.00791,1.12944,2.29388,1.20531
17-Jul-19,1.48317,2.27053,3.06289,1.14764,2.25545,1.21975
18-Jul-19,1.5222,2.34069,3.14133,1.16005,2.30174,1.22947
19-Jul-19,1.50808,2.32482,3.13068,1.14687,2.27813,1.22738
22-Jul-19,1.47286,2.2693,3.05303,1.13098,2.24617,1.21031
23-Jul-19,1.47357,2.27837,3.06971,1.13104,2.24956,1.21266
24-Jul-19,1.48137,2.27645,3.07825,1.13261,2.24284,1.21544
25-Jul-19,1.47508,2.20833,3.03688,1.11948,2.20014,1.17694
26-Jul-19,1.44005,2.16657,2.97542,1.1013,2.15115,1.15123
29-Jul-19,1.40329,2.21772,2.95856,1.072,2.11476,1.15999
30-Jul-19,1.36989,2.25055,2.98,1.07008,2.1043,1.14069
31-Jul-19,1.31403,2.04628,2.78219,1.02461,1.99015,1.11231
01-Aug-19,1.48493,2.33744,3.1924,1.14729,2.27529,1.20553
02-Aug-19,1.51037,2.36255,3.22626,1.15572,2.26634,1.21866
05-Aug-19,1.76049,2.74038,3.69301,1.32361,2.591,1.35568
06-Aug-19,1.53126,2.35752,3.30036,1.14281,2.26751,1.23246
07-Aug-19,1.53034,2.43608,3.2982,1.13535,2.28896,1.2682
08-Aug-19,1.5191,2.42151,3.29373,1.14704,2.28988,1.25479
09-Aug-19,1.47094,2.35148,3.2048,1.12377,2.25786,1.26057
12-Aug-19,1.4899,2.4243,3.22931,1.14755,2.28586,1.28968
13-Aug-19,1.44026,2.41749,3.26434,1.10992,2.28242,1.27344
14-Aug-19,1.49163,2.74288,3.57184,1.11153,2.39295,1.33383
15-Aug-19,1.6368,2.75216,3.65353,1.25895,2.556,1.39024
16-Aug-19,1.61294,2.73166,3.63617,1.25525,2.5651,1.38697
19-Aug-19,1.57176,2.67042,3.57318,1.22116,2.52719,1.34959
20-Aug-19,1.57332,2.67204,3.57463,1.22173,2.5262,1.35211
21-Aug-19,1.47937,2.50137,3.339,1.17809,2.36441,1.32922
22-Aug-19,1.44048,2.45914,3.32767,1.13034,2.32657,1.2773
23-Aug-19,1.57826,2.63359,3.58756,1.19564,2.3864,1.34959
26-Aug-19,1.57168,2.59649,3.5451,1.20755,2.32747,1.35743
27-Aug-19,1.58716,2.61475,3.60005,1.21601,2.43315,1.37213
28-Aug-19,1.58976,2.6536,3.65604,1.22679,2.4839,1.41596
29-Aug-19,1.53413,2.60404,3.61988,1.20909,2.43088,1.41816
30-Aug-19,1.53259,2.73896,3.81185,1.22601,2.47078,1.41383
03-Sep-19,1.54666,2.6764,3.72272,1.21656,2.46751,1.40278
04-Sep-19,1.53478,2.65974,3.66295,1.19329,2.4226,1.34813
05-Sep-19,1.51564,2.51553,3.50405,1.16784,2.35428,1.3183
06-Sep-19,1.51712,2.47251,3.42471,1.1353,2.28867,1.29726
09-Sep-19,1.50188,2.36858,3.39693,1.13571,2.23303,1.26185
10-Sep-19,1.50408,2.3646,3.4013,1.14364,2.24399,1.27597
11-Sep-19,1.47911,2.33448,3.35497,1.13744,2.22483,1.26482
12-Sep-19,1.44092,2.26342,3.2553,1.10837,2.15867,1.23285
13-Sep-19,1.4823,2.34346,3.37088,1.15358,2.26066,1.28064
16-Sep-19,1.4156,2.34562,3.32307,1.16026,2.21178,1.28557
17-Sep-19,1.39496,2.32824,3.29955,1.1476,2.19118,1.28449
18-Sep-19,1.33339,2.11533,3.07567,1.06461,2.07961,1.22276
19-Sep-19,1.31169,2.10775,3.01893,1.05906,2.05432,1.21394
20-Sep-19,1.33049,2.12278,3.04724,1.06911,2.0679,1.22945
23-Sep-19,1.30524,2.0857,2.94906,1.04497,1.99015,1.17473
24-Sep-19,1.25403,2.04098,2.94535,1.05928,1.97356,1.15609
25-Sep-19,1.18135,2.09561,2.89142,1.04929,1.93176,1.13501
26-Sep-19,1.26117,2.04423,2.75946,1.05055,1.91831,1.13899
27-Sep-19,1.22637,2.00646,2.45652,1.02164,1.87383,1.11247
30-Sep-19,1.25255,2.0873,2.75373,1.0537,1.88452,1.11186
01-Oct-19,1.28323,2.11162,2.81456,1.05384,1.94229,1.13006
02-Oct-19,1.32553,1.94925,2.82704,1.07288,1.96805,1.13411
03-Oct-19,1.36009,2.10625,3.05592,1.07494,2.00985,1.12435
04-Oct-19,1.35713,2.13212,2.99639,1.13367,2.03526,1.14228
07-Oct-19,1.33029,2.09301,2.94162,1.12677,1.99933,1.13907
08-Oct-19,1.33657,2.09475,2.97962,1.13213,2.01641,1.14057
09-Oct-19,1.32081,2.0053,2.79036,1.05585,1.9554,1.1101
10-Oct-19,1.30565,1.98377,2.759,1.05468,1.9491,1.11417
11-Oct-19,1.32024,1.99613,2.74271,1.06842,1.91881,1.07691
15-Oct-19,1.30374,1.97105,2.69913,1.05773,1.89398,1.06897
16-Oct-19,1.30922,1.9891,2.7485,1.06171,1.94773,1.0733
17-Oct-19,1.30341,1.97867,2.73469,1.05967,1.94801,1.07511
18-Oct-19,1.31185,2.00848,2.7804,1.06119,1.98413,1.06959
21-Oct-19,1.29718,1.97953,2.72575,1.04458,1.9358,1.0535
22-Oct-19,1.29515,1.9607,2.69513,1.04216,1.91265,1.05226
23-Oct-19,1.26362,1.91891,2.64855,1.01013,1.85834,1.02511
24-Oct-19,1.23306,1.87534,2.58816,0.99205,1.82982,1.01129
25-Oct-19,1.20148,1.82415,2.5154,0.97606,1.79264,0.99396
28-Oct-19,1.20394,1.8345,2.52592,0.97491,1.79825,0.98954
29-Oct-19,1.18862,1.80561,2.48325,0.96657,1.77535,0.98633
30-Oct-19,1.14711,1.7937,2.3792,0.9352,1.67596,1.01519
31-Oct-19,1.17281,1.84609,2.46049,0.95973,1.74545,1.03918
01-Nov-19,1.1125,1.71943,2.29858,0.92623,1.63949,1.00514
04-Nov-19,1.11008,1.74599,2.34605,0.92671,1.6502,0.99209
05-Nov-19,1.13997,1.81462,2.44744,0.94488,1.73696,1.0173
06-Nov-19,1.177,1.81105,2.36236,0.94824,1.73208,1.02428
07-Nov-19,1.22743,1.88807,2.44415,0.97931,1.73612,1.05854
08-Nov-19,1.21939,1.87307,2.46196,0.96785,1.74391,1.04279
12-Nov-19,1.22191,1.86349,2.43196,0.96312,1.72381,1.03903
13-Nov-19,1.11109,1.85688,2.40854,0.96301,1.71425,1.03721
14-Nov-19,1.09836,1.84888,2.43047,0.95893,1.72337,1.03168
15-Nov-19,1.08657,1.81496,2.35959,0.93469,1.65101,1.00949
18-Nov-19,1.13748,1.80077,2.3469,0.93171,1.67136,1.00275
19-Nov-19,1.15317,1.79197,2.36617,0.94235,1.68004,1.00977
20-Nov-19,1.1695,1.88699,2.45123,0.95786,1.71165,1.02856
21-Nov-19,1.22367,1.82473,2.38131,0.95481,1.70823,1.02464
22-Nov-19,1.23997,1.8264,2.37666,0.96258,1.64237,1.03144
25-Nov-19,1.30305,1.84349,2.35863,0.96015,1.56043,1.02834
26-Nov-19,1.23808,1.80943,2.35868,0.95896,1.6302,1.02819
27-Nov-19,1.21897,1.78627,2.30549,0.94536,1.58325,1.02007
29-Nov-19,1.2204,1.79361,2.31376,0.94119,1.58444,1.01231
02-Dec-19,1.25646,1.81798,2.35464,0.94794,1.6196,1.01624
03-Dec-19,1.27187,1.85489,2.42417,0.97243,1.6804,1.04258
04-Dec-19,1.27795,1.84954,2.38859,0.96618,1.65132,1.03828
05-Dec-19,1.29467,1.90174,2.42942,0.97436,1.66194,1.02885
06-Dec-19,1.32221,1.94078,2.44864,0.98611,1.66821,1.04211
09-Dec-19,1.3088,1.88538,2.3784,0.98021,1.62045,1.04207
10-Dec-19,1.25328,1.87324,2.33776,0.95998,1.65264,1.02433
11-Dec-19,1.23895,1.89804,2.2987,0.9447,1.64235,1.01005
12-Dec-19,1.29665,2.02783,2.39254,0.95242,1.68688,1.01363
13-Dec-19,1.21189,1.93918,2.3066,0.91814,1.62768,0.97924
16-Dec-19,1.22763,1.99944,2.31673,0.91277,1.59876,0.97118
17-Dec-19,1.23228,2.00816,2.32205,0.91159,1.59367,0.96815
18-Dec-19,1.2434,2.01941,2.34793,0.90968,1.60102,0.96027
19-Dec-19,1.24418,2.02193,2.36492,0.91163,1.62229,0.96326
20-Dec-19,1.24456,1.9855,2.33314,0.90869,1.60072,0.95206
23-Dec-19,1.25048,1.99616,2.33777,0.9154,1.59714,0.97043
24-Dec-19,1.27122,1.99629,2.34247,0.91701,1.61513,0.97256
26-Dec-19,1.2742,2.03607,2.36327,0.94687,1.63029,0.97713
27-Dec-19,1.26279,2.00996,2.34912,0.93429,1.62544,0.95981
30-Dec-19,1.27914,2.04735,2.37624,0.94413,1.64796,0.96912
31-Dec-19,1.27885,2.06269,2.38996,0.94651,1.67277,0.96868
02-Jan-20,1.26852,2.03626,2.34201,0.94106,1.63549,0.96607
03-Jan-20,1.26946,2.06204,2.39265,0.96307,1.684,0.99105
06-Jan-20,1.24081,2.02862,2.34292,0.96568,1.5823,0.99318
07-Jan-20,1.25924,1.98133,2.32363,0.97027,1.56794,0.99314
08-Jan-20,1.25663,1.93712,2.27363,0.96675,1.5341,0.99201
09-Jan-20,1.24241,1.88503,2.21875,0.94927,1.46153,0.97453
10-Jan-20,1.18477,1.80236,2.12131,0.913,1.37775,0.93984
13-Jan-20,1.16464,1.7882,2.09488,0.90145,1.37321,0.9253
14-Jan-20,1.14321,1.83943,2.12921,0.89845,1.3878,0.9212
15-Jan-20,1.13476,1.78085,2.09426,0.9045,1.3651,0.93122
16-Jan-20,1.12182,1.7638,2.07819,0.89588,1.3416,0.92277
17-Jan-20,1.17606,1.84509,2.14093,0.90637,1.37608,0.92856
21-Jan-20,1.16987,1.84926,2.15623,0.91106,1.39514,0.93557
22-Jan-20,1.17009,1.83776,2.13909,0.90458,1.36857,0.9292
23-Jan-20,1.15965,1.81613,2.14953,0.91551,1.35265,0.94463
24-Jan-20,1.17368,1.84543,2.20099,0.93577,1.40531,0.96529
27-Jan-20,1.19177,1.85236,2.21139,0.97085,1.42914,1.00283
28-Jan-20,1.17669,1.81844,2.15417,0.95134,1.41267,0.98093
29-Jan-20,1.15773,1.90164,2.29814,0.96871,1.50142,0.99827
30-Jan-20,1.19463,1.92061,2.274,0.9966,1.51967,1.02825
31-Jan-20,1.22404,1.93198,2.32878,1.02296,1.59838,1.05265
03-Feb-20,1.21912,1.83665,2.25513,1.00495,1.47812,1.03143
04-Feb-20,1.16718,1.79548,2.15357,0.96005,1.40318,0.98719
05-Feb-20,1.15901,1.77504,2.12285,0.94023,1.39177,0.96571
06-Feb-20,1.1188,1.73369,2.0669,0.91984,1.31804,0.94713
07-Feb-20,1.17261,1.72757,2.04555,0.96485,1.37629,0.96148
10-Feb-20,1.1808,1.75029,2.09552,0.97981,1.42282,0.97415
11-Feb-20,1.15182,1.72107,2.07751,0.84977,1.35977,0.84854
12-Feb-20,1.13848,1.69837,2.04578,0.83425,1.3424,0.83322
13-Feb-20,1.11963,1.6834,2.02731,0.8317,1.30137,0.8314
14-Feb-20,1.11564,1.64333,2.01692,0.83751,1.30845,0.83576
18-Feb-20,1.11881,1.64924,2.02301,0.84291,1.26048,0.84411
19-Feb-20,1.1009,1.63179,1.99136,0.83462,1.22055,0.83713
20-Feb-20,1.15166,1.76143,2.26258,0.89992,1.4188,0.84877
21-Feb-20,1.18439,1.82003,2.35719,0.92881,1.44847,0.92339
24-Feb-20,1.24385,1.90931,2.35611,0.95479,1.4692,0.9478
25-Feb-20,1.26487,1.92502,2.21543,0.93852,1.37973,0.92376
26-Feb-20,1.26843,1.96085,2.44875,0.95358,1.51847,0.94025
27-Feb-20,1.42172,2.36405,2.76918,0.98728,1.71981,0.94611
28-Feb-20,1.52276,2.3431,3.0275,1.08435,1.9726,1.05078
02-Mar-20,1.47116,2.37014,2.96616,1.0873,1.93485,1.06299
03-Mar-20,1.50085,2.48303,3.00111,1.14281,2.11939,1.14881
04-Mar-20,1.57767,2.57997,3.09956,1.21286,2.2315,1.2517
05-Mar-20,1.87272,3.10063,3.63488,1.50112,2.66494,1.54201
06-Mar-20,2.18884,3.96263,4.60009,1.88051,3.75781,1.92652
09-Mar-20,2.41437,3.75975,5.00596,1.78809,3.66248,2.05112
10-Mar-20,2.21905,3.90649,4.73191,1.91241,3.47405,1.89903
11-Mar-20,2.50174,4.25505,5.10005,2.02222,3.70954,2.00653
12-Mar-20,2.98888,5.04901,6.22459,2.30813,4.22448,2.29054
13-Mar-20,2.76135,4.75656,5.90236,2.33246,4.1338,2.3101
16-Mar-20,2.41472,4.38066,5.49987,2.25806,3.92672,2.18032
17-Mar-20,2.29754,4.22131,5.22641,2.16014,3.7391,2.04193
18-Mar-20,2.70558,4.75396,5.90305,2.32417,4.24324,2.2706
19-Mar-20,2.96039,5.30463,6.58683,2.48838,4.89767,2.48499
20-Mar-20,2.94266,5.29618,6.57342,2.52245,4.90818,2.48862
23-Mar-20,2.86871,5.24184,6.45391,2.55616,4.80528,2.44546
24-Mar-20,2.49394,4.58474,5.67115,2.28617,4.12173,2.02241
25-Mar-20,2.28306,4.09726,5.09567,1.9892,3.74402,1.82022
26-Mar-20,2.20091,3.92536,4.82119,1.90274,3.54221,1.72585
27-Mar-20,2.1694,3.81798,4.64484,1.8396,3.41966,1.66833
30-Mar-20,2.24621,3.93479,4.73014,1.95601,3.6479,1.8533
31-Mar-20,2.22355,3.94857,4.58211,2.02112,3.68228,1.96677
01-Apr-20,2.1055,3.82583,4.49752,1.9822,3.6296,1.93802
02-Apr-20,1.98404,3.61733,4.33089,1.83497,3.37399,1.71204
03-Apr-20,1.80436,3.37952,4.06912,1.74849,3.17147,1.62684
06-Apr-20,1.70345,3.17429,3.8609,1.63724,2.95351,1.4948
07-Apr-20,1.7558,3.42075,3.96396,1.66616,3.11502,1.53421
08-Apr-20,1.79333,3.35923,4.16937,1.71847,3.25789,1.58672
09-Apr-20,1.77665,3.38345,4.21529,1.74903,3.32676,1.59697
13-Apr-20,1.78007,3.38712,4.22457,1.74579,3.32731,1.59688
14-Apr-20,1.71435,3.36785,4.34718,1.72657,3.28662,1.59632
15-Apr-20,1.73594,3.37811,4.34476,1.73655,3.28221,1.61091
16-Apr-20,1.76327,3.39429,4.3573,1.73971,3.26632,1.62265
17-Apr-20,1.76445,3.41249,4.38941,1.74709,3.30534,1.74841
20-Apr-20,1.69808,3.32396,4.289,1.72252,3.22645,1.71798
21-Apr-20,1.72713,3.3688,4.37266,1.75023,3.27783,1.76181
22-Apr-20,1.69953,3.34283,4.33268,1.74357,3.25463,1.73771
23-Apr-20,1.67441,3.27574,4.27362,1.70777,3.19953,1.7206
24-Apr-20,1.63928,3.2215,4.80124,1.69058,3.1979,1.73833
27-Apr-20,1.53975,3.08302,4.57065,1.6374,3.08748,1.66146
28-Apr-20,1.52697,3.07005,4.2673,1.65749,3.06304,1.63664
29-Apr-20,1.46947,2.99308,4.18523,1.62231,3.02121,1.60233
30-Apr-20,1.43916,2.925,4.10704,1.58303,2.92426,1.54254
01-May-20,1.40305,2.82981,3.98336,1.52348,2.82473,1.49692
04-May-20,1.39363,2.81907,3.88397,1.51918,2.82145,1.48896
05-May-20,1.45738,2.97758,3.93705,1.5877,2.83496,1.49345
06-May-20,1.53389,3.10645,4.1969,1.65421,3.05013,1.59979
07-May-20,1.54046,3.15333,4.30604,1.68058,3.13068,1.6475
08-May-20,1.82093,3.54437,4.80721,1.9373,3.9481,2.07426
11-May-20,1.80031,3.50727,4.78296,1.90426,3.87963,2.03675
12-May-20,1.81602,3.47212,4.62669,1.8867,3.83914,1.98811
13-May-20,1.74696,3.44122,4.64328,1.86625,3.80115,1.99779
14-May-20,1.70581,3.41468,4.5605,1.84301,3.82002,1.9902
15-May-20,1.73326,3.33292,4.53249,1.79665,3.61951,1.95885
18-May-20,1.59429,3.24859,4.27133,1.71173,3.17925,1.69174
19-May-20,1.66674,3.36502,4.55083,1.79606,3.54444,1.88398
20-May-20,1.65328,3.34856,4.54496,1.79134,3.54255,1.88839
21-May-20,1.59254,3.19014,4.38056,1.71943,3.34363,1.71418
22-May-20,1.53405,3.12035,4.09354,1.68415,3.2167,1.64147
26-May-20,1.46192,3.00625,3.9058,1.63324,3.10233,1.55322
27-May-20,1.49022,3.01263,3.90881,1.66528,3.10637,1.5649
28-May-20,1.46669,3.00669,3.90666,1.66901,3.10889,1.55953
29-May-20,1.50006,3.02135,4.1247,1.68395,3.08478,1.56798
01-Jun-20,1.46871,3.02212,4.14013,1.699,3.11241,1.57051
02-Jun-20,1.47789,3.08581,4.22278,1.7472,3.18235,1.60029
03-Jun-20,1.5806,3.09888,4.31211,1.80629,3.33536,1.66694
04-Jun-20,1.63257,3.17285,4.35897,1.82846,3.36421,1.66062
05-Jun-20,1.6133,3.32518,4.24783,1.81624,3.26871,1.61859
08-Jun-20,1.58919,3.21576,4.16438,1.81222,3.19255,1.56459
09-Jun-20,1.5928,3.22574,4.15882,1.82717,3.19509,1.56753
10-Jun-20,1.52361,3.12083,4.00316,1.78407,3.08534,1.50858
11-Jun-20,1.56238,3.16139,4.01289,1.81378,3.08258,1.52435
12-Jun-20,1.61482,3.24506,4.12079,1.85059,3.16397,1.56122
15-Jun-20,1.6065,3.27568,4.16124,1.88067,3.19837,1.57632
16-Jun-20,1.61994,3.32156,4.41529,1.92829,3.49704,1.65304
17-Jun-20,1.57958,3.2726,4.3436,1.91345,3.52901,1.62646
18-Jun-20,1.52574,3.29358,4.27081,1.83814,3.45524,1.79095
19-Jun-20,1.47312,3.24387,4.224,1.87931,3.34383,1.77131
22-Jun-20,1.47647,3.25868,4.21154,1.8656,3.36647,1.72152
23-Jun-20,1.51919,3.30408,4.29218,1.88328,3.4413,1.77608
24-Jun-20,1.57962,3.36018,4.36918,1.89949,3.49516,1.81371
25-Jun-20,1.56855,3.3431,4.38478,1.89633,3.51725,1.89362
26-Jun-20,1.56269,3.33661,4.39387,1.89736,3.52563,2.00912
29-Jun-20,1.55699,3.32943,4.41501,1.89379,3.50465,1.93484
30-Jun-20,1.54491,3.29891,4.43029,1.87002,3.4725,1.85363
01-Jul-20,1.56849,3.30166,4.40139,1.86363,3.46714,1.85495
02-Jul-20,1.55882,3.2601,4.35451,1.83565,3.43297,1.8382
06-Jul-20,1.54091,3.17189,4.2946,1.77971,3.2297,1.74538
07-Jul-20,1.51917,3.17411,4.2689,1.79873,3.28565,1.77677
08-Jul-20,1.52744,3.18135,4.27083,1.7988,3.28548,1.7754
09-Jul-20,1.5117,3.14877,4.22192,1.78586,3.23982,1.75436
10-Jul-20,1.52661,3.16727,4.27306,1.79017,3.23584,1.77612
13-Jul-20,1.48792,3.13066,4.23665,1.78272,3.21988,1.76522
14-Jul-20,1.49255,3.13727,4.27295,1.80725,3.24832,1.76018
15-Jul-20,1.46163,3.0847,4.21631,1.78778,3.21167,1.73163
16-Jul-20,1.46975,3.08778,4.21827,1.78703,3.20994,1.73255
17-Jul-20,1.46807,3.0827,4.23363,1.78124,3.22841,1.7437
20-Jul-20,1.47921,3.09815,4.25131,1.79022,3.23838,1.75168
21-Jul-20,1.47601,3.10231,4.26684,1.79606,3.25642,1.76176
22-Jul-20,1.47616,3.03039,4.26913,1.74223,3.21303,1.66342
23-Jul-20,1.43836,2.97109,4.10092,1.71543,3.07408,1.57584
24-Jul-20,1.38792,2.91999,4.02315,1.70367,3.02334,1.5429
27-Jul-20,1.37678,2.89331,3.96723,1.67438,2.97921,1.51614
28-Jul-20,1.35882,2.85401,3.88364,1.65357,2.91136,1.47933
29-Jul-20,1.37683,2.86123,3.8938,1.64514,2.91812,1.48518
30-Jul-20,1.35409,2.81487,3.89393,1.64815,2.91645,1.5031
31-Jul-20,1.39263,2.85853,3.96325,1.66027,2.96654,1.53289
03-Aug-20,1.37077,2.83824,3.94195,1.65496,2.95918,1.52676
04-Aug-20,1.41225,2.89754,4.02063,1.66054,2.99988,1.56756
05-Aug-20,1.38671,2.88078,4.03015,1.67309,3.01697,1.57714
06-Aug-20,1.35939,2.84441,3.97996,1.66132,3.01128,1.60755
07-Aug-20,1.36506,2.84517,3.97649,1.66129,3.00769,1.61509
10-Aug-20,1.35651,2.80884,3.90048,1.64351,2.93349,1.51868
11-Aug-20,1.45006,2.91421,4.06417,1.6635,3.04036,1.58753
12-Aug-20,1.43046,2.81659,3.91654,1.5923,2.99588,1.5766
13-Aug-20,1.47816,2.83393,3.89741,1.59604,2.99846,1.60312
14-Aug-20,1.45624,2.75872,3.79594,1.57568,2.9168,1.60125
17-Aug-20,1.4326,2.78676,3.8591,1.59422,2.96581,1.5949
18-Aug-20,1.44066,2.84806,3.97086,1.60067,2.97673,1.59091
19-Aug-20,1.46469,2.87283,4.01812,1.60351,3.01055,1.61342
20-Aug-20,1.43744,2.84044,4.0002,1.59185,2.9571,1.62023
21-Aug-20,1.46949,2.88199,4.06552,1.60595,3.01976,1.64837
24-Aug-20,1.46564,2.88208,4.07209,1.60956,3.02834,1.65295
25-Aug-20,1.53794,2.96545,4.17073,1.62505,3.08242,1.684
26-Aug-20,1.6174,3.08688,4.31859,1.67461,3.18166,1.73686
27-Aug-20,1.68205,3.19355,4.45307,1.71494,3.27704,1.78062
28-Aug-20,1.63633,3.21726,4.5052,1.76772,3.34733,1.80436
31-Aug-20,1.59506,3.17071,4.42654,1.75864,3.29165,1.77342
01-Sep-20,1.55129,3.09151,4.33172,1.72235,3.22672,1.74234
02-Sep-20,1.54484,3.06764,4.26071,1.70853,3.16161,1.70448
03-Sep-20,1.61736,3.15851,4.3427,1.7381,3.20027,1.72529
04-Sep-20,1.64393,3.22233,4.40012,1.76906,3.23797,1.734
08-Sep-20,1.6764,3.25331,4.43739,1.77555,3.25952,1.74948
09-Sep-20,1.63708,3.23062,4.44104,1.78294,3.28559,1.75957
10-Sep-20,1.63743,3.23531,4.45285,1.78832,3.29698,1.76673
11-Sep-20,1.60528,3.19579,4.37914,1.77386,3.24197,1.73119
14-Sep-20,1.61497,3.19,4.37633,1.7621,3.2343,1.73242
15-Sep-20,1.57993,3.18973,4.36211,1.78613,3.23864,1.72145
16-Sep-20,1.52349,3.14179,4.29264,1.78261,3.2393,1.69166
17-Sep-20,1.43844,3.04451,4.13726,1.7575,3.13425,1.62363
18-Sep-20,1.40136,2.98399,4.06746,1.7272,3.05294,1.59829
21-Sep-20,1.40883,2.98728,4.07877,1.72633,3.05898,1.60635
22-Sep-20,1.40262,2.99075,4.10197,1.73382,3.0838,1.62043
23-Sep-20,1.37998,2.96273,4.08052,1.72609,3.07615,1.61725
24-Sep-20,1.36807,2.95513,4.09045,1.72997,3.09048,1.62804
25-Sep-20,1.45115,3.03287,4.17431,1.73545,3.12529,1.65382
28-Sep-20,1.50602,3.10567,4.26627,1.75911,3.18529,1.6865
29-Sep-20,1.50108,3.10206,4.27532,1.74073,3.19598,1.69362
30-Sep-20,1.51112,3.16557,4.37962,1.79251,3.28876,1.73553
01-Oct-20,1.45529,3.13549,4.33246,1.80854,3.27305,1.71696
02-Oct-20,1.40658,3.09944,4.27449,1.81557,3.24385,1.69097
05-Oct-20,1.48204,3.19284,4.37995,1.83753,3.30155,1.72083
06-Oct-20,1.53018,3.23213,4.38499,1.88241,3.3404,1.74217
07-Oct-20,1.52995,3.23075,4.3391,1.87992,3.29812,1.7097
08-Oct-20,1.51797,3.15464,4.22658,1.82001,3.2028,1.66424
09-Oct-20,1.47712,3.10681,4.18198,1.81486,3.18062,1.64873
13-Oct-20,1.41826,2.9867,3.99514,1.75112,3.03905,1.57299
14-Oct-20,1.43301,2.98087,3.93507,1.73388,2.97455,1.53828
15-Oct-20,1.48162,2.98906,3.97181,1.69491,2.98369,1.5603
16-Oct-20,1.54489,3.03887,4.02342,1.7148,2.98559,1.57599
19-Oct-20,1.59788,3.07389,4.13379,1.71812,3.05198,1.62197
20-Oct-20,1.53197,3.04809,4.01166,1.6539,2.93402,1.52705
21-Oct-20,1.544,3.04681,3.96313,1.63662,2.92407,1.49456
22-Oct-20,1.54265,3.03526,3.93607,1.62483,2.89882,1.48017
23-Oct-20,1.54608,3.04281,3.91178,1.62917,2.87672,1.46255
26-Oct-20,1.56937,3.0313,3.92913,1.603,2.87383,1.47646
27-Oct-20,1.57126,3.06973,3.96857,1.64021,2.91011,1.60613
28-Oct-20,1.60991,3.09203,4.02489,1.63018,2.94185,1.63553
29-Oct-20,1.65462,3.22689,4.1732,1.71543,3.09288,1.68239
30-Oct-20,1.68701,3.27737,4.21789,1.73413,3.1165,1.69227
02-Nov-20,1.67255,3.25947,4.20448,1.73094,3.11079,1.69003
03-Nov-20,1.65422,3.26673,4.22639,1.7499,3.1382,1.6981
04-Nov-20,1.36431,2.90487,3.72947,1.65406,2.82527,1.50166
05-Nov-20,1.32086,2.82475,3.67948,1.63556,2.69648,1.48934
06-Nov-20,1.30977,2.81046,3.6587,1.59201,2.69821,1.47577
09-Nov-20,1.39082,2.8958,3.76463,1.59215,2.74867,1.50919
10-Nov-20,1.40227,2.91891,3.74917,1.58727,2.6899,1.49269
12-Nov-20,1.38818,2.84563,3.63784,1.53495,2.63542,1.42211
13-Nov-20,1.37552,2.7931,3.60254,1.49674,2.55696,1.40649
16-Nov-20,1.51954,2.77688,3.5995,1.47009,2.53603,1.39845
17-Nov-20,1.50596,2.76461,3.58958,1.42142,2.49695,1.32863
18-Nov-20,1.5128,2.79026,3.66144,1.4326,2.52755,1.31467
19-Nov-20,1.56222,2.84446,3.77942,1.44794,2.58483,1.24424
20-Nov-20,1.52181,2.82234,3.74551,1.46175,2.60245,1.36526
23-Nov-20,1.51713,2.82898,3.75449,1.46968,2.61443,1.36643
24-Nov-20,1.51956,2.83552,3.75515,1.46849,2.61564,1.36204
25-Nov-20,1.56088,2.87932,3.8722,1.47305,2.6738,1.34836
27-Nov-20,1.57263,2.87853,3.87899,1.47094,2.66801,1.35985
30-Nov-20,1.60294,2.91026,3.90738,1.46147,2.67713,1.36247
01-Dec-20,1.66316,2.99596,3.9625,1.47833,2.72401,1.38935
02-Dec-20,1.73327,3.07833,4.02416,1.49094,2.75759,1.39619
03-Dec-20,1.69341,2.99426,3.92021,1.44911,2.67317,1.36352
04-Dec-20,1.71179,3.03545,3.8773,1.46851,2.61208,1.32364
07-Dec-20,1.72393,3.04149,3.8951,1.4712,2.64402,1.36724
08-Dec-20,1.75269,3.03445,3.8584,1.43517,2.59363,1.34853
09-Dec-20,1.7452,3.04244,3.87938,1.44628,2.61587,1.35561
10-Dec-20,1.73712,3.02881,3.89927,1.43377,2.63792,1.3393
11-Dec-20,1.74843,3.04335,4.00701,1.43634,2.72256,1.35807
14-Dec-20,1.7509,3.05328,4.00265,1.46142,2.67675,1.38355
15-Dec-20,1.72936,3.04029,3.98278,1.4556,2.64455,1.39018
16-Dec-20,1.75186,3.07973,4.00695,1.46271,2.66106,1.39733
17-Dec-20,1.6988,3.01903,3.91924,1.45836,2.6093,1.36096
18-Dec-20,1.70505,3.04656,3.95027,1.47151,2.65018,1.36749
21-Dec-20,1.70264,3.05073,3.92943,1.47986,2.61753,1.35765
22-Dec-20,1.69053,3.01777,3.87527,1.46677,2.56729,1.33928
23-Dec-20,1.69085,3.0312,3.89158,1.46753,2.60736,1.33949
24-Dec-20,1.69626,3.01816,3.88085,1.45667,2.57524,1.33994
28-Dec-20,1.68162,3.03295,3.90231,1.4889,2.67257,1.35475
29-Dec-20,1.6855,3.07678,3.93252,1.56351,2.84133,1.37058
30-Dec-20,1.69619,3.13727,3.98961,1.61305,2.89432,1.3878
31-Dec-20,1.72453,3.20363,4.07343,1.65746,2.97683,1.41907
04-Jan-21,1.7068,3.17641,4.02567,1.6423,2.94927,1.39882
05-Jan-21,1.69684,3.11208,3.94288,1.57902,2.88444,1.36616
06-Jan-21,1.70854,3.09078,3.92028,1.52765,2.89309,1.34906
07-Jan-21,1.73984,3.10119,3.93468,1.49888,2.87894,1.35206
08-Jan-21,1.8112,3.11387,3.90916,1.43386,2.81716,1.33542
11-Jan-21,1.88027,3.16788,3.93761,1.41514,2.80468,1.33983
12-Jan-21,1.94323,3.19504,3.76376,1.38972,2.79391,1.30767
13-Jan-21,1.84343,2.99234,3.59666,1.44462,2.36325,1.26331
14-Jan-21,1.85337,3.07792,3.72636,1.48363,2.54641,1.30166
15-Jan-21,1.82371,3.02665,3.67056,1.47543,2.51635,1.28423
19-Jan-21,1.79215,3.01127,3.62494,1.46913,2.50335,1.24814
20-Jan-21,1.77579,2.94044,3.56187,1.48629,2.39195,1.21727
21-Jan-21,1.83887,3.04059,3.6824,1.5215,2.50119,1.25749
22-Jan-21,1.78273,3.0881,3.71953,1.53062,2.60176,1.27755
25-Jan-21,1.78134,3.08958,3.70582,1.54762,2.55833,1.27577
26-Jan-21,1.74176,3.05938,3.66424,1.54704,2.52552,1.25804
27-Jan-21,1.75298,3.09913,3.69913,1.59364,2.5628,1.27161
28-Jan-21,1.75189,3.12696,3.75616,1.62607,2.5838,1.26476
29-Jan-21,1.8028,3.20624,3.85798,1.6577,2.66193,1.2662
01-Feb-21,1.78789,3.20301,3.82373,1.66737,2.63645,1.25116
02-Feb-21,1.80936,3.22255,3.83909,1.65766,2.64814,1.25233
03-Feb-21,1.84674,3.28728,3.80167,1.66083,2.67827,1.28248
04-Feb-21,1.87578,3.30527,3.83686,1.6632,2.72504,1.30295
05-Feb-21,1.90166,3.34592,3.86623,1.66304,2.78459,1.31493
08-Feb-21,1.9223,3.37183,3.88833,1.6792,2.75633,1.31553
09-Feb-21,1.90989,3.34471,3.86173,1.6661,2.75264,1.31152
10-Feb-21,1.90349,3.34583,3.86541,1.67627,2.74539,1.3089
11-Feb-21,1.92083,3.39398,3.96495,1.7015,2.845,1.34671
12-Feb-21,1.95905,3.4399,4.02962,1.72552,2.84174,1.40751
16-Feb-21,2.20389,3.74395,4.35558,1.78308,3.05083,1.51118
17-Feb-21,2.27892,3.65113,4.22079,1.70814,2.92008,1.43434
18-Feb-21,2.28308,3.59685,4.12694,1.66782,2.86314,1.40351
19-Feb-21,2.43567,3.77598,4.23355,1.69662,2.92365,1.42887
22-Feb-21,2.56562,3.84947,4.29106,1.67729,2.95728,1.45044
23-Feb-21,2.56619,3.747,4.17393,1.62623,2.83966,1.4287
24-Feb-21,2.60354,3.76488,4.1942,1.62943,2.85992,1.44983
25-Feb-21,2.98263,4.00178,4.39688,1.59554,2.95106,1.51072
26-Feb-21,2.95671,3.82628,4.19777,1.53462,2.81898,1.45901
01-Mar-21,2.78787,3.67611,3.9042,1.46697,2.65823,1.37428
02-Mar-21,2.58059,3.48873,3.71419,1.41762,2.51413,1.30135
03-Mar-21,2.78407,3.71391,3.93463,1.47992,2.65719,1.37139
04-Mar-21,2.8844,3.87537,4.02438,1.67472,2.72188,1.64103
05-Mar-21,3.05423,4.01235,4.09253,1.65471,2.93847,1.60361
08-Mar-21,3.19285,4.07241,4.11132,1.67554,2.93079,1.63394
09-Mar-21,3.07163,3.93836,4.02556,1.64781,2.86349,1.63166
10-Mar-21,2.95053,3.82298,3.88054,1.61664,2.75998,1.59288
11-Mar-21,2.92276,3.84896,4.13067,1.74341,2.9456,1.73643
12-Mar-21,3.16399,4.19172,4.4311,1.83173,3.17319,1.83125
15-Mar-21,3.13846,4.17384,4.3657,1.80378,3.12396,1.80801
16-Mar-21,3.03791,4.04666,4.35316,1.79792,3.15336,1.78497
17-Mar-21,2.99119,4.12354,4.39206,1.84381,3.22999,1.78698
18-Mar-21,3.19133,4.2487,4.52021,1.93145,3.38037,1.87128
19-Mar-21,3.2349,4.28101,4.52775,1.90521,3.30861,1.87208
22-Mar-21,3.1475,4.13403,4.38842,1.84528,3.1989,1.82438
23-Mar-21,2.94668,3.87635,4.14962,1.74545,3.02784,1.73325
24-Mar-21,2.93923,3.86051,4.16993,1.74075,3.03175,1.7319
25-Mar-21,2.92377,3.8611,4.19962,1.73862,3.06828,1.73441
26-Mar-21,2.92718,3.89096,4.31961,1.75137,3.13251,1.75054
29-Mar-21,2.99569,3.97298,4.47084,1.78064,3.23618,1.78933
30-Mar-21,2.91473,3.98849,4.49266,1.81181,3.23261,1.80222
31-Mar-21,3.06384,4.06566,4.55895,1.85544,3.31478,1.84611
01-Apr-21,2.95909,3.96636,4.47127,1.81471,3.20648,1.80422
02-Apr-21,2.94092,3.86195,4.40325,1.77601,3.14813,1.7855
05-Apr-21,2.90943,3.57326,4.10235,1.73223,2.96021,1.73985
06-Apr-21,2.88308,3.77866,4.23915,1.75333,3.10723,1.74903
07-Apr-21,2.8286,3.95644,4.44108,1.80674,3.34431,1.80497
08-Apr-21,2.83559,3.96968,4.43414,1.80705,3.33185,1.79671
09-Apr-21,2.89667,4.03704,4.53036,1.83054,3.33507,1.82256
12-Apr-21,2.87348,4.06246,4.52705,1.85887,3.38812,1.82568
13-Apr-21,2.84579,4.00614,4.44558,1.86232,3.35501,1.81058
14-Apr-21,2.84385,4.00265,4.45336,1.8626,3.34893,1.81349
15-Apr-21,2.83049,3.94798,4.40205,1.84605,3.31229,1.78364
16-Apr-21,2.87789,4.05292,4.5025,1.87644,3.35746,1.83955
19-Apr-21,2.88232,4.06641,4.49686,1.87786,3.35323,1.83007
20-Apr-21,2.90385,4.06801,4.48735,1.8717,3.34991,1.82273
21-Apr-21,2.81289,3.94739,4.3656,1.82053,3.26401,1.77484
22-Apr-21,2.79725,3.9144,4.30869,1.80086,3.20523,1.75845
23-Apr-21,2.77592,3.89377,4.29414,1.79122,3.18812,1.74971
26-Apr-21,2.65321,3.83768,4.23776,1.76457,3.05887,1.70977
27-Apr-21,2.65677,3.85367,4.24324,1.76671,3.0618,1.70574
28-Apr-21,2.66813,3.84145,4.24045,1.75835,3.07244,1.70517
29-Apr-21,2.65941,3.83583,4.18877,1.7568,3.04791,1.69325
30-Apr-21,2.66322,3.82882,4.18979,1.75238,3.04841,1.69273
03-May-21,2.5662,3.77201,4.16531,1.72956,2.95395,1.62189
04-May-21,2.56288,3.75776,4.17321,1.71946,2.94942,1.61861
05-May-21,2.56552,3.74979,4.10274,1.6899,2.95149,1.61105
06-May-21,2.56365,3.76833,4.11755,1.70441,2.96039,1.62611
07-May-21,2.50423,3.7565,4.08187,1.70596,2.93724,1.59923
10-May-21,2.49468,3.763,4.07407,1.69975,2.94414,1.59487
11-May-21,2.54903,3.84623,4.18604,1.73666,3.02908,1.63147
12-May-21,2.65022,3.88692,4.25731,1.73252,3.08999,1.6542
13-May-21,2.62392,3.84444,4.20316,1.71571,3.03851,1.63787
14-May-21,2.58404,3.80668,4.16051,1.70605,3.00917,1.62268
17-May-21,2.54285,3.78023,4.14554,1.69898,2.99122,1.61838
18-May-21,2.53033,3.76704,4.13205,1.69307,2.98828,1.61207
19-May-21,2.57861,3.80483,4.17757,1.7027,3.02498,1.6286
20-May-21,2.50188,3.74323,4.12228,1.68949,2.83654,1.61227
21-May-21,2.4944,3.72404,4.11236,1.68012,2.82478,1.61058
24-May-21,2.43641,3.65721,4.06521,1.66281,2.78782,1.59315
25-May-21,2.38935,3.58316,3.97028,1.63017,2.79144,1.56459
26-May-21,2.39607,3.54859,3.90152,1.61707,2.76489,1.54878
27-May-21,2.41398,3.57177,3.88736,1.62959,2.66295,1.55638
28-May-21,2.38005,3.49731,3.78904,1.59538,2.56612,1.52878
01-Jun-21,2.37149,3.48509,3.76969,1.58428,2.54917,1.51623
02-Jun-21,2.39099,3.46532,3.71997,1.56755,2.51761,1.50289
03-Jun-21,2.44137,3.48985,3.74349,1.57093,2.59499,1.51222
04-Jun-21,2.32725,3.3546,3.60688,1.52111,2.5057,1.46159
07-Jun-21,2.2709,3.2924,3.55821,1.49651,2.47128,1.43745
08-Jun-21,2.28317,3.29374,3.60465,1.49467,2.47899,1.44115
09-Jun-21,2.33268,3.38322,3.74486,1.53413,2.55101,1.48311
10-Jun-21,2.20978,3.36776,3.77857,1.53617,2.52643,1.4731
11-Jun-21,2.22301,3.46653,3.89278,1.59239,2.58373,1.51199
14-Jun-21,2.24444,3.50326,3.85755,1.6073,2.53292,1.52331
15-Jun-21,2.2504,3.4788,3.82011,1.59015,2.50748,1.50952
16-Jun-21,2.27377,3.48493,3.85955,1.58964,2.54024,1.54178
17-Jun-21,2.16065,3.38312,3.83923,1.57267,2.52469,1.54003
18-Jun-21,2.18931,3.57209,4.17184,1.63802,2.86925,1.60427
21-Jun-21,2.16449,3.6252,4.21522,1.63388,2.9105,1.61613
22-Jun-21,2.15442,3.49646,4.07095,1.59042,2.89002,1.55461
23-Jun-21,2.08904,3.39855,3.98938,1.54645,2.83226,1.51823
24-Jun-21,2.12268,3.38997,3.98343,1.65443,2.82544,1.51538
25-Jun-21,2.24008,3.46221,4.05038,1.68273,2.89313,1.54547
28-Jun-21,2.1725,3.37164,3.97416,1.645,2.83105,1.51205
29-Jun-21,2.17249,3.3811,3.98541,1.65011,2.83988,1.51568
30-Jun-21,2.12375,3.37731,4.02722,1.6541,2.85276,1.52535
01-Jul-21,2.14378,3.41565,4.08186,1.67288,2.88667,1.5376
02-Jul-21,2.15586,3.33882,3.92449,1.62797,2.79485,1.4953
06-Jul-21,2.09834,3.30319,3.80779,1.61238,2.7646,1.48489
07-Jul-21,2.12723,3.36224,3.8311,1.64525,2.8254,1.52211
08-Jul-21,2.17416,3.42566,3.89433,1.67221,2.86587,1.54621
09-Jul-21,2.17412,3.42138,3.90314,1.67466,2.88462,1.55149
12-Jul-21,2.12268,3.40302,3.8883,1.67296,2.87873,1.54918
13-Jul-21,2.10392,3.38339,3.90083,1.66862,2.89317,1.5479
14-Jul-21,2.08729,3.34262,3.84603,1.64623,2.85328,1.53024
15-Jul-21,2.10014,3.38959,3.93311,1.65371,2.8297,1.53642
16-Jul-21,2.10416,3.41593,3.9679,1.66817,2.85306,1.55052
19-Jul-21,2.2167,3.56284,4.08622,1.72259,2.93424,1.60082
20-Jul-21,2.22405,3.60345,4.12592,1.75281,2.96773,1.62127
21-Jul-21,2.23851,3.57409,4.10778,1.74043,2.96228,1.61279
22-Jul-21,2.2141,3.55777,4.09495,1.73547,2.95482,1.60787
23-Jul-21,2.2217,3.5889,4.12703,1.75309,2.97677,1.62062
26-Jul-21,2.25474,3.64233,4.19205,1.78153,3.04519,1.59673
27-Jul-21,2.25235,3.64257,4.18735,1.77888,3.03948,1.59635
28-Jul-21,2.19784,3.56644,4.0745,1.74415,2.95325,1.55407
29-Jul-21,2.20428,3.56557,4.06741,1.74487,2.95435,1.55304
30-Jul-21,2.17923,3.56317,4.09458,1.74752,2.9706,1.56187
02-Aug-21,2.18197,3.57971,4.0953,1.75269,2.96839,1.5645
03-Aug-21,2.20942,3.6155,4.12477,1.7686,2.98611,1.57467
04-Aug-21,2.23856,3.64913,4.16539,1.7806,3.01001,1.58733
05-Aug-21,2.33123,3.6869,4.19975,1.78698,3.04405,1.65099
06-Aug-21,2.34624,3.67188,4.16641,1.78515,3.03877,1.64272
09-Aug-21,2.38479,3.7406,4.19423,1.8186,3.05955,1.66151
10-Aug-21,2.40716,3.75243,4.1862,1.823,3.05717,1.66162
11-Aug-21,2.34104,3.66091,4.07215,1.78146,2.98404,1.62432
12-Aug-21,2.27105,3.57042,3.99213,1.73993,2.91755,1.58603
13-Aug-21,2.2293,3.44751,3.90374,1.69196,2.86476,1.53164
16-Aug-21,2.22777,3.45834,3.91876,1.69548,2.87826,1.5386
17-Aug-21,2.2392,3.47361,3.92218,1.70034,2.87792,1.54053
18-Aug-21,2.22747,3.45599,3.89302,1.69395,2.64473,1.53283
19-Aug-21,2.23332,3.49497,3.91531,1.7096,2.65449,1.5438
20-Aug-21,2.2316,3.48894,3.92451,1.70856,2.65356,1.54006
23-Aug-21,2.22197,3.43755,3.86909,1.68106,2.62492,1.51938
24-Aug-21,2.23752,3.45017,3.8747,1.69006,2.63091,1.5237
25-Aug-21,2.26434,3.41256,3.91072,1.71111,2.66305,1.49793
26-Aug-21,2.229,3.42339,3.90346,1.705,2.68622,1.51252
27-Aug-21,2.17287,3.33331,3.73748,1.65706,2.55786,1.44024
30-Aug-21,2.17514,3.33511,3.73181,1.65586,2.55688,1.44099
31-Aug-21,2.17853,3.35307,3.74303,1.66858,2.56972,1.44875
01-Sep-21,2.1813,3.32643,3.71686,1.65278,2.55256,1.43764
02-Sep-21,2.17685,3.28967,3.67933,1.62994,2.52502,1.41889
03-Sep-21,2.14798,3.24464,3.62161,1.60994,2.49015,1.39951
07-Sep-21,2.14457,3.26458,3.63588,1.62336,2.5002,1.40674
08-Sep-21,2.11989,3.25034,3.61739,1.61732,2.48566,1.40389
09-Sep-21,2.07547,3.20624,3.58019,1.59622,2.45088,1.24277
10-Sep-21,2.08434,3.21772,3.61464,1.60424,2.50776,1.24577
13-Sep-21,2.07178,3.1681,3.6039,1.59414,2.49577,1.23788
14-Sep-21,2.02994,3.15614,3.57307,1.58837,2.46623,1.23005
15-Sep-21,2.05941,3.19093,3.62191,1.60938,2.50308,1.24599
16-Sep-21,2.08425,3.24119,3.65499,1.62304,2.52225,1.25522
17-Sep-21,2.1242,3.22298,3.66092,1.64951,2.50762,1.27463
20-Sep-21,2.11789,3.24351,3.70128,1.65551,2.54533,1.27979
21-Sep-21,2.12407,3.24327,3.69381,1.64195,2.53587,1.27196
22-Sep-21,2.05138,3.15175,3.62567,1.6082,2.49023,1.24646
23-Sep-21,2.13318,3.22036,3.74262,1.65813,2.58701,1.28721
24-Sep-21,2.15504,3.29236,3.71807,1.68508,2.49136,1.30735
27-Sep-21,2.16725,3.34972,3.75968,1.68744,2.49645,1.30666
28-Sep-21,2.23217,3.46596,3.81068,1.72485,2.54874,1.33613
29-Sep-21,2.22852,3.46274,3.8099,1.71881,2.55061,1.37441
30-Sep-21,2.21475,3.46208,3.81512,1.7218,2.55429,1.40088
01-Oct-21,2.15422,3.42267,3.77994,1.71398,2.52169,1.38753
04-Oct-21,2.13689,3.40161,3.7612,1.70346,2.50905,1.37288
05-Oct-21,2.15842,3.44667,3.79904,1.72083,2.53869,1.38714
06-Oct-21,2.14762,3.40704,3.75447,1.7046,2.51218,1.34211
07-Oct-21,2.19073,3.45143,3.78625,1.71567,2.54111,1.35431
08-Oct-21,2.18644,3.46783,3.78569,1.72337,2.53978,1.35594
12-Oct-21,2.1327,3.38999,3.77069,1.70575,2.51675,1.34623
13-Oct-21,2.12323,3.34651,3.76809,1.68349,2.50896,1.33447
14-Oct-21,2.09133,3.32368,3.75157,1.67239,2.49705,1.32732
15-Oct-21,2.22291,3.46265,3.87539,1.67868,2.66301,1.39697
18-Oct-21,2.24816,3.57814,4.00022,1.7363,2.72946,1.42086
19-Oct-21,2.26122,3.69695,4.11207,1.72401,2.75288,1.41896
20-Oct-21,2.24148,3.6634,4.11499,1.71754,2.8928,1.42
21-Oct-21,2.32718,3.81207,4.32478,1.74457,3.00198,1.43802
22-Oct-21,2.37242,3.86504,4.45077,1.78508,3.11131,1.45574
25-Oct-21,2.33366,3.79091,4.35902,1.73337,3.11169,1.41816
26-Oct-21,2.31752,3.81262,4.38738,1.73015,3.10704,1.41587
27-Oct-21,2.31229,3.97396,4.52568,1.77762,3.13814,1.45308
28-Oct-21,2.40841,4.19354,4.75753,1.82761,3.24218,1.47068
29-Oct-21,2.52324,4.40546,4.99889,1.88718,3.35824,1.50386
01-Nov-21,2.53332,4.42053,5.01018,1.89967,3.37915,1.51015
02-Nov-21,2.53841,4.17232,4.70634,1.83174,3.28299,1.49663
03-Nov-21,2.49906,4.10679,4.6363,1.8101,3.25027,1.48304
04-Nov-21,2.36058,3.86009,4.39973,1.74689,3.07124,1.44955
05-Nov-21,2.3916,3.96009,4.53198,1.81542,3.16867,1.48825
08-Nov-21,2.44422,4.04761,4.62361,1.84273,3.22098,1.50208
09-Nov-21,2.47875,4.13077,4.70017,1.87139,3.26925,1.5235
10-Nov-21,2.70866,4.53762,5.02987,1.9653,3.56054,1.6123
12-Nov-21,2.80622,4.72646,5.23663,2.18226,3.67942,1.66636
15-Nov-21,2.86226,4.80444,5.34067,2.14207,3.73959,1.69561
16-Nov-21,2.82715,4.74524,5.2812,2.12028,3.70287,1.68347
17-Nov-21,2.73282,4.58729,5.09363,2.06252,3.59707,1.63799
18-Nov-21,2.69766,4.46399,5.09126,2.03691,3.5338,1.60774
19-Nov-21,2.68388,4.49146,5.06988,2.03946,3.49659,1.60326
22-Nov-21,2.76155,4.6187,5.21163,2.07381,3.55604,1.61913
23-Nov-21,2.80941,4.64852,5.27661,2.10146,3.60493,1.64446
24-Nov-21,2.82696,4.72906,5.33198,2.12363,3.64227,1.65281
26-Nov-21,2.92367,4.86528,5.45998,2.20185,3.76108,1.70515
29-Nov-21,2.84178,4.7242,5.32896,2.14348,3.66763,1.67377
30-Nov-21,2.86724,4.84535,5.42935,2.16815,3.70752,1.68729
01-Dec-21,2.86887,4.83384,5.16866,2.17041,3.70903,1.67591
02-Dec-21,2.93521,4.96204,5.31618,2.21142,3.77728,1.69932
03-Dec-21,2.83665,4.89764,5.18794,2.16785,3.75463,1.70838
06-Dec-21,2.89534,4.98458,5.33596,2.18671,3.77645,1.69998
07-Dec-21,2.88758,4.68309,5.17484,2.1729,3.75306,1.68557
08-Dec-21,2.69595,4.38518,4.85255,2.06753,3.48251,1.61189
09-Dec-21,2.6773,4.29694,4.82765,2.1385,3.45709,1.59905
10-Dec-21,2.59132,4.2042,4.73156,2.05939,3.32784,1.55869
13-Dec-21,2.533,4.05085,4.68207,2.11286,3.28378,1.54485
14-Dec-21,2.56517,4.13807,4.6905,2.06165,3.32349,1.55887
15-Dec-21,2.52707,4.08039,4.64201,2.02312,3.2648,1.5301
16-Dec-21,2.53413,4.32861,4.8277,2.01253,3.24466,1.54907
17-Dec-21,2.50667,4.18317,4.7255,2.0257,3.27066,1.55126
20-Dec-21,2.51405,4.19684,4.72572,2.0283,3.27627,1.5558
21-Dec-21,2.57936,4.28788,4.83574,2.06863,3.34269,1.57847
22-Dec-21,2.56663,4.13662,4.63213,2.05333,3.31679,1.56677
23-Dec-21,2.57258,4.21562,4.73649,2.05736,3.32354,1.57214
27-Dec-21,2.54086,4.16979,4.69737,2.03611,3.28839,1.55649
28-Dec-21,2.51525,4.12786,4.64462,2.01443,3.2528,1.54148
29-Dec-21,2.56091,4.20309,4.71524,2.04539,3.30474,1.56503
30-Dec-21,2.55938,4.19756,4.71576,2.04511,3.30362,1.56262
31-Dec-21,2.56323,4.19619,4.70912,2.04653,3.29897,1.5568
03-Jan-22,2.62718,4.29409,4.80055,2.08387,3.36186,1.58341
04-Jan-22,2.58742,4.22666,4.69164,2.06684,3.33123,1.5753
05-Jan-22,2.56767,4.19461,4.66926,2.06296,3.32409,1.57191
06-Jan-22,2.56635,4.19524,4.67047,2.07402,3.34117,1.58312
07-Jan-22,2.55119,4.18752,4.65662,2.06499,3.3251,1.58095
10-Jan-22,2.5313,4.15794,4.64324,2.05411,3.30739,1.57219
11-Jan-22,2.50052,4.13518,4.6246,2.04546,3.29771,1.56482
12-Jan-22,2.47559,4.09211,4.54787,2.03114,3.27469,1.53292
13-Jan-22,2.45919,4.06544,4.51609,2.01862,3.25338,1.52242
14-Jan-22,2.493,4.12432,4.59737,2.04641,3.29885,1.54231
18-Jan-22,2.55566,4.1539,4.66336,2.06239,3.2685,1.5595
19-Jan-22,2.56653,4.14709,4.69318,2.06818,3.27803,1.56184
20-Jan-22,2.5893,4.08805,4.64513,2.08589,3.21595,1.5671
21-Jan-22,2.60545,4.10667,4.32372,2.07299,3.13814,1.55735
24-Jan-22,2.62137,4.12789,4.30124,2.07617,3.14194,1.56144
25-Jan-22,2.62613,4.0531,4.31235,2.02752,3.14713,1.54165
26-Jan-22,2.59752,3.96759,4.30373,2.01362,3.11851,1.52757
27-Jan-22,2.66283,4.0875,4.55661,2.03006,3.14463,1.52617
28-Jan-22,2.73027,4.21336,4.7072,2.0695,3.24461,1.58576
31-Jan-22,2.7912,4.30142,4.77963,2.07714,3.24671,1.58806
01-Feb-22,2.77654,4.29028,4.73834,2.04517,3.24163,1.58664
02-Feb-22,2.74428,4.23201,4.68922,2.03738,3.23064,1.57473
03-Feb-22,2.78776,4.29431,4.76035,2.0511,3.25214,1.58134
04-Feb-22,2.91718,4.41286,4.94429,2.12002,3.31435,1.61032
07-Feb-22,2.88763,4.36573,4.87799,2.0998,3.24456,1.60038
08-Feb-22,2.92397,4.41865,4.95399,2.09904,3.28781,1.618
09-Feb-22,2.91255,4.4021,4.9628,2.09132,3.27493,1.61111
10-Feb-22,3.25962,4.88072,5.58929,2.3325,3.55703,1.84687
11-Feb-22,3.39706,5.09946,5.90168,2.40961,3.67203,1.89361
14-Feb-22,3.5696,5.33899,6.17244,2.50757,3.81405,1.96068
15-Feb-22,3.47193,5.06868,5.81643,2.3025,3.59379,1.82839
16-Feb-22,3.19731,4.86779,5.60553,2.24547,3.5085,1.721
17-Feb-22,3.19051,4.84177,5.55925,2.24148,3.50449,1.72226
18-Feb-22,3.189,4.81722,5.55558,2.24293,3.50624,1.71955
22-Feb-22,3.20209,4.81882,5.56652,2.14816,3.49977,1.71601
23-Feb-22,3.19755,4.81351,5.5634,2.14389,3.4935,1.71267
24-Feb-22,3.2178,4.85287,5.59807,2.17008,3.53837,1.73678
25-Feb-22,3.20887,4.82667,5.57764,2.14203,3.49016,1.71182
28-Feb-22,3.2244,4.86478,5.59784,2.16689,3.53189,1.73429
01-Mar-22,3.30535,4.99951,5.74196,2.24087,3.64772,1.80215
02-Mar-22,3.36576,4.88799,5.77187,2.2477,3.65034,1.79504
03-Mar-22,3.44143,4.96184,5.84134,2.28859,3.71202,1.8413
04-Mar-22,3.52588,5.08773,6.04277,2.25132,3.70667,1.91749
07-Mar-22,3.57288,5.15452,6.15715,2.27956,3.75576,1.94308
08-Mar-22,3.60395,5.22912,6.26413,2.30556,3.70174,1.95161
09-Mar-22,3.5195,5.10138,6.10151,2.19368,3.52517,1.86947
10-Mar-22,3.45788,5.02849,5.99984,2.18827,3.50907,1.83515
11-Mar-22,3.08423,4.72084,5.69162,1.96623,3.31831,1.80473
14-Mar-22,2.99333,4.57458,5.56193,2.0201,3.30465,1.80704
15-Mar-22,2.97637,4.66113,5.5859,2.05204,3.32095,1.80651
16-Mar-22,3.00255,4.65481,5.69009,2.04919,3.30302,1.77299
17-Mar-22,2.80816,4.34895,5.27538,1.94567,3.1493,1.72946
18-Mar-22,2.97476,4.46864,5.47527,1.97666,3.44215,1.75406
21-Mar-22,3.18094,4.6762,5.77876,2.06409,3.52118,1.80631
22-Mar-22,3.413,5.06557,6.06269,2.25953,3.77741,1.94382
23-Mar-22,3.46187,5.13196,6.1567,2.28988,3.82914,1.97248
24-Mar-22,3.60431,5.35159,6.4359,2.39636,4.08296,2.12357
25-Mar-22,3.80173,5.88251,7.12526,2.70091,4.48468,2.27811
28-Mar-22,4.00325,6.07102,7.42457,2.79488,4.62005,2.32122
29-Mar-22,4.53778,6.02955,7.3019,2.97161,4.77847,2.39635
30-Mar-22,4.85913,5.9415,7.17533,3.08841,4.87507,2.45304
31-Mar-22,4.58922,5.68049,6.67203,2.97045,4.67258,2.41354
01-Apr-22,4.7173,5.81513,7.11197,3.01754,4.74556,2.45978
04-Apr-22,4.59069,5.66381,6.83968,2.93589,4.62252,2.40086
05-Apr-22,4.6847,5.81594,6.99223,3.00925,4.74334,2.47697
06-Apr-22,4.71639,5.86835,6.97559,3.0333,4.80494,2.5541
07-Apr-22,4.20006,5.66189,6.6944,2.83218,4.60732,2.49946
08-Apr-22,4.2049,5.67826,6.74055,2.85628,4.65259,2.52979
11-Apr-22,4.30948,5.73546,6.72526,2.87478,4.69535,2.55643
12-Apr-22,4.14358,5.43776,6.3501,2.70007,4.41399,2.40155
13-Apr-22,4.09495,5.38282,6.28566,2.62191,4.28786,2.34591
14-Apr-22,4.17717,5.50835,6.43843,2.65012,4.33915,2.38038
18-Apr-22,3.92593,5.24656,6.40445,2.63371,4.41898,2.39345
19-Apr-22,3.98247,5.39726,6.53079,2.6987,4.50551,2.40189
20-Apr-22,3.99953,5.4685,6.68827,2.7413,4.57004,2.40471
21-Apr-22,4.19654,5.73538,7.10439,2.89379,4.80962,2.49864
22-Apr-22,4.27982,5.87892,7.26103,2.94634,4.88289,2.5264
25-Apr-22,4.25706,5.84735,7.1692,2.91932,4.83,2.49349
26-Apr-22,4.26257,5.82796,7.06762,2.878,4.76491,2.4787
27-Apr-22,4.30574,5.89246,7.12911,2.92609,4.83771,2.50837
28-Apr-22,4.41167,6.03979,7.34429,3.00764,4.98688,2.60743
29-Apr-22,4.17951,6.10624,7.47215,3.0235,5.01245,2.61597
02-May-22,4.12672,6.11374,7.47982,3.06024,5.09646,2.63701
03-May-22,4.02032,5.99607,7.43385,3.0768,5.2089,2.66
04-May-22,3.87051,5.73131,6.94284,2.94753,4.98921,2.57229
05-May-22,3.87598,5.71012,6.88475,2.96694,5.03464,2.62401
06-May-22,3.96989,5.70713,6.83501,2.99495,5.08498,2.66623
09-May-22,4.07134,5.74599,6.88414,2.98008,5.06233,2.68568
10-May-22,4.0064,5.82793,6.94934,3.01249,5.11309,2.70216
11-May-22,3.83609,5.69706,6.78387,2.93216,4.97977,2.63064
12-May-22,3.89132,5.96503,7.24882,2.98436,5.03,2.68675
13-May-22,3.93864,5.99467,7.28775,2.95515,4.98191,2.67205
16-May-22,3.75313,5.81397,7.06714,2.82864,4.76519,2.59164
17-May-22,3.71585,5.84956,7.11884,2.84347,4.79537,2.59072
18-May-22,3.68645,5.85761,6.99316,2.82006,4.76258,2.58903
19-May-22,3.69243,5.82001,6.94237,2.80644,4.73273,2.5648
20-May-22,3.66333,5.61386,6.87984,2.77062,4.67632,2.52682
23-May-22,3.62968,5.52977,6.76801,2.71106,4.57339,2.4633
24-May-22,3.66316,5.51558,6.75349,2.68876,4.52593,2.41464
25-May-22,3.57359,5.41048,6.62371,2.63091,4.4213,2.35954
26-May-22,3.56248,5.38051,6.62579,2.60825,4.38939,2.32841
27-May-22,3.4662,5.26264,6.47921,2.55362,4.2975,2.26877
31-May-22,3.53769,5.35385,6.19058,2.60588,4.3873,2.31328
01-Jun-22,3.57676,5.45673,6.31686,2.68117,4.51394,2.34524
02-Jun-22,3.54744,5.4286,6.28485,2.63618,4.43124,2.2977
03-Jun-22,3.50532,5.2956,6.28136,2.60428,4.38274,2.27718
06-Jun-22,3.42459,4.93036,6.17425,2.47491,4.43331,2.29357
07-Jun-22,3.39101,4.94194,6.19808,2.48607,4.45594,2.30527
08-Jun-22,3.4293,5.23637,6.32106,2.50032,4.48204,2.32045
09-Jun-22,3.45281,5.31951,6.44095,2.54273,4.55959,2.34955
10-Jun-22,3.7002,5.76406,7.073,2.76859,4.96146,2.52731
13-Jun-22,4.23347,6.57075,8.11858,3.21879,5.71562,2.84356
14-Jun-22,4.32431,6.71664,8.30601,3.25843,5.7666,2.87106
15-Jun-22,4.22132,6.54234,7.99022,3.14857,5.5494,2.74335
16-Jun-22,4.30607,6.68667,8.16614,3.23094,5.70093,3.35517
17-Jun-22,4.34582,6.73626,8.23344,3.22753,5.69512,3.34866
21-Jun-22,4.32882,6.71065,8.13096,3.17174,5.60512,3.31429
22-Jun-22,4.20134,6.47979,7.82163,3.03636,5.37213,3.19088
23-Jun-22,4.15034,6.40752,7.87384,2.9911,5.29509,3.15775
24-Jun-22,4.21906,6.46885,7.90808,3.02544,5.34007,3.17183
27-Jun-22,4.3156,6.59567,8.06936,3.0686,5.41437,3.20597
28-Jun-22,4.29866,6.55689,8.6901,3.05014,5.36231,3.1478
29-Jun-22,4.12259,6.0495,8.0085,2.93605,5.18398,3.07706
30-Jun-22,4.18656,6.06143,7.87667,2.93551,5.16397,3.0595
01-Jul-22,4.32396,6.21511,7.909,3.00838,5.28189,3.14852
05-Jul-22,4.38348,6.32548,8.073,3.11502,5.45617,3.23382
06-Jul-22,4.39079,6.41294,8.30806,3.1296,5.48852,3.23948
07-Jul-22,4.47326,6.49187,8.41476,3.0132,5.5627,3.09991
08-Jul-22,4.14423,6.47108,8.4222,2.99391,5.52427,3.07196
11-Jul-22,4.04914,6.25813,7.57552,2.95177,5.44233,3.02952
12-Jul-22,4.08079,6.28913,7.61062,2.95525,5.44994,3.03704
13-Jul-22,4.0221,6.26086,7.5773,2.90825,5.3634,2.97985
14-Jul-22,4.03515,6.27612,7.59734,2.90787,5.37171,2.98768
15-Jul-22,3.85946,5.89837,7.28952,2.80602,5.19952,2.9073
18-Jul-22,3.82179,5.84857,7.22881,2.80183,5.17979,2.88857
19-Jul-22,3.82267,5.61324,7.23077,2.80647,5.19007,2.88906
20-Jul-22,3.83617,5.62139,7.24423,2.78355,5.1751,2.90554
21-Jul-22,3.84148,5.61656,7.23521,2.77794,5.15848,2.90758
22-Jul-22,3.85449,5.63127,7.257,2.79774,5.1886,2.93324
25-Jul-22,3.79504,5.53312,7.18166,2.73563,5.04579,2.94028
26-Jul-22,3.73675,5.45594,7.08432,2.69934,4.82848,2.89799
27-Jul-22,3.4963,5.11226,6.65631,2.60054,4.63949,2.79086
28-Jul-22,3.48014,5.09124,6.54708,2.55909,4.60696,2.77973
29-Jul-22,3.4502,5.04068,6.47765,2.51344,4.52079,2.71111
01-Aug-22,3.46158,5.01883,6.44863,2.48598,4.47618,2.68321
02-Aug-22,3.75287,5.50494,6.9436,2.70623,4.90873,2.82625
03-Aug-22,3.89665,5.64585,7.10545,2.74767,4.96667,2.83644
04-Aug-22,3.83358,5.57461,7.21973,2.72957,4.92265,2.81575
05-Aug-22,3.8584,5.6937,7.37122,2.73881,5.0259,2.83195
08-Aug-22,3.86927,5.64377,7.31056,2.72553,5.00026,2.81773
09-Aug-22,3.98714,5.77236,7.71762,2.77825,5.07584,2.83191
10-Aug-22,3.7037,5.40445,7.24905,2.63325,4.84192,2.74108
11-Aug-22,3.5382,5.24655,7.04341,2.55041,4.70841,2.69315
12-Aug-22,3.52987,5.10225,6.8782,2.49924,4.63589,2.6652
15-Aug-22,3.47942,5.01042,6.75211,2.45389,4.56091,2.64004
16-Aug-22,3.54819,5.31136,6.84841,2.48251,4.6205,2.67813
17-Aug-22,3.67786,5.50705,7.10515,2.55207,4.7645,2.76602
18-Aug-22,3.6922,5.56637,7.1844,2.58412,4.82766,2.80766
19-Aug-22,3.67977,5.64648,7.31762,2.64261,4.96063,2.91045
22-Aug-22,3.87019,5.8435,7.56052,2.75483,5.16139,3.00534
23-Aug-22,3.72843,5.75555,7.46685,2.73234,5.1294,3.00146
24-Aug-22,3.73578,5.78065,7.51114,2.74008,5.18971,3.10542
25-Aug-22,3.62983,5.58219,7.23686,2.66909,5.06072,3.02639
26-Aug-22,3.43114,5.32884,6.98705,2.53334,4.96136,2.85925
29-Aug-22,3.36613,5.2682,6.91905,2.5649,5.0352,2.91078
30-Aug-22,3.43755,5.49035,6.95885,2.60567,5.24537,2.9658
31-Aug-22,3.36389,5.43063,6.8796,2.59008,5.22509,2.97404
01-Sep-22,3.31308,5.44744,6.92067,2.57552,5.23812,3.03054
02-Sep-22,3.17587,5.25387,6.67931,2.47064,5.04914,2.9951
06-Sep-22,3.28906,5.57813,6.9391,2.57298,5.25743,3.10934
07-Sep-22,3.24308,5.49038,6.82049,2.53397,5.17603,3.07267
08-Sep-22,3.19114,5.41353,6.70293,2.50385,5.12212,3.06162
09-Sep-22,3.1948,5.41803,6.6953,2.4963,5.11169,3.05735
12-Sep-22,3.12061,5.31723,6.58559,2.44723,5.01227,3.02721
13-Sep-22,3.34725,5.59595,6.91485,2.53694,5.20302,3.10129
14-Sep-22,3.4771,5.68985,7.03815,2.53324,5.19639,3.10581
15-Sep-22,3.6039,5.84229,7.22158,2.56748,5.27766,3.19896
16-Sep-22,3.6452,5.93537,7.34515,2.58953,5.3152,3.19334
19-Sep-22,3.72268,5.99632,7.43134,2.61404,5.3707,3.23428
20-Sep-22,3.66651,6.00872,7.44824,2.62192,5.38875,3.2437
21-Sep-22,3.69485,5.81168,7.21511,2.53032,5.20084,3.14118
22-Sep-22,3.70234,5.92872,7.38447,2.59836,5.33755,3.20017
23-Sep-22,4.06531,6.29119,7.89676,2.772,5.651,3.31396
26-Sep-22,4.14037,6.68508,8.3806,2.98196,6.06918,3.57548
27-Sep-22,4.08064,6.84538,8.55819,3.06907,6.23453,3.63375
28-Sep-22,4.1185,6.80511,8.53254,3.06181,6.19518,3.55138
29-Sep-22,4.08665,6.73342,8.44652,3.01881,6.10563,3.5157
30-Sep-22,3.95605,6.73556,8.27375,2.96746,5.99865,3.45154
03-Oct-22,4.06439,6.75333,8.28417,2.96662,5.97192,3.38896
04-Oct-22,4.02925,6.60572,8.10125,2.90272,5.83951,3.30756
05-Oct-22,4.071,6.64033,8.14165,3.21857,5.96439,3.40624
06-Oct-22,4.07704,6.6243,8.1267,3.22061,5.98119,3.44979
07-Oct-22,4.11141,6.61338,8.11351,3.23376,6.01178,3.48521
11-Oct-22,4.08913,6.64169,8.13098,3.26023,6.08058,3.56543
12-Oct-22,4.11598,6.69762,8.17689,3.2923,6.15185,3.63657
13-Oct-22,4.2816,6.69071,8.18089,3.29626,6.16113,3.65435
14-Oct-22,4.33988,6.7033,8.20938,3.29973,6.16637,3.65847
17-Oct-22,4.22599,6.60361,8.06501,3.24571,6.06676,3.59089
18-Oct-22,4.14028,6.50171,7.92903,3.19787,5.9768,3.53644
19-Oct-22,4.17764,6.62144,8.08362,3.25018,6.07473,3.60308
20-Oct-22,4.51183,6.91263,8.31094,3.33484,6.23467,3.70388
21-Oct-22,4.35278,6.82115,8.19426,3.29591,6.17261,3.63931
24-Oct-22,4.39626,6.8098,8.19741,3.2759,6.17194,3.6067
25-Oct-22,4.27882,6.56588,7.89935,3.16433,5.96093,3.49432
26-Oct-22,4.15719,6.36339,7.64381,3.06898,5.77604,3.39356
27-Oct-22,4.06435,6.56835,7.82026,3.0249,5.68445,3.36971
28-Oct-22,4.11938,6.6365,7.91236,3.05826,5.75109,3.41875
31-Oct-22,4.17245,6.6282,7.9385,3.08528,5.79797,3.47085
01-Nov-22,4.2003,6.59478,7.93421,3.07664,5.78547,3.44959
02-Nov-22,4.14874,6.40986,7.7266,2.99168,5.62679,3.35416
03-Nov-22,4.25623,6.47579,7.84436,3.0267,5.69595,3.38914
04-Nov-22,4.07818,6.31443,7.63234,2.94787,5.54927,3.299
07-Nov-22,4.05204,6.22927,7.52742,2.91169,5.48035,3.25997
08-Nov-22,4.00865,6.10431,7.37145,2.85461,5.3694,3.18873
09-Nov-22,3.94967,6.0874,7.34304,2.8449,5.34857,3.16207
10-Nov-22,3.76214,5.82188,6.99637,2.72181,5.11077,3.02306
14-Nov-22,3.81876,5.88062,7.10098,2.7168,5.10162,3.0005
15-Nov-22,3.87448,5.96826,7.21148,2.7665,5.18289,3.00323
16-Nov-22,3.99794,6.01845,7.44639,2.77878,5.20309,3.00842
17-Nov-22,4.12409,6.16568,7.6309,2.84496,5.44837,3.25986
18-Nov-22,4.0825,6.24061,7.73218,2.87981,5.48997,3.36693
21-Nov-22,4.11975,6.29641,7.8134,2.90345,5.53383,3.38319
22-Nov-22,4.22392,6.4205,7.97618,2.95796,5.62132,3.40001
23-Nov-22,4.32162,6.51096,8.10161,2.98491,5.67771,3.44208
25-Nov-22,4.34075,6.54679,8.14445,2.99655,5.70018,3.45624
28-Nov-22,4.33652,6.5451,8.14225,2.99142,5.69092,3.45146
29-Nov-22,4.1536,6.48469,8.05645,2.96516,5.64446,3.43408
30-Nov-22,4.04015,6.36217,7.8771,2.91158,5.53441,3.35621
01-Dec-22,3.97598,6.23542,7.72555,2.84068,5.40838,3.30491
02-Dec-22,4.0281,6.28434,7.77577,2.98097,5.71184,3.34669
05-Dec-22,4.10781,6.40066,7.93559,3.03736,5.82612,3.41659
06-Dec-22,4.15062,6.44083,7.9973,3.05799,5.86611,3.43782
07-Dec-22,4.24008,6.5609,8.14383,3.13531,6.02167,3.54745
08-Dec-22,4.17595,6.51455,8.08065,3.11276,6.0996,3.73041
09-Dec-22,4.15771,6.53333,8.09154,3.12044,6.11433,3.76342
12-Dec-22,4.19377,6.5779,8.17918,3.13998,6.16549,3.78817
13-Dec-22,3.97681,6.32128,7.83048,3.0347,6.01214,3.67667
14-Dec-22,3.72781,5.92061,7.42179,2.8388,5.62367,3.42677
15-Dec-22,3.63581,5.77091,7.23218,2.7706,5.48752,3.349
16-Dec-22,3.67669,5.86869,7.4422,2.80319,5.57497,3.42378
19-Dec-22,3.75413,6.00555,7.62668,2.83434,5.64247,3.47645
20-Dec-22,3.84424,6.1485,7.88612,2.90781,5.78942,3.55487
21-Dec-22,3.82943,6.12837,7.84694,2.90439,5.78056,3.54818
22-Dec-22,3.82116,6.12465,7.8501,2.88218,5.74133,3.543
23-Dec-22,3.85532,6.17774,7.9225,2.91079,5.80008,3.57287
27-Dec-22,3.93179,6.30432,8.09069,2.97103,5.92452,3.65311
28-Dec-22,3.94837,6.33599,8.12562,2.98571,5.95467,3.67251
29-Dec-22,3.95203,6.33882,8.14088,2.98747,5.96076,3.67626
30-Dec-22,3.97883,6.37575,8.18556,3.014,6.01011,3.70199
03-Jan-23,3.84615,6.15514,7.89863,2.91084,5.79814,3.56642
04-Jan-23,3.77614,6.03764,7.74674,2.85518,5.68374,3.49823
05-Jan-23,3.73051,5.96309,7.66101,2.81294,5.60077,3.45388
06-Jan-23,3.55883,5.68792,7.23085,2.68765,5.32469,3.30276
09-Jan-23,3.45932,5.53983,7.02609,2.61489,5.17894,3.23195